{"data":[{"id":"1380161789967622151","author_id":"916037405987233792","lang":"en","text":"Getaway with your bestie for a #ButterDay at @BottleRockNapa with presenting sponsor @JaMCellars #ButterChardonnay  ENTER TO WIN! https://t.co/6fOKFE6Yuv","source":"Twitter Web App","entities":{"mentions":[{"start":45,"end":60,"username":"BottleRockNapa"},{"start":85,"end":96,"username":"JaMCellars"}],"urls":[{"start":130,"end":153,"url":"https://t.co/6fOKFE6Yuv","expanded_url":"https://ul.ink/X14P-9J9DVP_t","display_url":"ul.ink/X14P-9J9DVP_t"}],"hashtags":[{"start":31,"end":41,"tag":"ButterDay"},{"start":97,"end":114,"tag":"ButterChardonnay"}]},"created_at":"2021-04-08T14:13:07.000Z","reply_settings":"everyone","public_metrics":{"retweet_count":0,"reply_count":0,"like_count":0,"quote_count":0}},{"id":"1380081331258978311","author_id":"1017390478797492224","lang":"en","text":"Getaway with your bestie for a #ButterDay at @BottleRockNapa with presenting sponsor @JaMCellars #ButterChardonnay  ENTER TO WIN! https://t.co/s0LmjTQbcf","source":"Twitter Web App","entities":{"mentions":[{"start":45,"end":60,"username":"BottleRockNapa"},{"start":85,"end":96,"username":"JaMCellars"}],"urls":[{"start":130,"end":153,"url":"https://t.co/s0LmjTQbcf","expanded_url":"https://ul.ink/X148-9J8852_t","display_url":"ul.ink/X148-9J8852_t"}],"hashtags":[{"start":31,"end":41,"tag":"ButterDay"},{"start":97,"end":114,"tag":"ButterChardonnay"}]},"created_at":"2021-04-08T08:53:24.000Z","reply_settings":"everyone","public_metrics":{"retweet_count":0,"reply_count":0,"like_count":0,"quote_count":0}},{"id":"1380079022403694593","author_id":"1017390478797492224","lang":"en","text":"Getaway with your bestie for a #ButterDay at @BottleRockNapa with presenting sponsor @JaMCellars #ButterChardonnay  ENTER TO WIN! https://t.co/e2jPM09bgi","source":"Twitter Web App","entities":{"mentions":[{"start":45,"end":60,"username":"BottleRockNapa"},{"start":85,"end":96,"username":"JaMCellars"}],"urls":[{"start":130,"end":153,"url":"https://t.co/e2jPM09bgi","expanded_url":"https://ul.ink/X146-9J880M_t","display_url":"ul.ink/X146-9J880M_t"}],"hashtags":[{"start":31,"end":41,"tag":"ButterDay"},{"start":97,"end":114,"tag":"ButterChardonnay"}]},"created_at":"2021-04-08T08:44:14.000Z","reply_settings":"everyone","public_metrics":{"retweet_count":0,"reply_count":0,"like_count":0,"quote_count":0}},{"id":"1380054637210787849","author_id":"2506115022","lang":"in","text":"@106KMEL @RyanSeacrest  @CountyofNapa @BottleRockNapa @VisitNapaValley @NapaParksandRec @NAPAofficial @Napadowntown \n@BeliatheSupe @dianeldillon \n\nask selana https://t.co/QgLld78KyW","source":"Twitter Web App","entities":{"mentions":[{"start":0,"end":8,"username":"106KMEL"},{"start":9,"end":22,"username":"RyanSeacrest"},{"start":24,"end":37,"username":"CountyofNapa"},{"start":38,"end":53,"username":"BottleRockNapa"},{"start":54,"end":70,"username":"VisitNapaValley"},{"start":71,"end":87,"username":"NapaParksandRec"},{"start":88,"end":101,"username":"NAPAofficial"},{"start":102,"end":115,"username":"Napadowntown"},{"start":117,"end":130,"username":"BeliatheSupe"},{"start":131,"end":144,"username":"dianeldillon"}],"urls":[{"start":158,"end":181,"url":"https://t.co/QgLld78KyW","expanded_url":"https://twitter.com/zwy8059/status/1380040263297495042","display_url":"twitter.com/zwy8059/status…"}]},"created_at":"2021-04-08T07:07:20.000Z","in_reply_to_user_id":"19197110","reply_settings":"everyone","public_metrics":{"retweet_count":0,"reply_count":0,"like_count":0,"quote_count":0}},{"id":"1380024459785076736","author_id":"4279997714","lang":"en","text":"Getaway with your bestie for a #ButterDay at @BottleRockNapa with presenting sponsor @JaMCellars #ButterChardonnay  ENTER TO WIN! https://t.co/8IsnwMgC1q","source":"Twitter Web App","entities":{"mentions":[{"start":45,"end":60,"username":"BottleRockNapa"},{"start":85,"end":96,"username":"JaMCellars"}],"urls":[{"start":130,"end":153,"url":"https://t.co/8IsnwMgC1q","expanded_url":"https://ul.ink/X14P-9J84DG_t","display_url":"ul.ink/X14P-9J84DG_t"}],"hashtags":[{"start":31,"end":41,"tag":"ButterDay"},{"start":97,"end":114,"tag":"ButterChardonnay"}]},"created_at":"2021-04-08T05:07:25.000Z","reply_settings":"everyone","public_metrics":{"retweet_count":0,"reply_count":0,"like_count":0,"quote_count":0}},{"id":"1379996671321366529","author_id":"1328801467487186951","lang":"en","text":"Getaway with your bestie for a #ButterDay at @BottleRockNapa with presenting sponsor @JaMCellars #ButterChardonnay  ENTER TO WIN! https://t.co/PujzYnZVIy","source":"Twitter for Android","entities":{"mentions":[{"start":45,"end":60,"username":"BottleRockNapa"},{"start":85,"end":96,"username":"JaMCellars"}],"urls":[{"start":130,"end":153,"url":"https://t.co/PujzYnZVIy","expanded_url":"https://ul.ink/X14M-9J7ZEM_t","display_url":"ul.ink/X14M-9J7ZEM_t"}],"hashtags":[{"start":31,"end":41,"tag":"ButterDay"},{"start":97,"end":114,"tag":"ButterChardonnay"}]},"created_at":"2021-04-08T03:17:00.000Z","reply_settings":"everyone","public_metrics":{"retweet_count":0,"reply_count":0,"like_count":0,"quote_count":0}},{"id":"1379994633699262464","author_id":"16811880","lang":"en","text":"Getaway with your bestie for a #ButterDay at @BottleRockNapa with presenting sponsor @JaMCellars #ButterChardonnay  ENTER TO WIN! https://t.co/jeIbL7IQFx","source":"Twitter Web App","entities":{"mentions":[{"start":45,"end":60,"username":"BottleRockNapa"},{"start":85,"end":96,"username":"JaMCellars"}],"urls":[{"start":130,"end":153,"url":"https://t.co/jeIbL7IQFx","expanded_url":"https://ul.ink/X146-9J7Z3R_t","display_url":"ul.ink/X146-9J7Z3R_t"}],"hashtags":[{"start":31,"end":41,"tag":"ButterDay"},{"start":97,"end":114,"tag":"ButterChardonnay"}]},"created_at":"2021-04-08T03:08:54.000Z","reply_settings":"everyone","public_metrics":{"retweet_count":0,"reply_count":0,"like_count":0,"quote_count":0}},{"id":"1379892528640483329","author_id":"93757369","lang":"en","text":"Getaway with your bestie for a #ButterDay at @BottleRockNapa with presenting sponsor @JaMCellars #ButterChardonnay  ENTER TO WIN! https://t.co/cHCnzMmhtK","source":"Twitter Web App","entities":{"mentions":[{"start":45,"end":60,"username":"BottleRockNapa"},{"start":85,"end":96,"username":"JaMCellars"}],"urls":[{"start":130,"end":153,"url":"https://t.co/cHCnzMmhtK","expanded_url":"https://ul.ink/X148-9J6RE6_t","display_url":"ul.ink/X148-9J6RE6_t"}],"hashtags":[{"start":31,"end":41,"tag":"ButterDay"},{"start":97,"end":114,"tag":"ButterChardonnay"}]},"created_at":"2021-04-07T20:23:10.000Z","reply_settings":"everyone","public_metrics":{"retweet_count":0,"reply_count":0,"like_count":0,"quote_count":0}},{"id":"1379865899809800205","author_id":"248270245","lang":"en","text":"Getaway with your bestie for a #ButterDay at @BottleRockNapa with presenting sponsor @JaMCellars #ButterChardonnay  ENTER TO WIN! https://t.co/V3muLlVUnU","source":"Twitter Web App","entities":{"mentions":[{"start":45,"end":60,"username":"BottleRockNapa"},{"start":85,"end":96,"username":"JaMCellars"}],"urls":[{"start":130,"end":153,"url":"https://t.co/V3muLlVUnU","expanded_url":"https://ul.ink/X144-9J6CX0_t","display_url":"ul.ink/X144-9J6CX0_t"}],"hashtags":[{"start":31,"end":41,"tag":"ButterDay"},{"start":97,"end":114,"tag":"ButterChardonnay"}]},"created_at":"2021-04-07T18:37:21.000Z","reply_settings":"everyone","public_metrics":{"retweet_count":0,"reply_count":0,"like_count":0,"quote_count":0}},{"id":"1379735752796475392","author_id":"1017390478797492224","lang":"en","text":"Getaway with your bestie for a #ButterDay at @BottleRockNapa with presenting sponsor @JaMCellars #ButterChardonnay  ENTER TO WIN! https://t.co/IBbKt6tNRF","source":"Twitter Web App","entities":{"mentions":[{"start":45,"end":60,"username":"BottleRockNapa"},{"start":85,"end":96,"username":"JaMCellars"}],"urls":[{"start":130,"end":153,"url":"https://t.co/IBbKt6tNRF","expanded_url":"https://ul.ink/X148-9J48FW_t","display_url":"ul.ink/X148-9J48FW_t"}],"hashtags":[{"start":31,"end":41,"tag":"ButterDay"},{"start":97,"end":114,"tag":"ButterChardonnay"}]},"created_at":"2021-04-07T10:00:12.000Z","reply_settings":"everyone","public_metrics":{"retweet_count":0,"reply_count":0,"like_count":0,"quote_count":0}},{"id":"1379731110083579906","author_id":"1017390478797492224","lang":"en","text":"Getaway with your bestie for a #ButterDay at @BottleRockNapa with presenting sponsor @JaMCellars #ButterChardonnay  ENTER TO WIN! https://t.co/gSD2ltgcam","source":"Twitter Web App","entities":{"mentions":[{"start":45,"end":60,"username":"BottleRockNapa"},{"start":85,"end":96,"username":"JaMCellars"}],"urls":[{"start":130,"end":153,"url":"https://t.co/gSD2ltgcam","expanded_url":"https://ul.ink/X146-9J47X0_t","display_url":"ul.ink/X146-9J47X0_t"}],"hashtags":[{"start":31,"end":41,"tag":"ButterDay"},{"start":97,"end":114,"tag":"ButterChardonnay"}]},"created_at":"2021-04-07T09:41:45.000Z","reply_settings":"everyone","public_metrics":{"retweet_count":0,"reply_count":0,"like_count":0,"quote_count":0}},{"id":"1379700279889731587","author_id":"23278790","lang":"en","text":"Can a wine daddy take me and my 3 friends to bottlecock? I mean @BottleRockNapa","source":"Twitter for iPhone","entities":{"mentions":[{"start":64,"end":79,"username":"BottleRockNapa"}]},"created_at":"2021-04-07T07:39:14.000Z","reply_settings":"everyone","public_metrics":{"retweet_count":0,"reply_count":0,"like_count":1,"quote_count":0}},{"id":"1379633473623879690","author_id":"16811880","lang":"en","text":"Getaway with your bestie for a #ButterDay at @BottleRockNapa with presenting sponsor @JaMCellars #ButterChardonnay  ENTER TO WIN! https://t.co/V950JLicR0","source":"Twitter Web App","entities":{"mentions":[{"start":45,"end":60,"username":"BottleRockNapa"},{"start":85,"end":96,"username":"JaMCellars"}],"urls":[{"start":130,"end":153,"url":"https://t.co/V950JLicR0","expanded_url":"https://ul.ink/X14E-9J3XFE_t","display_url":"ul.ink/X14E-9J3XFE_t"}],"hashtags":[{"start":31,"end":41,"tag":"ButterDay"},{"start":97,"end":114,"tag":"ButterChardonnay"}]},"created_at":"2021-04-07T03:13:47.000Z","reply_settings":"everyone","public_metrics":{"retweet_count":0,"reply_count":0,"like_count":1,"quote_count":0}},{"id":"1379631879394054145","author_id":"16811880","lang":"en","text":"Getaway with your bestie for a #ButterDay at @BottleRockNapa with presenting sponsor @JaMCellars #ButterChardonnay  ENTER TO WIN! https://t.co/iyzBvbZXVG","source":"Twitter Web App","entities":{"mentions":[{"start":45,"end":60,"username":"BottleRockNapa"},{"start":85,"end":96,"username":"JaMCellars"}],"urls":[{"start":130,"end":153,"url":"https://t.co/iyzBvbZXVG","expanded_url":"https://ul.ink/X146-9J3X4C_t","display_url":"ul.ink/X146-9J3X4C_t"}],"hashtags":[{"start":31,"end":41,"tag":"ButterDay"},{"start":97,"end":114,"tag":"ButterChardonnay"}]},"created_at":"2021-04-07T03:07:27.000Z","reply_settings":"everyone","public_metrics":{"retweet_count":0,"reply_count":0,"like_count":1,"quote_count":0}},{"id":"1379568927148101633","author_id":"22721907","lang":"en","text":"@BottleRockNapa any update on the 2021 lineup?","source":"Twitter for Android","entities":{"mentions":[{"start":0,"end":15,"username":"BottleRockNapa"}]},"created_at":"2021-04-06T22:57:18.000Z","in_reply_to_user_id":"1007391884","reply_settings":"everyone","public_metrics":{"retweet_count":0,"reply_count":1,"like_count":0,"quote_count":0}},{"id":"1379515762734460935","author_id":"248270245","lang":"en","text":"Getaway with your bestie for a #ButterDay at @BottleRockNapa with presenting sponsor @JaMCellars #ButterChardonnay  ENTER TO WIN! https://t.co/dOjuauKcL9","source":"Twitter Web App","entities":{"mentions":[{"start":45,"end":60,"username":"BottleRockNapa"},{"start":85,"end":96,"username":"JaMCellars"}],"urls":[{"start":130,"end":153,"url":"https://t.co/dOjuauKcL9","expanded_url":"https://ul.ink/X144-9J2FHP_t","display_url":"ul.ink/X144-9J2FHP_t"}],"hashtags":[{"start":31,"end":41,"tag":"ButterDay"},{"start":97,"end":114,"tag":"ButterChardonnay"}]},"created_at":"2021-04-06T19:26:02.000Z","reply_settings":"everyone","public_metrics":{"retweet_count":0,"reply_count":0,"like_count":0,"quote_count":0}},{"id":"1379483700145033216","author_id":"27266937","lang":"en","text":"@lukestruts of @thestruts at @bottlerocknapa #rocknroll#bands#cool#rocker#rocknroll#lukespiller#lukestruts#vocals#singer#badass#goodvibes #healing #peace #love #unity #family @ BottleRock Napa Valley https://t.co/QEmhbGX3hK","source":"Instagram","entities":{"mentions":[{"start":0,"end":11,"username":"LukeStruts"},{"start":15,"end":25,"username":"TheStruts"},{"start":29,"end":44,"username":"BottleRockNapa"}],"urls":[{"start":200,"end":223,"url":"https://t.co/QEmhbGX3hK","expanded_url":"https://www.instagram.com/p/CNVSap7MuqG/?igshid=gyhyhn6wzp70","display_url":"instagram.com/p/CNVSap7MuqG/…"}],"hashtags":[{"start":138,"end":146,"tag":"healing"},{"start":147,"end":153,"tag":"peace"},{"start":154,"end":159,"tag":"love"},{"start":160,"end":166,"tag":"unity"},{"start":167,"end":174,"tag":"family"}]},"created_at":"2021-04-06T17:18:38.000Z","in_reply_to_user_id":"222780972","reply_settings":"everyone","public_metrics":{"retweet_count":1,"reply_count":0,"like_count":1,"quote_count":0}},{"id":"1379432632371404801","author_id":"1328063922184876044","lang":"en","text":"Getaway with your bestie for a #ButterDay at @BottleRockNapa with presenting sponsor @JaMCellars #ButterChardonnay  ENTER TO WIN! https://t.co/sqI1PLsvHg","source":"Twitter Web App","entities":{"mentions":[{"start":45,"end":60,"username":"BottleRockNapa"},{"start":85,"end":96,"username":"JaMCellars"}],"urls":[{"start":130,"end":153,"url":"https://t.co/sqI1PLsvHg","expanded_url":"https://ul.ink/X14M-9J15P4_t","display_url":"ul.ink/X14M-9J15P4_t"}],"hashtags":[{"start":31,"end":41,"tag":"ButterDay"},{"start":97,"end":114,"tag":"ButterChardonnay"}]},"created_at":"2021-04-06T13:55:42.000Z","reply_settings":"everyone","public_metrics":{"retweet_count":0,"reply_count":0,"like_count":0,"quote_count":0}},{"id":"1379410118400483330","author_id":"2207997745","lang":"en","text":"Getaway with your bestie for a #ButterDay at @BottleRockNapa with presenting sponsor @JaMCellars #ButterChardonnay  ENTER TO WIN! https://t.co/MdL88JIGdj","source":"Twitter Web App","entities":{"mentions":[{"start":45,"end":60,"username":"BottleRockNapa"},{"start":85,"end":96,"username":"JaMCellars"}],"urls":[{"start":130,"end":153,"url":"https://t.co/MdL88JIGdj","expanded_url":"https://ul.ink/X14M-9J0PPW_t","display_url":"ul.ink/X14M-9J0PPW_t"}],"hashtags":[{"start":31,"end":41,"tag":"ButterDay"},{"start":97,"end":114,"tag":"ButterChardonnay"}]},"created_at":"2021-04-06T12:26:15.000Z","reply_settings":"everyone","public_metrics":{"retweet_count":0,"reply_count":0,"like_count":0,"quote_count":0}},{"id":"1379382491031740424","author_id":"1017390478797492224","lang":"en","text":"Getaway with your bestie for a #ButterDay at @BottleRockNapa with presenting sponsor @JaMCellars #ButterChardonnay  ENTER TO WIN! https://t.co/66eKWKREgK","source":"Twitter Web App","entities":{"mentions":[{"start":45,"end":60,"username":"BottleRockNapa"},{"start":85,"end":96,"username":"JaMCellars"}],"urls":[{"start":130,"end":153,"url":"https://t.co/66eKWKREgK","expanded_url":"https://ul.ink/X148-9J0AXG_t","display_url":"ul.ink/X148-9J0AXG_t"}],"hashtags":[{"start":31,"end":41,"tag":"ButterDay"},{"start":97,"end":114,"tag":"ButterChardonnay"}]},"created_at":"2021-04-06T10:36:28.000Z","reply_settings":"everyone","public_metrics":{"retweet_count":0,"reply_count":0,"like_count":0,"quote_count":0}},{"id":"1379380189440917508","author_id":"1017390478797492224","lang":"en","text":"Getaway with your bestie for a #ButterDay at @BottleRockNapa with presenting sponsor @JaMCellars #ButterChardonnay  ENTER TO WIN! https://t.co/UruYhb36jW","source":"Twitter Web App","entities":{"mentions":[{"start":45,"end":60,"username":"BottleRockNapa"},{"start":85,"end":96,"username":"JaMCellars"}],"urls":[{"start":130,"end":153,"url":"https://t.co/UruYhb36jW","expanded_url":"https://ul.ink/X146-9J0A9W_t","display_url":"ul.ink/X146-9J0A9W_t"}],"hashtags":[{"start":31,"end":41,"tag":"ButterDay"},{"start":97,"end":114,"tag":"ButterChardonnay"}]},"created_at":"2021-04-06T10:27:19.000Z","reply_settings":"everyone","public_metrics":{"retweet_count":0,"reply_count":0,"like_count":0,"quote_count":0}},{"id":"1379244524317372418","author_id":"16811880","lang":"en","text":"Getaway with your bestie for a #ButterDay at @BottleRockNapa with presenting sponsor @JaMCellars #ButterChardonnay  ENTER TO WIN! https://t.co/fSGKzTyejc","source":"Twitter Web App","entities":{"mentions":[{"start":45,"end":60,"username":"BottleRockNapa"},{"start":85,"end":96,"username":"JaMCellars"}],"urls":[{"start":130,"end":153,"url":"https://t.co/fSGKzTyejc","expanded_url":"https://ul.ink/X14E-9HZQNJ_t","display_url":"ul.ink/X14E-9HZQNJ_t"}],"hashtags":[{"start":31,"end":41,"tag":"ButterDay"},{"start":97,"end":114,"tag":"ButterChardonnay"}]},"created_at":"2021-04-06T01:28:14.000Z","reply_settings":"everyone","public_metrics":{"retweet_count":0,"reply_count":0,"like_count":0,"quote_count":0}},{"id":"1379243136640294912","author_id":"16811880","lang":"en","text":"Getaway with your bestie for a #ButterDay at @BottleRockNapa with presenting sponsor @JaMCellars #ButterChardonnay  ENTER TO WIN! https://t.co/NQMVLi63XV","source":"Twitter Web App","entities":{"mentions":[{"start":45,"end":60,"username":"BottleRockNapa"},{"start":85,"end":96,"username":"JaMCellars"}],"urls":[{"start":130,"end":153,"url":"https://t.co/NQMVLi63XV","expanded_url":"https://ul.ink/X146-9HZQ7R_t","display_url":"ul.ink/X146-9HZQ7R_t"}],"hashtags":[{"start":31,"end":41,"tag":"ButterDay"},{"start":97,"end":114,"tag":"ButterChardonnay"}]},"created_at":"2021-04-06T01:22:43.000Z","reply_settings":"everyone","public_metrics":{"retweet_count":0,"reply_count":0,"like_count":0,"quote_count":0}},{"id":"1379201319479689216","author_id":"87281989","lang":"en","text":"Getaway with your bestie for a #ButterDay at @BottleRockNapa with presenting sponsor @JaMCellars #ButterChardonnay  ENTER TO WIN! https://t.co/HFc6jjNC7J","source":"Twitter for Android","entities":{"mentions":[{"start":45,"end":60,"username":"BottleRockNapa"},{"start":85,"end":96,"username":"JaMCellars"}],"urls":[{"start":130,"end":153,"url":"https://t.co/HFc6jjNC7J","expanded_url":"https://ul.ink/X14G-9HZ6DR_t","display_url":"ul.ink/X14G-9HZ6DR_t"}],"hashtags":[{"start":31,"end":41,"tag":"ButterDay"},{"start":97,"end":114,"tag":"ButterChardonnay"}]},"created_at":"2021-04-05T22:36:33.000Z","reply_settings":"everyone","public_metrics":{"retweet_count":0,"reply_count":0,"like_count":0,"quote_count":0}},{"id":"1379144500044562434","author_id":"248270245","lang":"en","text":"Getaway with your bestie for a #ButterDay at @BottleRockNapa with presenting sponsor @JaMCellars #ButterChardonnay  ENTER TO WIN! https://t.co/t0OtAzmzOa","source":"Twitter Web App","entities":{"mentions":[{"start":45,"end":60,"username":"BottleRockNapa"},{"start":85,"end":96,"username":"JaMCellars"}],"urls":[{"start":130,"end":153,"url":"https://t.co/t0OtAzmzOa","expanded_url":"https://ul.ink/X144-9HYF30_t","display_url":"ul.ink/X144-9HYF30_t"}],"hashtags":[{"start":31,"end":41,"tag":"ButterDay"},{"start":97,"end":114,"tag":"ButterChardonnay"}]},"created_at":"2021-04-05T18:50:46.000Z","reply_settings":"everyone","public_metrics":{"retweet_count":0,"reply_count":0,"like_count":0,"quote_count":0}},{"id":"1379114819622739968","author_id":"1017390478797492224","lang":"en","text":"Getaway with your bestie for a #ButterDay at @BottleRockNapa with presenting sponsor @JaMCellars #ButterChardonnay  ENTER TO WIN! https://t.co/IzMt3O0RuZ","source":"Twitter Web App","entities":{"mentions":[{"start":45,"end":60,"username":"BottleRockNapa"},{"start":85,"end":96,"username":"JaMCellars"}],"urls":[{"start":130,"end":153,"url":"https://t.co/IzMt3O0RuZ","expanded_url":"https://ul.ink/X148-9HY1KJ_t","display_url":"ul.ink/X148-9HY1KJ_t"}],"hashtags":[{"start":31,"end":41,"tag":"ButterDay"},{"start":97,"end":114,"tag":"ButterChardonnay"}]},"created_at":"2021-04-05T16:52:50.000Z","reply_settings":"everyone","public_metrics":{"retweet_count":0,"reply_count":0,"like_count":0,"quote_count":0}},{"id":"1379105847221968897","author_id":"93757369","lang":"en","text":"Getaway with your bestie for a #ButterDay at @BottleRockNapa with presenting sponsor @JaMCellars #ButterChardonnay  ENTER TO WIN! https://t.co/fBIEZNVp32","source":"Twitter Web App","entities":{"mentions":[{"start":45,"end":60,"username":"BottleRockNapa"},{"start":85,"end":96,"username":"JaMCellars"}],"urls":[{"start":130,"end":153,"url":"https://t.co/fBIEZNVp32","expanded_url":"https://ul.ink/X148-9HXX7G_t","display_url":"ul.ink/X148-9HXX7G_t"}],"hashtags":[{"start":31,"end":41,"tag":"ButterDay"},{"start":97,"end":114,"tag":"ButterChardonnay"}]},"created_at":"2021-04-05T16:17:11.000Z","reply_settings":"everyone","public_metrics":{"retweet_count":0,"reply_count":0,"like_count":0,"quote_count":0}},{"id":"1379100551712026627","author_id":"2207997745","lang":"en","text":"Getaway with your bestie for a #ButterDay at @BottleRockNapa with presenting sponsor @JaMCellars #ButterChardonnay  ENTER TO WIN! https://t.co/7hwB0jrwXJ","source":"Twitter Web App","entities":{"mentions":[{"start":45,"end":60,"username":"BottleRockNapa"},{"start":85,"end":96,"username":"JaMCellars"}],"urls":[{"start":130,"end":153,"url":"https://t.co/7hwB0jrwXJ","expanded_url":"https://ul.ink/X14M-9HXTAT_t","display_url":"ul.ink/X14M-9HXTAT_t"}],"hashtags":[{"start":31,"end":41,"tag":"ButterDay"},{"start":97,"end":114,"tag":"ButterChardonnay"}]},"created_at":"2021-04-05T15:56:08.000Z","reply_settings":"everyone","public_metrics":{"retweet_count":0,"reply_count":0,"like_count":0,"quote_count":0}},{"id":"1379022947214589953","author_id":"1017390478797492224","lang":"en","text":"Getaway with your bestie for a #ButterDay at @BottleRockNapa with presenting sponsor @JaMCellars #ButterChardonnay  ENTER TO WIN! https://t.co/vkU59TKbvD","source":"Twitter Web App","entities":{"mentions":[{"start":45,"end":60,"username":"BottleRockNapa"},{"start":85,"end":96,"username":"JaMCellars"}],"urls":[{"start":130,"end":153,"url":"https://t.co/vkU59TKbvD","expanded_url":"https://ul.ink/X146-9HWJNG_t","display_url":"ul.ink/X146-9HWJNG_t"}],"hashtags":[{"start":31,"end":41,"tag":"ButterDay"},{"start":97,"end":114,"tag":"ButterChardonnay"}]},"created_at":"2021-04-05T10:47:46.000Z","reply_settings":"everyone","public_metrics":{"retweet_count":0,"reply_count":0,"like_count":0,"quote_count":0}},{"id":"1378908834299842560","author_id":"16811880","lang":"en","text":"Getaway with your bestie for a #ButterDay at @BottleRockNapa with presenting sponsor @JaMCellars #ButterChardonnay  ENTER TO WIN! https://t.co/Ij4sVU42Pr","source":"Twitter Web App","entities":{"mentions":[{"start":45,"end":60,"username":"BottleRockNapa"},{"start":85,"end":96,"username":"JaMCellars"}],"urls":[{"start":130,"end":153,"url":"https://t.co/Ij4sVU42Pr","expanded_url":"https://ul.ink/X14E-9HW8HP_t","display_url":"ul.ink/X14E-9HW8HP_t"}],"hashtags":[{"start":31,"end":41,"tag":"ButterDay"},{"start":97,"end":114,"tag":"ButterChardonnay"}]},"created_at":"2021-04-05T03:14:19.000Z","reply_settings":"everyone","public_metrics":{"retweet_count":0,"reply_count":0,"like_count":0,"quote_count":0}},{"id":"1378905111922098179","author_id":"16811880","lang":"en","text":"Getaway with your bestie for a #ButterDay at @BottleRockNapa with presenting sponsor @JaMCellars #ButterChardonnay  ENTER TO WIN! https://t.co/6sKur6kBrr","source":"Twitter Web App","entities":{"mentions":[{"start":45,"end":60,"username":"BottleRockNapa"},{"start":85,"end":96,"username":"JaMCellars"}],"urls":[{"start":130,"end":153,"url":"https://t.co/6sKur6kBrr","expanded_url":"https://ul.ink/X146-9HW7JJ_t","display_url":"ul.ink/X146-9HW7JJ_t"}],"hashtags":[{"start":31,"end":41,"tag":"ButterDay"},{"start":97,"end":114,"tag":"ButterChardonnay"}]},"created_at":"2021-04-05T02:59:32.000Z","reply_settings":"everyone","public_metrics":{"retweet_count":0,"reply_count":0,"like_count":0,"quote_count":0}},{"id":"1378846446586372101","author_id":"103975463","lang":"en","text":"Getaway with your bestie for a #ButterDay at @BottleRockNapa with presenting sponsor @JaMCellars #ButterChardonnay  ENTER TO WIN! https://t.co/DIB0xjv3yM","source":"Twitter Web App","entities":{"mentions":[{"start":45,"end":60,"username":"BottleRockNapa"},{"start":85,"end":96,"username":"JaMCellars"}],"urls":[{"start":130,"end":153,"url":"https://t.co/DIB0xjv3yM","expanded_url":"https://ul.ink/X14M-9HVSE0_t","display_url":"ul.ink/X14M-9HVSE0_t"}],"hashtags":[{"start":31,"end":41,"tag":"ButterDay"},{"start":97,"end":114,"tag":"ButterChardonnay"}]},"created_at":"2021-04-04T23:06:25.000Z","reply_settings":"everyone","public_metrics":{"retweet_count":0,"reply_count":0,"like_count":0,"quote_count":0}},{"id":"1378792480422961161","author_id":"248270245","lang":"en","text":"Getaway with your bestie for a #ButterDay at @BottleRockNapa with presenting sponsor @JaMCellars #ButterChardonnay  ENTER TO WIN! https://t.co/ePQRd0OwiA","source":"Twitter Web App","entities":{"mentions":[{"start":45,"end":60,"username":"BottleRockNapa"},{"start":85,"end":96,"username":"JaMCellars"}],"urls":[{"start":130,"end":153,"url":"https://t.co/ePQRd0OwiA","expanded_url":"https://ul.ink/X144-9HVFZP_t","display_url":"ul.ink/X144-9HVFZP_t"}],"hashtags":[{"start":31,"end":41,"tag":"ButterDay"},{"start":97,"end":114,"tag":"ButterChardonnay"}]},"created_at":"2021-04-04T19:31:58.000Z","reply_settings":"everyone","public_metrics":{"retweet_count":0,"reply_count":0,"like_count":0,"quote_count":0}},{"id":"1378506452063633408","author_id":"16811880","lang":"en","text":"Getaway with your bestie for a #ButterDay at @BottleRockNapa with presenting sponsor @JaMCellars #ButterChardonnay  ENTER TO WIN! https://t.co/fK2BzSgN7F","source":"Twitter Web App","entities":{"mentions":[{"start":45,"end":60,"username":"BottleRockNapa"},{"start":85,"end":96,"username":"JaMCellars"}],"urls":[{"start":130,"end":153,"url":"https://t.co/fK2BzSgN7F","expanded_url":"https://ul.ink/X14E-9HSYWG_t","display_url":"ul.ink/X14E-9HSYWG_t"}],"hashtags":[{"start":31,"end":41,"tag":"ButterDay"},{"start":97,"end":114,"tag":"ButterChardonnay"}]},"created_at":"2021-04-04T00:35:24.000Z","reply_settings":"everyone","public_metrics":{"retweet_count":0,"reply_count":0,"like_count":0,"quote_count":0}},{"id":"1378503457875845120","author_id":"16811880","lang":"en","text":"Getaway with your bestie for a #ButterDay at @BottleRockNapa with presenting sponsor @JaMCellars #ButterChardonnay  ENTER TO WIN! https://t.co/wihLOSYmwz","source":"Twitter Web App","entities":{"mentions":[{"start":45,"end":60,"username":"BottleRockNapa"},{"start":85,"end":96,"username":"JaMCellars"}],"urls":[{"start":130,"end":153,"url":"https://t.co/wihLOSYmwz","expanded_url":"https://ul.ink/X146-9HSYBT_t","display_url":"ul.ink/X146-9HSYBT_t"}],"hashtags":[{"start":31,"end":41,"tag":"ButterDay"},{"start":97,"end":114,"tag":"ButterChardonnay"}]},"created_at":"2021-04-04T00:23:30.000Z","reply_settings":"everyone","public_metrics":{"retweet_count":0,"reply_count":0,"like_count":0,"quote_count":0}},{"id":"1378438053350535170","author_id":"248270245","lang":"en","text":"Getaway with your bestie for a #ButterDay at @BottleRockNapa with presenting sponsor @JaMCellars #ButterChardonnay  ENTER TO WIN! https://t.co/uyp1zsSxEe","source":"Twitter Web App","entities":{"mentions":[{"start":45,"end":60,"username":"BottleRockNapa"},{"start":85,"end":96,"username":"JaMCellars"}],"urls":[{"start":130,"end":153,"url":"https://t.co/uyp1zsSxEe","expanded_url":"https://ul.ink/X144-9HSHP4_t","display_url":"ul.ink/X144-9HSHP4_t"}],"hashtags":[{"start":31,"end":41,"tag":"ButterDay"},{"start":97,"end":114,"tag":"ButterChardonnay"}]},"created_at":"2021-04-03T20:03:36.000Z","reply_settings":"everyone","public_metrics":{"retweet_count":0,"reply_count":0,"like_count":0,"quote_count":0}},{"id":"1378427400380325891","author_id":"93757369","lang":"en","text":"Getaway with your bestie for a #ButterDay at @BottleRockNapa with presenting sponsor @JaMCellars #ButterChardonnay  ENTER TO WIN! https://t.co/m82GGJXIGx","source":"Twitter Web App","entities":{"mentions":[{"start":45,"end":60,"username":"BottleRockNapa"},{"start":85,"end":96,"username":"JaMCellars"}],"urls":[{"start":130,"end":153,"url":"https://t.co/m82GGJXIGx","expanded_url":"https://ul.ink/X148-9HSF8A_t","display_url":"ul.ink/X148-9HSF8A_t"}],"hashtags":[{"start":31,"end":41,"tag":"ButterDay"},{"start":97,"end":114,"tag":"ButterChardonnay"}]},"created_at":"2021-04-03T19:21:16.000Z","reply_settings":"everyone","public_metrics":{"retweet_count":0,"reply_count":0,"like_count":0,"quote_count":0}},{"id":"1378401943509422082","author_id":"2207997745","lang":"en","text":"Getaway with your bestie for a #ButterDay at @BottleRockNapa with presenting sponsor @JaMCellars #ButterChardonnay  ENTER TO WIN! https://t.co/j1Xi9vRDw5","source":"Twitter Web App","entities":{"mentions":[{"start":45,"end":60,"username":"BottleRockNapa"},{"start":85,"end":96,"username":"JaMCellars"}],"urls":[{"start":130,"end":153,"url":"https://t.co/j1Xi9vRDw5","expanded_url":"https://ul.ink/X14M-9HS9CP_t","display_url":"ul.ink/X14M-9HS9CP_t"}],"hashtags":[{"start":31,"end":41,"tag":"ButterDay"},{"start":97,"end":114,"tag":"ButterChardonnay"}]},"created_at":"2021-04-03T17:40:07.000Z","reply_settings":"everyone","public_metrics":{"retweet_count":0,"reply_count":0,"like_count":0,"quote_count":0}},{"id":"1378325747278942209","author_id":"1017390478797492224","lang":"en","text":"Getaway with your bestie for a #ButterDay at @BottleRockNapa with presenting sponsor @JaMCellars #ButterChardonnay  ENTER TO WIN! https://t.co/DtSTHWP5Wh","source":"Twitter Web App","entities":{"mentions":[{"start":45,"end":60,"username":"BottleRockNapa"},{"start":85,"end":96,"username":"JaMCellars"}],"urls":[{"start":130,"end":153,"url":"https://t.co/DtSTHWP5Wh","expanded_url":"https://ul.ink/X148-9HRJ3C_t","display_url":"ul.ink/X148-9HRJ3C_t"}],"hashtags":[{"start":31,"end":41,"tag":"ButterDay"},{"start":97,"end":114,"tag":"ButterChardonnay"}]},"created_at":"2021-04-03T12:37:20.000Z","reply_settings":"everyone","public_metrics":{"retweet_count":0,"reply_count":0,"like_count":0,"quote_count":0}},{"id":"1378323354625671169","author_id":"1017390478797492224","lang":"en","text":"Getaway with your bestie for a #ButterDay at @BottleRockNapa with presenting sponsor @JaMCellars #ButterChardonnay  ENTER TO WIN! https://t.co/8499TiOsS4","source":"Twitter Web App","entities":{"mentions":[{"start":45,"end":60,"username":"BottleRockNapa"},{"start":85,"end":96,"username":"JaMCellars"}],"urls":[{"start":130,"end":153,"url":"https://t.co/8499TiOsS4","expanded_url":"https://ul.ink/X146-9HRHH8_t","display_url":"ul.ink/X146-9HRHH8_t","images":[{"url":"https://pbs.twimg.com/news_img/1378323359017152512/serEnkDf?format=jpg&name=orig","width":5000,"height":2625},{"url":"https://pbs.twimg.com/news_img/1378323359017152512/serEnkDf?format=jpg&name=150x150","width":150,"height":150}],"status":200,"title":"Win a #ButterDay Getaway to BottleRock Napa Valley","description":"Flights, Hotel and 3-Day GA Passes. Enter Here!","unwound_url":"https://ul.ink/X146-9HRHH8_t"}],"hashtags":[{"start":31,"end":41,"tag":"ButterDay"},{"start":97,"end":114,"tag":"ButterChardonnay"}]},"created_at":"2021-04-03T12:27:50.000Z","reply_settings":"everyone","public_metrics":{"retweet_count":0,"reply_count":0,"like_count":0,"quote_count":0}},{"id":"1378322603455172609","author_id":"353179610","lang":"en","text":"Getaway with your bestie for a #ButterDay at @BottleRockNapa with presenting sponsor @JaMCellars #ButterChardonnay  ENTER TO WIN! https://t.co/CWEsD49xOD","source":"Twitter Web App","entities":{"mentions":[{"start":45,"end":60,"username":"BottleRockNapa"},{"start":85,"end":96,"username":"JaMCellars"}],"urls":[{"start":130,"end":153,"url":"https://t.co/CWEsD49xOD","expanded_url":"https://ul.ink/X148-9HRH8G_t","display_url":"ul.ink/X148-9HRH8G_t"}],"hashtags":[{"start":31,"end":41,"tag":"ButterDay"},{"start":97,"end":114,"tag":"ButterChardonnay"}]},"created_at":"2021-04-03T12:24:51.000Z","reply_settings":"everyone","public_metrics":{"retweet_count":0,"reply_count":0,"like_count":0,"quote_count":0}},{"id":"1378310207554662400","author_id":"488798406","lang":"tl","text":"BottleRock Napa Valley #roadtrip @BottleRockNapa https://t.co/CRN7PHk2Jc #travel","source":"Revive Social App","entities":{"mentions":[{"start":33,"end":48,"username":"BottleRockNapa"}],"urls":[{"start":49,"end":72,"url":"https://t.co/CRN7PHk2Jc","expanded_url":"https://lizzielau.com/bottlerock-napa-valley-roadtrip/?utm_source=ReviveOldPost&utm_medium=social&utm_campaign=ReviveOldPost","display_url":"lizzielau.com/bottlerock-nap…"}],"hashtags":[{"start":23,"end":32,"tag":"roadtrip"},{"start":73,"end":80,"tag":"travel"}]},"created_at":"2021-04-03T11:35:35.000Z","reply_settings":"everyone","public_metrics":{"retweet_count":0,"reply_count":0,"like_count":0,"quote_count":0}},{"id":"1378144525990785026","author_id":"904916364271353856","lang":"en","text":"So pretty much it’s looking like  @sfoutsidelands and @BottleRockNapa arent happening...? https://t.co/VJ7XHEW8YS","source":"Twitter for iPhone","entities":{"mentions":[{"start":34,"end":49,"username":"sfoutsidelands"},{"start":54,"end":69,"username":"BottleRockNapa"}],"urls":[{"start":90,"end":113,"url":"https://t.co/VJ7XHEW8YS","expanded_url":"https://twitter.com/musicsf/status/1378038817521758215","display_url":"twitter.com/musicsf/status…"}]},"created_at":"2021-04-03T00:37:14.000Z","reply_settings":"everyone","public_metrics":{"retweet_count":0,"reply_count":0,"like_count":0,"quote_count":0}},{"id":"1378129750321942528","author_id":"19212621","lang":"en","text":"Getaway with your bestie for a #ButterDay at @BottleRockNapa with presenting sponsor @JaMCellars #ButterChardonnay  ENTER TO WIN! https://t.co/O4sgwHMNGQ","source":"Twitter Web App","entities":{"mentions":[{"start":45,"end":60,"username":"BottleRockNapa"},{"start":85,"end":96,"username":"JaMCellars"}],"urls":[{"start":130,"end":153,"url":"https://t.co/O4sgwHMNGQ","expanded_url":"https://ul.ink/X14C-9HQK5C_t","display_url":"ul.ink/X14C-9HQK5C_t"}],"hashtags":[{"start":31,"end":41,"tag":"ButterDay"},{"start":97,"end":114,"tag":"ButterChardonnay"}]},"created_at":"2021-04-02T23:38:31.000Z","reply_settings":"everyone","public_metrics":{"retweet_count":0,"reply_count":0,"like_count":0,"quote_count":0}},{"id":"1378060125936701441","author_id":"248270245","lang":"en","text":"Getaway with your bestie for a #ButterDay at @BottleRockNapa with presenting sponsor @JaMCellars #ButterChardonnay  ENTER TO WIN! https://t.co/RgIrsaP8dV","source":"Twitter Web App","entities":{"mentions":[{"start":45,"end":60,"username":"BottleRockNapa"},{"start":85,"end":96,"username":"JaMCellars"}],"urls":[{"start":130,"end":153,"url":"https://t.co/RgIrsaP8dV","expanded_url":"https://ul.ink/X144-9HPRRC_t","display_url":"ul.ink/X144-9HPRRC_t"}],"hashtags":[{"start":31,"end":41,"tag":"ButterDay"},{"start":97,"end":114,"tag":"ButterChardonnay"}]},"created_at":"2021-04-02T19:01:51.000Z","reply_settings":"everyone","public_metrics":{"retweet_count":0,"reply_count":0,"like_count":0,"quote_count":0}},{"id":"1377947229072338945","author_id":"1017390478797492224","lang":"en","text":"Getaway with your bestie for a #ButterDay at @BottleRockNapa with presenting sponsor @JaMCellars #ButterChardonnay  ENTER TO WIN! https://t.co/RLr16eJrPI","source":"Twitter Web App","entities":{"mentions":[{"start":45,"end":60,"username":"BottleRockNapa"},{"start":85,"end":96,"username":"JaMCellars"}],"urls":[{"start":130,"end":153,"url":"https://t.co/RLr16eJrPI","expanded_url":"https://ul.ink/X148-9HN0DE_t","display_url":"ul.ink/X148-9HN0DE_t"}],"hashtags":[{"start":31,"end":41,"tag":"ButterDay"},{"start":97,"end":114,"tag":"ButterChardonnay"}]},"created_at":"2021-04-02T11:33:15.000Z","reply_settings":"everyone","public_metrics":{"retweet_count":0,"reply_count":0,"like_count":0,"quote_count":0}},{"id":"1377944965280641024","author_id":"1017390478797492224","lang":"en","text":"Getaway with your bestie for a #ButterDay at @BottleRockNapa with presenting sponsor @JaMCellars #ButterChardonnay  ENTER TO WIN! https://t.co/LQU4XyaP15","source":"Twitter Web App","entities":{"mentions":[{"start":45,"end":60,"username":"BottleRockNapa"},{"start":85,"end":96,"username":"JaMCellars"}],"urls":[{"start":130,"end":153,"url":"https://t.co/LQU4XyaP15","expanded_url":"https://ul.ink/X146-9HMZM0_t","display_url":"ul.ink/X146-9HMZM0_t"}],"hashtags":[{"start":31,"end":41,"tag":"ButterDay"},{"start":97,"end":114,"tag":"ButterChardonnay"}]},"created_at":"2021-04-02T11:24:15.000Z","reply_settings":"everyone","public_metrics":{"retweet_count":0,"reply_count":0,"like_count":0,"quote_count":0}},{"id":"1377683834959978496","author_id":"248270245","lang":"en","text":"Getaway with your bestie for a #ButterDay at @BottleRockNapa with presenting sponsor @JaMCellars #ButterChardonnay  ENTER TO WIN! https://t.co/2E2aQvF53P","source":"Twitter Web App","entities":{"mentions":[{"start":45,"end":60,"username":"BottleRockNapa"},{"start":85,"end":96,"username":"JaMCellars"}],"urls":[{"start":130,"end":153,"url":"https://t.co/2E2aQvF53P","expanded_url":"https://ul.ink/X144-9HJKN2_t","display_url":"ul.ink/X144-9HJKN2_t"}],"hashtags":[{"start":31,"end":41,"tag":"ButterDay"},{"start":97,"end":114,"tag":"ButterChardonnay"}]},"created_at":"2021-04-01T18:06:37.000Z","reply_settings":"everyone","public_metrics":{"retweet_count":0,"reply_count":0,"like_count":0,"quote_count":0}},{"id":"1377657781541597191","author_id":"2207997745","lang":"en","text":"Getaway with your bestie for a #ButterDay at @BottleRockNapa with presenting sponsor @JaMCellars #ButterChardonnay  ENTER TO WIN! https://t.co/If2egXsJgc","source":"Twitter Web App","entities":{"mentions":[{"start":45,"end":60,"username":"BottleRockNapa"},{"start":85,"end":96,"username":"JaMCellars"}],"urls":[{"start":130,"end":153,"url":"https://t.co/If2egXsJgc","expanded_url":"https://ul.ink/X14M-9HJ81C_t","display_url":"ul.ink/X14M-9HJ81C_t"}],"hashtags":[{"start":31,"end":41,"tag":"ButterDay"},{"start":97,"end":114,"tag":"ButterChardonnay"}]},"created_at":"2021-04-01T16:23:05.000Z","reply_settings":"everyone","public_metrics":{"retweet_count":0,"reply_count":0,"like_count":0,"quote_count":0}},{"id":"1377615213583798282","author_id":"2178317042","lang":"en","text":"@NeilYoungNYA @BottleRockNapa I'm flying out in my private jet. Room for 19 more fans. DM me for instructions.","source":"Twitter for Android","entities":{"mentions":[{"start":0,"end":13,"username":"NeilYoungNYA"},{"start":14,"end":29,"username":"BottleRockNapa"}]},"created_at":"2021-04-01T13:33:56.000Z","in_reply_to_user_id":"1039236870230749185","reply_settings":"everyone","public_metrics":{"retweet_count":0,"reply_count":0,"like_count":0,"quote_count":0}}],"meta":{"oldest_id":"1377615213583798282","newest_id":"1380161789967622151","result_count":50}}