{"data":[{"public_metrics":{"retweet_count":0,"reply_count":0,"like_count":0,"quote_count":0},"created_at":"2020-08-31T10:43:23.000Z","entities":{"urls":[{"start":212,"end":235,"url":"https://t.co/RQGzgerkk4","expanded_url":"https://ul.ink/T0S0-8TDGWT_T","display_url":"ul.ink/T0S0-8TDGWT_T"}],"hashtags":[{"start":6,"end":16,"tag":"ButterDay"},{"start":59,"end":76,"tag":"ButterChardonnay"},{"start":96,"end":101,"tag":"Yeti"},{"start":206,"end":210,"tag":"WIN"}],"mentions":[{"start":158,"end":173,"username":"BottleRockNapa"},{"start":181,"end":195,"username":"mattnathanson"}]},"id":"1300383676300132353","text":"Win a #ButterDay! For you and 3 besties. A prize pack with #ButterChardonnay, Govinos, a Butter #Yeti cooler and more swag! Plus a virtual JaMSession to meet @BottleRockNapa artist @MattNathanson. ENTER TO #WIN! https://t.co/RQGzgerkk4","lang":"en","author_id":"21218783","source":"Twitter Web App","reply_settings":"everyone"},{"public_metrics":{"retweet_count":0,"reply_count":0,"like_count":0,"quote_count":0},"created_at":"2020-08-30T21:52:02.000Z","entities":{"urls":[{"start":212,"end":235,"url":"https://t.co/LbxyVE27Yj","expanded_url":"https://ul.ink/T0QJ-8TCZJM_T","display_url":"ul.ink/T0QJ-8TCZJM_T"}],"hashtags":[{"start":6,"end":16,"tag":"ButterDay"},{"start":59,"end":76,"tag":"ButterChardonnay"},{"start":96,"end":101,"tag":"Yeti"},{"start":206,"end":210,"tag":"WIN"}],"mentions":[{"start":158,"end":173,"username":"BottleRockNapa"},{"start":181,"end":195,"username":"mattnathanson"}]},"id":"1300189560916205569","text":"Win a #ButterDay! For you and 3 besties. A prize pack with #ButterChardonnay, Govinos, a Butter #Yeti cooler and more swag! Plus a virtual JaMSession to meet @BottleRockNapa artist @MattNathanson. ENTER TO #WIN! https://t.co/LbxyVE27Yj","lang":"en","author_id":"1053274061671870464","source":"Twitter for iPhone","reply_settings":"everyone"},{"public_metrics":{"retweet_count":0,"reply_count":0,"like_count":0,"quote_count":0},"created_at":"2020-08-30T19:09:47.000Z","entities":{"urls":[{"start":212,"end":235,"url":"https://t.co/GXbImg9G6R","expanded_url":"https://ul.ink/SXH2-8TCVCC_T","display_url":"ul.ink/SXH2-8TCVCC_T"}],"hashtags":[{"start":6,"end":16,"tag":"ButterDay"},{"start":59,"end":76,"tag":"ButterChardonnay"},{"start":96,"end":101,"tag":"Yeti"},{"start":206,"end":210,"tag":"WIN"}],"mentions":[{"start":158,"end":173,"username":"BottleRockNapa"},{"start":181,"end":195,"username":"mattnathanson"}]},"id":"1300148729010417664","text":"Win a #ButterDay! For you and 3 besties. A prize pack with #ButterChardonnay, Govinos, a Butter #Yeti cooler and more swag! Plus a virtual JaMSession to meet @BottleRockNapa artist @MattNathanson. ENTER TO #WIN! https://t.co/GXbImg9G6R","lang":"en","author_id":"248270245","source":"Twitter Web App","reply_settings":"everyone"},{"public_metrics":{"retweet_count":0,"reply_count":0,"like_count":0,"quote_count":0},"created_at":"2020-08-30T18:17:55.000Z","entities":{"urls":[{"start":212,"end":235,"url":"https://t.co/88oFjrJWgL","expanded_url":"https://ul.ink/T0S0-8TCT64_T","display_url":"ul.ink/T0S0-8TCT64_T"}],"hashtags":[{"start":6,"end":16,"tag":"ButterDay"},{"start":59,"end":76,"tag":"ButterChardonnay"},{"start":96,"end":101,"tag":"Yeti"},{"start":206,"end":210,"tag":"WIN"}],"mentions":[{"start":158,"end":173,"username":"BottleRockNapa"},{"start":181,"end":195,"username":"mattnathanson"}]},"id":"1300135675971268608","text":"Win a #ButterDay! For you and 3 besties. A prize pack with #ButterChardonnay, Govinos, a Butter #Yeti cooler and more swag! Plus a virtual JaMSession to meet @BottleRockNapa artist @MattNathanson. ENTER TO #WIN! https://t.co/88oFjrJWgL","lang":"en","author_id":"24354032","source":"Twitter Web App","reply_settings":"everyone"},{"public_metrics":{"retweet_count":0,"reply_count":0,"like_count":0,"quote_count":0},"created_at":"2020-08-30T17:43:08.000Z","entities":{"urls":[{"start":212,"end":235,"url":"https://t.co/KpAbnw8f76","expanded_url":"https://ul.ink/T0S0-8TCSB0_T","display_url":"ul.ink/T0S0-8TCSB0_T"}],"hashtags":[{"start":6,"end":16,"tag":"ButterDay"},{"start":59,"end":76,"tag":"ButterChardonnay"},{"start":96,"end":101,"tag":"Yeti"},{"start":206,"end":210,"tag":"WIN"}],"mentions":[{"start":158,"end":173,"username":"BottleRockNapa"},{"start":181,"end":195,"username":"mattnathanson"}]},"id":"1300126923402608642","text":"Win a #ButterDay! For you and 3 besties. A prize pack with #ButterChardonnay, Govinos, a Butter #Yeti cooler and more swag! Plus a virtual JaMSession to meet @BottleRockNapa artist @MattNathanson. ENTER TO #WIN! https://t.co/KpAbnw8f76","lang":"en","author_id":"866851767505395712","source":"Twitter Web App","reply_settings":"everyone"},{"public_metrics":{"retweet_count":0,"reply_count":0,"like_count":0,"quote_count":0},"created_at":"2020-08-30T16:59:39.000Z","entities":{"urls":[{"start":212,"end":235,"url":"https://t.co/mFLFlMuyUB","expanded_url":"https://ul.ink/T0QJ-8TCR76_T","display_url":"ul.ink/T0QJ-8TCR76_T"}],"hashtags":[{"start":6,"end":16,"tag":"ButterDay"},{"start":59,"end":76,"tag":"ButterChardonnay"},{"start":96,"end":101,"tag":"Yeti"},{"start":206,"end":210,"tag":"WIN"}],"mentions":[{"start":158,"end":173,"username":"BottleRockNapa"},{"start":181,"end":195,"username":"mattnathanson"}]},"id":"1300115982988369920","text":"Win a #ButterDay! For you and 3 besties. A prize pack with #ButterChardonnay, Govinos, a Butter #Yeti cooler and more swag! Plus a virtual JaMSession to meet @BottleRockNapa artist @MattNathanson. ENTER TO #WIN! https://t.co/mFLFlMuyUB","lang":"en","author_id":"97140567","source":"Twitter Web App","reply_settings":"everyone"},{"public_metrics":{"retweet_count":0,"reply_count":0,"like_count":0,"quote_count":0},"created_at":"2020-08-30T16:34:04.000Z","entities":{"urls":[{"start":212,"end":235,"url":"https://t.co/2oQIUjqR3U","expanded_url":"https://ul.ink/T0QJ-8SVBHR_T","display_url":"ul.ink/T0QJ-8SVBHR_T"}],"hashtags":[{"start":6,"end":16,"tag":"ButterDay"},{"start":59,"end":76,"tag":"ButterChardonnay"},{"start":96,"end":101,"tag":"Yeti"},{"start":206,"end":210,"tag":"WIN"}],"mentions":[{"start":158,"end":173,"username":"BottleRockNapa"},{"start":181,"end":195,"username":"mattnathanson"}]},"id":"1300109541984448514","text":"Win a #ButterDay! For you and 3 besties. A prize pack with #ButterChardonnay, Govinos, a Butter #Yeti cooler and more swag! Plus a virtual JaMSession to meet @BottleRockNapa artist @MattNathanson. ENTER TO #WIN! https://t.co/2oQIUjqR3U","lang":"en","author_id":"1287261720","source":"Twitter Web App","reply_settings":"everyone"},{"public_metrics":{"retweet_count":0,"reply_count":1,"like_count":0,"quote_count":0},"created_at":"2020-08-30T16:16:44.000Z","id":"1300105178998136833","text":"@icanwhoa @teganandsara I know the feeling. I was supposed to see them @BottleRockNapa in May. Hope we'll see more of them once this is over.","lang":"en","in_reply_to_user_id":"782204456146464769","author_id":"53569814","entities":{"mentions":[{"start":0,"end":9,"username":"icanwhoa"},{"start":10,"end":23,"username":"teganandsara"},{"start":71,"end":86,"username":"BottleRockNapa"}]},"source":"Twitter for iPhone","reply_settings":"everyone"},{"public_metrics":{"retweet_count":0,"reply_count":0,"like_count":1,"quote_count":0},"created_at":"2020-08-30T11:31:09.000Z","entities":{"urls":[{"start":49,"end":72,"url":"https://t.co/CRN7PHk2Jc","expanded_url":"https://lizzielau.com/bottlerock-napa-valley-roadtrip/?utm_source=ReviveOldPost&utm_medium=social&utm_campaign=ReviveOldPost","display_url":"lizzielau.com/bottlerock-nap…"}],"hashtags":[{"start":23,"end":32,"tag":"roadtrip"},{"start":73,"end":80,"tag":"travel"}],"mentions":[{"start":33,"end":48,"username":"BottleRockNapa"}]},"id":"1300033311553789953","text":"BottleRock Napa Valley #roadtrip @BottleRockNapa https://t.co/CRN7PHk2Jc #travel","lang":"tl","author_id":"488798406","source":"Revive Social App","reply_settings":"everyone"},{"public_metrics":{"retweet_count":0,"reply_count":0,"like_count":0,"quote_count":0},"created_at":"2020-08-30T10:37:06.000Z","entities":{"urls":[{"start":212,"end":235,"url":"https://t.co/b6ClSSDGIc","expanded_url":"https://ul.ink/T0S0-8TCD48_T","display_url":"ul.ink/T0S0-8TCD48_T"}],"hashtags":[{"start":6,"end":16,"tag":"ButterDay"},{"start":59,"end":76,"tag":"ButterChardonnay"},{"start":96,"end":101,"tag":"Yeti"},{"start":206,"end":210,"tag":"WIN"}],"mentions":[{"start":158,"end":173,"username":"BottleRockNapa"},{"start":181,"end":195,"username":"mattnathanson"}]},"id":"1300019707253317632","text":"Win a #ButterDay! For you and 3 besties. A prize pack with #ButterChardonnay, Govinos, a Butter #Yeti cooler and more swag! Plus a virtual JaMSession to meet @BottleRockNapa artist @MattNathanson. ENTER TO #WIN! https://t.co/b6ClSSDGIc","lang":"en","author_id":"21218783","source":"Twitter Web App","reply_settings":"everyone"},{"public_metrics":{"retweet_count":0,"reply_count":0,"like_count":0,"quote_count":0},"created_at":"2020-08-30T00:43:25.000Z","entities":{"urls":[{"start":212,"end":235,"url":"https://t.co/XJZ3smCVb3","expanded_url":"https://ul.ink/T0RY-8TC568_T","display_url":"ul.ink/T0RY-8TC568_T"}],"hashtags":[{"start":6,"end":16,"tag":"ButterDay"},{"start":59,"end":76,"tag":"ButterChardonnay"},{"start":96,"end":101,"tag":"Yeti"},{"start":206,"end":210,"tag":"WIN"}],"mentions":[{"start":158,"end":173,"username":"BottleRockNapa"},{"start":181,"end":195,"username":"mattnathanson"}]},"id":"1299870305075175424","text":"Win a #ButterDay! For you and 3 besties. A prize pack with #ButterChardonnay, Govinos, a Butter #Yeti cooler and more swag! Plus a virtual JaMSession to meet @BottleRockNapa artist @MattNathanson. ENTER TO #WIN! https://t.co/XJZ3smCVb3","lang":"en","author_id":"87266037","source":"Twitter Web App","reply_settings":"everyone"},{"public_metrics":{"retweet_count":0,"reply_count":0,"like_count":0,"quote_count":0},"created_at":"2020-08-29T17:57:44.000Z","entities":{"urls":[{"start":212,"end":235,"url":"https://t.co/2oQIUjqR3U","expanded_url":"https://ul.ink/T0QJ-8SVBHR_T","display_url":"ul.ink/T0QJ-8SVBHR_T"}],"hashtags":[{"start":6,"end":16,"tag":"ButterDay"},{"start":59,"end":76,"tag":"ButterChardonnay"},{"start":96,"end":101,"tag":"Yeti"},{"start":206,"end":210,"tag":"WIN"}],"mentions":[{"start":158,"end":173,"username":"BottleRockNapa"},{"start":181,"end":195,"username":"mattnathanson"}]},"id":"1299768209277480960","text":"Win a #ButterDay! For you and 3 besties. A prize pack with #ButterChardonnay, Govinos, a Butter #Yeti cooler and more swag! Plus a virtual JaMSession to meet @BottleRockNapa artist @MattNathanson. ENTER TO #WIN! https://t.co/2oQIUjqR3U","lang":"en","author_id":"1287261720","source":"Twitter Web App","reply_settings":"everyone"},{"public_metrics":{"retweet_count":0,"reply_count":0,"like_count":0,"quote_count":0},"created_at":"2020-08-29T17:18:40.000Z","entities":{"urls":[{"start":212,"end":235,"url":"https://t.co/boywEurn6u","expanded_url":"https://ul.ink/T0QJ-8TBSYE_T","display_url":"ul.ink/T0QJ-8TBSYE_T"}],"hashtags":[{"start":6,"end":16,"tag":"ButterDay"},{"start":59,"end":76,"tag":"ButterChardonnay"},{"start":96,"end":101,"tag":"Yeti"},{"start":206,"end":210,"tag":"WIN"}],"mentions":[{"start":158,"end":173,"username":"BottleRockNapa"},{"start":181,"end":195,"username":"mattnathanson"}]},"id":"1299758379972268032","text":"Win a #ButterDay! For you and 3 besties. A prize pack with #ButterChardonnay, Govinos, a Butter #Yeti cooler and more swag! Plus a virtual JaMSession to meet @BottleRockNapa artist @MattNathanson. ENTER TO #WIN! https://t.co/boywEurn6u","lang":"en","author_id":"97140567","source":"Twitter Web App","reply_settings":"everyone"},{"public_metrics":{"retweet_count":0,"reply_count":0,"like_count":0,"quote_count":0},"created_at":"2020-08-29T15:36:33.000Z","entities":{"urls":[{"start":212,"end":235,"url":"https://t.co/5rg2IOUX00","expanded_url":"https://ul.ink/T0S4-8TBPRR_T","display_url":"ul.ink/T0S4-8TBPRR_T"}],"hashtags":[{"start":6,"end":16,"tag":"ButterDay"},{"start":59,"end":76,"tag":"ButterChardonnay"},{"start":96,"end":101,"tag":"Yeti"},{"start":206,"end":210,"tag":"WIN"}],"mentions":[{"start":158,"end":173,"username":"BottleRockNapa"},{"start":181,"end":195,"username":"mattnathanson"}]},"id":"1299732680326619136","text":"Win a #ButterDay! For you and 3 besties. A prize pack with #ButterChardonnay, Govinos, a Butter #Yeti cooler and more swag! Plus a virtual JaMSession to meet @BottleRockNapa artist @MattNathanson. ENTER TO #WIN! https://t.co/5rg2IOUX00","lang":"en","author_id":"602949303","source":"Twitter Web App","reply_settings":"everyone"},{"public_metrics":{"retweet_count":0,"reply_count":0,"like_count":0,"quote_count":0},"created_at":"2020-08-29T12:43:58.000Z","entities":{"urls":[{"start":212,"end":235,"url":"https://t.co/eW0vl54rZP","expanded_url":"https://ul.ink/T0S0-8TBGCE_T","display_url":"ul.ink/T0S0-8TBGCE_T"}],"hashtags":[{"start":6,"end":16,"tag":"ButterDay"},{"start":59,"end":76,"tag":"ButterChardonnay"},{"start":96,"end":101,"tag":"Yeti"},{"start":206,"end":210,"tag":"WIN"}],"mentions":[{"start":158,"end":173,"username":"BottleRockNapa"},{"start":181,"end":195,"username":"mattnathanson"}]},"id":"1299689250292670465","text":"Win a #ButterDay! For you and 3 besties. A prize pack with #ButterChardonnay, Govinos, a Butter #Yeti cooler and more swag! Plus a virtual JaMSession to meet @BottleRockNapa artist @MattNathanson. ENTER TO #WIN! https://t.co/eW0vl54rZP","lang":"en","author_id":"21218783","source":"Twitter Web App","reply_settings":"everyone"},{"public_metrics":{"retweet_count":0,"reply_count":0,"like_count":0,"quote_count":0},"created_at":"2020-08-29T00:48:37.000Z","entities":{"urls":[{"start":212,"end":235,"url":"https://t.co/WiXmPgqZKs","expanded_url":"https://ul.ink/T0S0-8TB49P_T","display_url":"ul.ink/T0S0-8TB49P_T"}],"hashtags":[{"start":6,"end":16,"tag":"ButterDay"},{"start":59,"end":76,"tag":"ButterChardonnay"},{"start":96,"end":101,"tag":"Yeti"},{"start":206,"end":210,"tag":"WIN"}],"mentions":[{"start":158,"end":173,"username":"BottleRockNapa"},{"start":181,"end":195,"username":"mattnathanson"}]},"id":"1299509226528673792","text":"Win a #ButterDay! For you and 3 besties. A prize pack with #ButterChardonnay, Govinos, a Butter #Yeti cooler and more swag! Plus a virtual JaMSession to meet @BottleRockNapa artist @MattNathanson. ENTER TO #WIN! https://t.co/WiXmPgqZKs","lang":"en","author_id":"866851767505395712","source":"Twitter Web App","reply_settings":"everyone"},{"public_metrics":{"retweet_count":0,"reply_count":0,"like_count":2,"quote_count":0},"created_at":"2020-08-28T22:27:36.000Z","id":"1299473738036121600","text":"@Anarchistwineco @napavalleytip @BottleRockNapa @EatSomethngSexy Cheers!!","lang":"en","in_reply_to_user_id":"1020069450043670529","author_id":"1249750429","entities":{"mentions":[{"start":0,"end":16,"username":"Anarchistwineco"},{"start":17,"end":31,"username":"napavalleytip"},{"start":32,"end":47,"username":"BottleRockNapa"},{"start":48,"end":64,"username":"EatSomethngSexy"}]},"source":"Twitter for iPhone","reply_settings":"everyone"},{"public_metrics":{"retweet_count":0,"reply_count":1,"like_count":2,"quote_count":0},"created_at":"2020-08-28T22:10:59.000Z","entities":{"urls":[{"start":119,"end":142,"url":"https://t.co/h2uhK0i3Am","expanded_url":"https://twitter.com/starfanjan/status/1299339710393917442","display_url":"twitter.com/starfanjan/sta…"}],"hashtags":[{"start":95,"end":100,"tag":"wine"},{"start":101,"end":118,"tag":"FridayMotivation"}],"mentions":[{"start":30,"end":44,"username":"napavalleytip"},{"start":45,"end":60,"username":"BottleRockNapa"},{"start":61,"end":76,"username":"HistoryandWine"},{"start":77,"end":93,"username":"EatSomethngSexy"}]},"id":"1299469553081044992","text":"\uD83C\uDFB6It's wine o' clock somewhere\n@napavalleytip @BottleRockNapa @HistoryandWine @EatSomethngSexy  #wine #FridayMotivation https://t.co/h2uhK0i3Am","lang":"en","author_id":"1020069450043670529","source":"Twitter Web App","reply_settings":"everyone"},{"public_metrics":{"retweet_count":1,"reply_count":0,"like_count":0,"quote_count":0},"created_at":"2020-08-28T19:14:28.000Z","entities":{"urls":[{"start":212,"end":235,"url":"https://t.co/ei3aL2z62M","expanded_url":"https://ul.ink/SXH2-8TAR3M_T","display_url":"ul.ink/SXH2-8TAR3M_T"}],"hashtags":[{"start":6,"end":16,"tag":"ButterDay"},{"start":59,"end":76,"tag":"ButterChardonnay"},{"start":96,"end":101,"tag":"Yeti"},{"start":206,"end":210,"tag":"WIN"}],"mentions":[{"start":158,"end":173,"username":"BottleRockNapa"},{"start":181,"end":195,"username":"mattnathanson"}]},"id":"1299425132428103682","text":"Win a #ButterDay! For you and 3 besties. A prize pack with #ButterChardonnay, Govinos, a Butter #Yeti cooler and more swag! Plus a virtual JaMSession to meet @BottleRockNapa artist @MattNathanson. ENTER TO #WIN! https://t.co/ei3aL2z62M","lang":"en","author_id":"248270245","source":"Twitter Web App","reply_settings":"everyone"},{"public_metrics":{"retweet_count":0,"reply_count":0,"like_count":0,"quote_count":0},"created_at":"2020-08-28T16:57:43.000Z","entities":{"urls":[{"start":212,"end":235,"url":"https://t.co/YLU5Mynmex","expanded_url":"https://ul.ink/T0QJ-8TAJ4J_T","display_url":"ul.ink/T0QJ-8TAJ4J_T"}],"hashtags":[{"start":6,"end":16,"tag":"ButterDay"},{"start":59,"end":76,"tag":"ButterChardonnay"},{"start":96,"end":101,"tag":"Yeti"},{"start":206,"end":210,"tag":"WIN"}],"mentions":[{"start":158,"end":173,"username":"BottleRockNapa"},{"start":181,"end":195,"username":"mattnathanson"}]},"id":"1299390719665123329","text":"Win a #ButterDay! For you and 3 besties. A prize pack with #ButterChardonnay, Govinos, a Butter #Yeti cooler and more swag! Plus a virtual JaMSession to meet @BottleRockNapa artist @MattNathanson. ENTER TO #WIN! https://t.co/YLU5Mynmex","lang":"en","author_id":"97140567","source":"Twitter Web App","reply_settings":"everyone"},{"public_metrics":{"retweet_count":0,"reply_count":0,"like_count":0,"quote_count":0},"created_at":"2020-08-28T15:18:15.000Z","entities":{"urls":[{"start":212,"end":235,"url":"https://t.co/hMuSoirFCe","expanded_url":"https://ul.ink/T0S4-8TACTG_T","display_url":"ul.ink/T0S4-8TACTG_T"}],"hashtags":[{"start":6,"end":16,"tag":"ButterDay"},{"start":59,"end":76,"tag":"ButterChardonnay"},{"start":96,"end":101,"tag":"Yeti"},{"start":206,"end":210,"tag":"WIN"}],"mentions":[{"start":158,"end":173,"username":"BottleRockNapa"},{"start":181,"end":195,"username":"mattnathanson"}]},"id":"1299365686192480257","text":"Win a #ButterDay! For you and 3 besties. A prize pack with #ButterChardonnay, Govinos, a Butter #Yeti cooler and more swag! Plus a virtual JaMSession to meet @BottleRockNapa artist @MattNathanson. ENTER TO #WIN! https://t.co/hMuSoirFCe","lang":"en","author_id":"602949303","source":"Twitter Web App","reply_settings":"everyone"},{"public_metrics":{"retweet_count":0,"reply_count":0,"like_count":0,"quote_count":0},"created_at":"2020-08-28T14:23:51.000Z","entities":{"urls":[{"start":212,"end":235,"url":"https://t.co/2oQIUjqR3U","expanded_url":"https://ul.ink/T0QJ-8SVBHR_T","display_url":"ul.ink/T0QJ-8SVBHR_T"}],"hashtags":[{"start":6,"end":16,"tag":"ButterDay"},{"start":59,"end":76,"tag":"ButterChardonnay"},{"start":96,"end":101,"tag":"Yeti"},{"start":206,"end":210,"tag":"WIN"}],"mentions":[{"start":158,"end":173,"username":"BottleRockNapa"},{"start":181,"end":195,"username":"mattnathanson"}]},"id":"1299351994876878848","text":"Win a #ButterDay! For you and 3 besties. A prize pack with #ButterChardonnay, Govinos, a Butter #Yeti cooler and more swag! Plus a virtual JaMSession to meet @BottleRockNapa artist @MattNathanson. ENTER TO #WIN! https://t.co/2oQIUjqR3U","lang":"en","author_id":"1287261720","source":"Twitter Web App","reply_settings":"everyone"},{"public_metrics":{"retweet_count":0,"reply_count":0,"like_count":0,"quote_count":0},"created_at":"2020-08-28T12:50:21.000Z","entities":{"urls":[{"start":212,"end":235,"url":"https://t.co/TKR5rgAKEy","expanded_url":"https://ul.ink/T0S0-8TA2W0_T","display_url":"ul.ink/T0S0-8TA2W0_T"}],"hashtags":[{"start":6,"end":16,"tag":"ButterDay"},{"start":59,"end":76,"tag":"ButterChardonnay"},{"start":96,"end":101,"tag":"Yeti"},{"start":206,"end":210,"tag":"WIN"}],"mentions":[{"start":158,"end":173,"username":"BottleRockNapa"},{"start":181,"end":195,"username":"mattnathanson"}]},"id":"1299328464873545730","text":"Win a #ButterDay! For you and 3 besties. A prize pack with #ButterChardonnay, Govinos, a Butter #Yeti cooler and more swag! Plus a virtual JaMSession to meet @BottleRockNapa artist @MattNathanson. ENTER TO #WIN! https://t.co/TKR5rgAKEy","lang":"en","author_id":"21218783","source":"Twitter Web App","reply_settings":"everyone"},{"public_metrics":{"retweet_count":0,"reply_count":0,"like_count":0,"quote_count":0},"created_at":"2020-08-28T03:33:57.000Z","entities":{"urls":[{"start":117,"end":140,"url":"https://t.co/TCqzEty3Cz","expanded_url":"https://twitter.com/zwy8059/status/1299187333363761153","display_url":"twitter.com/zwy8059/status…"}],"mentions":[{"start":0,"end":13,"username":"CountyofNapa"},{"start":14,"end":22,"username":"Oakland"},{"start":23,"end":39,"username":"FBISanFrancisco"},{"start":40,"end":55,"username":"napacountyfire"},{"start":56,"end":71,"username":"BottleRockNapa"},{"start":72,"end":81,"username":"business"},{"start":82,"end":92,"username":"Power1051"},{"start":93,"end":104,"username":"NickCannon"},{"start":105,"end":116,"username":"sbcricklee"}]},"id":"1299188443356913665","text":"@CountyofNapa @Oakland @FBISanFrancisco @napacountyfire @BottleRockNapa @business @Power1051 @NickCannon @sbcricklee https://t.co/TCqzEty3Cz","lang":"und","in_reply_to_user_id":"284647406","author_id":"2506115022","source":"Twitter Web App","reply_settings":"everyone"},{"public_metrics":{"retweet_count":0,"reply_count":0,"like_count":0,"quote_count":0},"created_at":"2020-08-27T23:03:23.000Z","entities":{"urls":[{"start":212,"end":235,"url":"https://t.co/Z7cpnPrOZl","expanded_url":"https://ul.ink/SXH2-8T9C5Y_T","display_url":"ul.ink/SXH2-8T9C5Y_T"}],"hashtags":[{"start":6,"end":16,"tag":"ButterDay"},{"start":59,"end":76,"tag":"ButterChardonnay"},{"start":96,"end":101,"tag":"Yeti"},{"start":206,"end":210,"tag":"WIN"}],"mentions":[{"start":158,"end":173,"username":"BottleRockNapa"},{"start":181,"end":195,"username":"mattnathanson"}]},"id":"1299120354980515840","text":"Win a #ButterDay! For you and 3 besties. A prize pack with #ButterChardonnay, Govinos, a Butter #Yeti cooler and more swag! Plus a virtual JaMSession to meet @BottleRockNapa artist @MattNathanson. ENTER TO #WIN! https://t.co/Z7cpnPrOZl","lang":"en","author_id":"248270245","source":"Twitter Web App","reply_settings":"everyone"},{"public_metrics":{"retweet_count":0,"reply_count":0,"like_count":0,"quote_count":0},"created_at":"2020-08-27T17:42:14.000Z","entities":{"urls":[{"start":212,"end":235,"url":"https://t.co/4Cv1ZxjvIN","expanded_url":"https://ul.ink/T0QJ-8T8XWA_T","display_url":"ul.ink/T0QJ-8T8XWA_T"}],"hashtags":[{"start":6,"end":16,"tag":"ButterDay"},{"start":59,"end":76,"tag":"ButterChardonnay"},{"start":96,"end":101,"tag":"Yeti"},{"start":206,"end":210,"tag":"WIN"}],"mentions":[{"start":158,"end":173,"username":"BottleRockNapa"},{"start":181,"end":195,"username":"mattnathanson"}]},"id":"1299039533044912128","text":"Win a #ButterDay! For you and 3 besties. A prize pack with #ButterChardonnay, Govinos, a Butter #Yeti cooler and more swag! Plus a virtual JaMSession to meet @BottleRockNapa artist @MattNathanson. ENTER TO #WIN! https://t.co/4Cv1ZxjvIN","lang":"en","author_id":"97140567","source":"Twitter Web App","reply_settings":"everyone"},{"public_metrics":{"retweet_count":0,"reply_count":0,"like_count":0,"quote_count":0},"created_at":"2020-08-27T15:54:16.000Z","entities":{"urls":[{"start":212,"end":235,"url":"https://t.co/8lB2zLDg4G","expanded_url":"https://ul.ink/T0S4-8T8QKP_T","display_url":"ul.ink/T0S4-8T8QKP_T"}],"hashtags":[{"start":6,"end":16,"tag":"ButterDay"},{"start":59,"end":76,"tag":"ButterChardonnay"},{"start":96,"end":101,"tag":"Yeti"},{"start":206,"end":210,"tag":"WIN"}],"mentions":[{"start":158,"end":173,"username":"BottleRockNapa"},{"start":181,"end":195,"username":"mattnathanson"}]},"id":"1299012361789952001","text":"Win a #ButterDay! For you and 3 besties. A prize pack with #ButterChardonnay, Govinos, a Butter #Yeti cooler and more swag! Plus a virtual JaMSession to meet @BottleRockNapa artist @MattNathanson. ENTER TO #WIN! https://t.co/8lB2zLDg4G","lang":"en","author_id":"602949303","source":"Twitter Web App","reply_settings":"everyone"},{"public_metrics":{"retweet_count":0,"reply_count":0,"like_count":0,"quote_count":0},"created_at":"2020-08-27T13:41:46.000Z","entities":{"urls":[{"start":212,"end":235,"url":"https://t.co/2oQIUjqR3U","expanded_url":"https://ul.ink/T0QJ-8SVBHR_T","display_url":"ul.ink/T0QJ-8SVBHR_T"}],"hashtags":[{"start":6,"end":16,"tag":"ButterDay"},{"start":59,"end":76,"tag":"ButterChardonnay"},{"start":96,"end":101,"tag":"Yeti"},{"start":206,"end":210,"tag":"WIN"}],"mentions":[{"start":158,"end":173,"username":"BottleRockNapa"},{"start":181,"end":195,"username":"mattnathanson"}]},"id":"1298979019451297794","text":"Win a #ButterDay! For you and 3 besties. A prize pack with #ButterChardonnay, Govinos, a Butter #Yeti cooler and more swag! Plus a virtual JaMSession to meet @BottleRockNapa artist @MattNathanson. ENTER TO #WIN! https://t.co/2oQIUjqR3U","lang":"en","author_id":"1287261720","source":"Twitter Web App","reply_settings":"everyone"},{"public_metrics":{"retweet_count":0,"reply_count":0,"like_count":0,"quote_count":0},"created_at":"2020-08-27T10:43:43.000Z","entities":{"urls":[{"start":212,"end":235,"url":"https://t.co/yJncpdIWga","expanded_url":"https://ul.ink/T0S0-8T851G_T","display_url":"ul.ink/T0S0-8T851G_T"}],"hashtags":[{"start":6,"end":16,"tag":"ButterDay"},{"start":59,"end":76,"tag":"ButterChardonnay"},{"start":96,"end":101,"tag":"Yeti"},{"start":206,"end":210,"tag":"WIN"}],"mentions":[{"start":158,"end":173,"username":"BottleRockNapa"},{"start":181,"end":195,"username":"mattnathanson"}]},"id":"1298934211131342848","text":"Win a #ButterDay! For you and 3 besties. A prize pack with #ButterChardonnay, Govinos, a Butter #Yeti cooler and more swag! Plus a virtual JaMSession to meet @BottleRockNapa artist @MattNathanson. ENTER TO #WIN! https://t.co/yJncpdIWga","lang":"en","author_id":"21218783","source":"Twitter Web App","reply_settings":"everyone"},{"public_metrics":{"retweet_count":0,"reply_count":0,"like_count":0,"quote_count":0},"created_at":"2020-08-26T20:00:05.000Z","entities":{"urls":[{"start":212,"end":235,"url":"https://t.co/weIUDiaPs2","expanded_url":"https://ul.ink/SXH2-8T7CMM_T","display_url":"ul.ink/SXH2-8T7CMM_T"}],"hashtags":[{"start":6,"end":16,"tag":"ButterDay"},{"start":59,"end":76,"tag":"ButterChardonnay"},{"start":96,"end":101,"tag":"Yeti"},{"start":206,"end":210,"tag":"WIN"}],"mentions":[{"start":158,"end":173,"username":"BottleRockNapa"},{"start":181,"end":195,"username":"mattnathanson"}]},"id":"1298711836783570944","text":"Win a #ButterDay! For you and 3 besties. A prize pack with #ButterChardonnay, Govinos, a Butter #Yeti cooler and more swag! Plus a virtual JaMSession to meet @BottleRockNapa artist @MattNathanson. ENTER TO #WIN! https://t.co/weIUDiaPs2","lang":"en","author_id":"248270245","source":"Twitter Web App","reply_settings":"everyone"},{"public_metrics":{"retweet_count":0,"reply_count":0,"like_count":0,"quote_count":0},"created_at":"2020-08-26T17:11:54.000Z","entities":{"urls":[{"start":212,"end":235,"url":"https://t.co/DXsREGWNdm","expanded_url":"https://ul.ink/T0QJ-8T742Y_T","display_url":"ul.ink/T0QJ-8T742Y_T","status":200,"unwound_url":"https://ul.ink/T0QJ-8T742Y_T"}],"hashtags":[{"start":6,"end":16,"tag":"ButterDay"},{"start":59,"end":76,"tag":"ButterChardonnay"},{"start":96,"end":101,"tag":"Yeti"},{"start":206,"end":210,"tag":"WIN"}],"mentions":[{"start":158,"end":173,"username":"BottleRockNapa"},{"start":181,"end":195,"username":"mattnathanson"}]},"id":"1298669511449571330","text":"Win a #ButterDay! For you and 3 besties. A prize pack with #ButterChardonnay, Govinos, a Butter #Yeti cooler and more swag! Plus a virtual JaMSession to meet @BottleRockNapa artist @MattNathanson. ENTER TO #WIN! https://t.co/DXsREGWNdm","lang":"en","author_id":"97140567","source":"Twitter Web App","reply_settings":"everyone"},{"public_metrics":{"retweet_count":0,"reply_count":0,"like_count":0,"quote_count":0},"created_at":"2020-08-26T13:45:35.000Z","entities":{"urls":[{"start":212,"end":235,"url":"https://t.co/2oQIUjqR3U","expanded_url":"https://ul.ink/T0QJ-8SVBHR_T","display_url":"ul.ink/T0QJ-8SVBHR_T"}],"hashtags":[{"start":6,"end":16,"tag":"ButterDay"},{"start":59,"end":76,"tag":"ButterChardonnay"},{"start":96,"end":101,"tag":"Yeti"},{"start":206,"end":210,"tag":"WIN"}],"mentions":[{"start":158,"end":173,"username":"BottleRockNapa"},{"start":181,"end":195,"username":"mattnathanson"}]},"id":"1298617592752398336","text":"Win a #ButterDay! For you and 3 besties. A prize pack with #ButterChardonnay, Govinos, a Butter #Yeti cooler and more swag! Plus a virtual JaMSession to meet @BottleRockNapa artist @MattNathanson. ENTER TO #WIN! https://t.co/2oQIUjqR3U","lang":"en","author_id":"1287261720","source":"Twitter Web App","reply_settings":"everyone"},{"public_metrics":{"retweet_count":0,"reply_count":0,"like_count":0,"quote_count":0},"created_at":"2020-08-26T12:02:09.000Z","entities":{"urls":[{"start":212,"end":235,"url":"https://t.co/hmBFGPC6cH","expanded_url":"https://ul.ink/T0S0-8T6JPY_T","display_url":"ul.ink/T0S0-8T6JPY_T"}],"hashtags":[{"start":6,"end":16,"tag":"ButterDay"},{"start":59,"end":76,"tag":"ButterChardonnay"},{"start":96,"end":101,"tag":"Yeti"},{"start":206,"end":210,"tag":"WIN"}],"mentions":[{"start":158,"end":173,"username":"BottleRockNapa"},{"start":181,"end":195,"username":"mattnathanson"}]},"id":"1298591561664659459","text":"Win a #ButterDay! For you and 3 besties. A prize pack with #ButterChardonnay, Govinos, a Butter #Yeti cooler and more swag! Plus a virtual JaMSession to meet @BottleRockNapa artist @MattNathanson. ENTER TO #WIN! https://t.co/hmBFGPC6cH","lang":"en","author_id":"21218783","source":"Twitter Web App","reply_settings":"everyone"},{"public_metrics":{"retweet_count":0,"reply_count":0,"like_count":0,"quote_count":0},"created_at":"2020-08-26T08:04:20.000Z","entities":{"urls":[{"start":75,"end":98,"url":"https://t.co/VUNvAhHsiB","expanded_url":"https://twitter.com/zwy8059/status/1298526275414286336","display_url":"twitter.com/zwy8059/status…"}],"annotations":[{"start":57,"end":62,"probability":0.8107,"type":"Person","normalized_text":"Regina"},{"start":66,"end":73,"probability":0.5595,"type":"Person","normalized_text":"Patricia"}],"mentions":[{"start":0,"end":13,"username":"CountyofNapa"},{"start":14,"end":27,"username":"NapaRegister"},{"start":28,"end":43,"username":"BottleRockNapa"}]},"id":"1298531711450374146","text":"@CountyofNapa @NapaRegister @BottleRockNapa \n\ninstead of Regina a Patricia https://t.co/VUNvAhHsiB","lang":"en","in_reply_to_user_id":"284647406","author_id":"2506115022","source":"Twitter Web App","reply_settings":"everyone"},{"public_metrics":{"retweet_count":0,"reply_count":0,"like_count":0,"quote_count":0},"created_at":"2020-08-26T08:01:01.000Z","entities":{"urls":[{"start":74,"end":97,"url":"https://t.co/gnEFYmcF09","expanded_url":"https://twitter.com/zwy8059/status/1298530361413005312","display_url":"twitter.com/zwy8059/status…"}],"mentions":[{"start":0,"end":13,"username":"CountyofNapa"},{"start":14,"end":29,"username":"BottleRockNapa"},{"start":30,"end":43,"username":"NapaRegister"},{"start":44,"end":56,"username":"NapaSheriff"},{"start":57,"end":73,"username":"VisitNapaValley"}]},"id":"1298530879212417024","text":"@CountyofNapa @BottleRockNapa @NapaRegister @NapaSheriff @VisitNapaValley https://t.co/gnEFYmcF09","lang":"und","in_reply_to_user_id":"284647406","author_id":"2506115022","source":"Twitter Web App","reply_settings":"everyone"},{"public_metrics":{"retweet_count":0,"reply_count":0,"like_count":0,"quote_count":0},"created_at":"2020-08-26T01:10:05.000Z","entities":{"urls":[{"start":212,"end":235,"url":"https://t.co/iIh6QohgPu","expanded_url":"https://ul.ink/T0S0-8T64A4_T","display_url":"ul.ink/T0S0-8T64A4_T"}],"hashtags":[{"start":6,"end":16,"tag":"ButterDay"},{"start":59,"end":76,"tag":"ButterChardonnay"},{"start":96,"end":101,"tag":"Yeti"},{"start":206,"end":210,"tag":"WIN"}],"mentions":[{"start":158,"end":173,"username":"BottleRockNapa"},{"start":181,"end":195,"username":"mattnathanson"}]},"id":"1298427461336629248","text":"Win a #ButterDay! For you and 3 besties. A prize pack with #ButterChardonnay, Govinos, a Butter #Yeti cooler and more swag! Plus a virtual JaMSession to meet @BottleRockNapa artist @MattNathanson. ENTER TO #WIN! https://t.co/iIh6QohgPu","lang":"en","author_id":"24354032","source":"Twitter Web App","reply_settings":"everyone"},{"public_metrics":{"retweet_count":0,"reply_count":0,"like_count":0,"quote_count":0},"created_at":"2020-08-25T18:49:29.000Z","entities":{"urls":[{"start":212,"end":235,"url":"https://t.co/D03Hv2D6rg","expanded_url":"https://ul.ink/SXH2-8T5N34_T","display_url":"ul.ink/SXH2-8T5N34_T"}],"hashtags":[{"start":6,"end":16,"tag":"ButterDay"},{"start":59,"end":76,"tag":"ButterChardonnay"},{"start":96,"end":101,"tag":"Yeti"},{"start":206,"end":210,"tag":"WIN"}],"mentions":[{"start":158,"end":173,"username":"BottleRockNapa"},{"start":181,"end":195,"username":"mattnathanson"}]},"id":"1298331683490598913","text":"Win a #ButterDay! For you and 3 besties. A prize pack with #ButterChardonnay, Govinos, a Butter #Yeti cooler and more swag! Plus a virtual JaMSession to meet @BottleRockNapa artist @MattNathanson. ENTER TO #WIN! https://t.co/D03Hv2D6rg","lang":"en","author_id":"248270245","source":"Twitter Web App","reply_settings":"everyone"},{"public_metrics":{"retweet_count":0,"reply_count":0,"like_count":1,"quote_count":0},"created_at":"2020-08-25T17:11:03.000Z","entities":{"urls":[{"start":212,"end":235,"url":"https://t.co/5WuuLpJam8","expanded_url":"https://ul.ink/T0QJ-8T5GKC_T","display_url":"ul.ink/T0QJ-8T5GKC_T"}],"hashtags":[{"start":6,"end":16,"tag":"ButterDay"},{"start":59,"end":76,"tag":"ButterChardonnay"},{"start":96,"end":101,"tag":"Yeti"},{"start":206,"end":210,"tag":"WIN"}],"mentions":[{"start":158,"end":173,"username":"BottleRockNapa"},{"start":181,"end":195,"username":"mattnathanson"}]},"id":"1298306909594742784","text":"Win a #ButterDay! For you and 3 besties. A prize pack with #ButterChardonnay, Govinos, a Butter #Yeti cooler and more swag! Plus a virtual JaMSession to meet @BottleRockNapa artist @MattNathanson. ENTER TO #WIN! https://t.co/5WuuLpJam8","lang":"en","author_id":"97140567","source":"Twitter Web App","reply_settings":"everyone"},{"public_metrics":{"retweet_count":0,"reply_count":0,"like_count":0,"quote_count":0},"created_at":"2020-08-25T10:39:43.000Z","entities":{"urls":[{"start":212,"end":235,"url":"https://t.co/etbZa7nP1g","expanded_url":"https://ul.ink/T0S0-8T4VN4_T","display_url":"ul.ink/T0S0-8T4VN4_T"}],"hashtags":[{"start":6,"end":16,"tag":"ButterDay"},{"start":59,"end":76,"tag":"ButterChardonnay"},{"start":96,"end":101,"tag":"Yeti"},{"start":206,"end":210,"tag":"WIN"}],"mentions":[{"start":158,"end":173,"username":"BottleRockNapa"},{"start":181,"end":195,"username":"mattnathanson"}]},"id":"1298208429484498945","text":"Win a #ButterDay! For you and 3 besties. A prize pack with #ButterChardonnay, Govinos, a Butter #Yeti cooler and more swag! Plus a virtual JaMSession to meet @BottleRockNapa artist @MattNathanson. ENTER TO #WIN! https://t.co/etbZa7nP1g","lang":"en","author_id":"21218783","source":"Twitter Web App","reply_settings":"everyone"},{"public_metrics":{"retweet_count":0,"reply_count":0,"like_count":0,"quote_count":0},"created_at":"2020-08-24T21:24:14.000Z","entities":{"urls":[{"start":212,"end":235,"url":"https://t.co/Z8etCzQIZF","expanded_url":"https://ul.ink/T0S4-8T46XY_T","display_url":"ul.ink/T0S4-8T46XY_T"}],"hashtags":[{"start":6,"end":16,"tag":"ButterDay"},{"start":59,"end":76,"tag":"ButterChardonnay"},{"start":96,"end":101,"tag":"Yeti"},{"start":206,"end":210,"tag":"WIN"}],"mentions":[{"start":158,"end":173,"username":"BottleRockNapa"},{"start":181,"end":195,"username":"mattnathanson"}]},"id":"1298008238231678977","text":"Win a #ButterDay! For you and 3 besties. A prize pack with #ButterChardonnay, Govinos, a Butter #Yeti cooler and more swag! Plus a virtual JaMSession to meet @BottleRockNapa artist @MattNathanson. ENTER TO #WIN! https://t.co/Z8etCzQIZF","lang":"en","author_id":"853592444","source":"Twitter Web App","reply_settings":"everyone"},{"public_metrics":{"retweet_count":0,"reply_count":0,"like_count":0,"quote_count":0},"created_at":"2020-08-24T19:47:35.000Z","entities":{"urls":[{"start":212,"end":235,"url":"https://t.co/1sz66ndgcf","expanded_url":"https://ul.ink/SXH2-8T43NG_T","display_url":"ul.ink/SXH2-8T43NG_T"}],"hashtags":[{"start":6,"end":16,"tag":"ButterDay"},{"start":59,"end":76,"tag":"ButterChardonnay"},{"start":96,"end":101,"tag":"Yeti"},{"start":206,"end":210,"tag":"WIN"}],"mentions":[{"start":158,"end":173,"username":"BottleRockNapa"},{"start":181,"end":195,"username":"mattnathanson"}]},"id":"1297983914775130119","text":"Win a #ButterDay! For you and 3 besties. A prize pack with #ButterChardonnay, Govinos, a Butter #Yeti cooler and more swag! Plus a virtual JaMSession to meet @BottleRockNapa artist @MattNathanson. ENTER TO #WIN! https://t.co/1sz66ndgcf","lang":"en","author_id":"248270245","source":"Twitter Web App","reply_settings":"everyone"},{"public_metrics":{"retweet_count":1,"reply_count":0,"like_count":0,"quote_count":0},"created_at":"2020-08-24T16:14:40.000Z","entities":{"urls":[{"start":212,"end":235,"url":"https://t.co/aQMgIQkZuu","expanded_url":"https://ul.ink/T0QJ-8T3S60_T","display_url":"ul.ink/T0QJ-8T3S60_T"}],"hashtags":[{"start":6,"end":16,"tag":"ButterDay"},{"start":59,"end":76,"tag":"ButterChardonnay"},{"start":96,"end":101,"tag":"Yeti"},{"start":206,"end":210,"tag":"WIN"}],"mentions":[{"start":158,"end":173,"username":"BottleRockNapa"},{"start":181,"end":195,"username":"mattnathanson"}]},"id":"1297930332381908992","text":"Win a #ButterDay! For you and 3 besties. A prize pack with #ButterChardonnay, Govinos, a Butter #Yeti cooler and more swag! Plus a virtual JaMSession to meet @BottleRockNapa artist @MattNathanson. ENTER TO #WIN! https://t.co/aQMgIQkZuu","lang":"en","author_id":"97140567","source":"Twitter Web App","reply_settings":"everyone"},{"public_metrics":{"retweet_count":0,"reply_count":0,"like_count":0,"quote_count":0},"created_at":"2020-08-24T11:54:40.000Z","entities":{"urls":[{"start":212,"end":235,"url":"https://t.co/bYA3uS10W9","expanded_url":"https://ul.ink/T0S0-8T384W_T","display_url":"ul.ink/T0S0-8T384W_T"}],"hashtags":[{"start":6,"end":16,"tag":"ButterDay"},{"start":43,"end":60,"tag":"ButterChardonnay"},{"start":114,"end":119,"tag":"Yeti"},{"start":206,"end":210,"tag":"WIN"}],"mentions":[{"start":173,"end":188,"username":"BottleRockNapa"}]},"id":"1297864903940886530","text":"Win a #ButterDay! For you and 3 besties. A #ButterChardonnay Prize Pack with Butter Chardonnay, Govinos, a Butter #Yeti cooler and more swag! Plus a virtual JaMSession with @BottleRockNapa artist. ENTER TO #WIN! https://t.co/bYA3uS10W9","lang":"en","author_id":"21218783","source":"Twitter Web App","reply_settings":"everyone"},{"public_metrics":{"retweet_count":0,"reply_count":0,"like_count":0,"quote_count":0},"created_at":"2020-08-24T05:55:48.000Z","id":"1297774589087379456","text":"I will be playing what I heard last Friday. Right after #Imola Exit going toward #Napa on freeway. I saw lots black birds fly over me. @napacountyfire @CityofNapa @NapaSheriff @CountyofNapa  @BottleRockNapa @NapaRegister @VisitNapaValley @CHP_Napa @NapaPD @CAL_FIRE","lang":"en","entities":{"hashtags":[{"start":56,"end":62,"tag":"Imola"},{"start":81,"end":86,"tag":"Napa"}],"mentions":[{"start":135,"end":150,"username":"napacountyfire"},{"start":151,"end":162,"username":"CityofNapa"},{"start":163,"end":175,"username":"NapaSheriff"},{"start":176,"end":189,"username":"CountyofNapa"},{"start":191,"end":206,"username":"BottleRockNapa"},{"start":207,"end":220,"username":"NapaRegister"},{"start":221,"end":237,"username":"VisitNapaValley"},{"start":238,"end":247,"username":"CHP_Napa"},{"start":248,"end":255,"username":"NapaPD"},{"start":256,"end":265,"username":"CAL_FIRE"}]},"author_id":"922971694372864001","source":"Twitter for iPhone","reply_settings":"everyone"},{"public_metrics":{"retweet_count":0,"reply_count":0,"like_count":0,"quote_count":0},"created_at":"2020-08-23T21:42:29.000Z","entities":{"urls":[{"start":212,"end":235,"url":"https://t.co/AOJ1DocxOp","expanded_url":"https://ul.ink/T0S4-8T2PQ2_T","display_url":"ul.ink/T0S4-8T2PQ2_T"}],"hashtags":[{"start":6,"end":16,"tag":"ButterDay"},{"start":43,"end":60,"tag":"ButterChardonnay"},{"start":114,"end":119,"tag":"Yeti"},{"start":206,"end":210,"tag":"WIN"}],"mentions":[{"start":173,"end":188,"username":"BottleRockNapa"}]},"id":"1297650441564504065","text":"Win a #ButterDay! For you and 3 besties. A #ButterChardonnay Prize Pack with Butter Chardonnay, Govinos, a Butter #Yeti cooler and more swag! Plus a virtual JaMSession with @BottleRockNapa artist. ENTER TO #WIN! https://t.co/AOJ1DocxOp","lang":"en","author_id":"602949303","source":"Twitter Web App","reply_settings":"everyone"},{"public_metrics":{"retweet_count":0,"reply_count":0,"like_count":0,"quote_count":0},"created_at":"2020-08-23T19:17:03.000Z","entities":{"urls":[{"start":212,"end":235,"url":"https://t.co/xHOso0SBWA","expanded_url":"https://ul.ink/SXH2-8T2JX2_T","display_url":"ul.ink/SXH2-8T2JX2_T","status":200,"unwound_url":"https://ul.ink/SXH2-8T2JX2_T"}],"hashtags":[{"start":6,"end":16,"tag":"ButterDay"},{"start":43,"end":60,"tag":"ButterChardonnay"},{"start":114,"end":119,"tag":"Yeti"},{"start":206,"end":210,"tag":"WIN"}],"mentions":[{"start":173,"end":188,"username":"BottleRockNapa"}]},"id":"1297613844576178177","text":"Win a #ButterDay! For you and 3 besties. A #ButterChardonnay Prize Pack with Butter Chardonnay, Govinos, a Butter #Yeti cooler and more swag! Plus a virtual JaMSession with @BottleRockNapa artist. ENTER TO #WIN! https://t.co/xHOso0SBWA","lang":"en","author_id":"248270245","source":"Twitter Web App","reply_settings":"everyone"},{"public_metrics":{"retweet_count":0,"reply_count":0,"like_count":0,"quote_count":0},"created_at":"2020-08-23T17:04:27.000Z","entities":{"urls":[{"start":212,"end":235,"url":"https://t.co/eopDatlhBm","expanded_url":"https://ul.ink/T0QJ-8T00HG_T","display_url":"ul.ink/T0QJ-8T00HG_T"}],"hashtags":[{"start":6,"end":16,"tag":"ButterDay"},{"start":43,"end":60,"tag":"ButterChardonnay"},{"start":114,"end":119,"tag":"Yeti"},{"start":206,"end":210,"tag":"WIN"}],"mentions":[{"start":173,"end":188,"username":"BottleRockNapa"}]},"id":"1297580474953474048","text":"Win a #ButterDay! For you and 3 besties. A #ButterChardonnay Prize Pack with Butter Chardonnay, Govinos, a Butter #Yeti cooler and more swag! Plus a virtual JaMSession with @BottleRockNapa artist. ENTER TO #WIN! https://t.co/eopDatlhBm","lang":"en","author_id":"97140567","source":"Twitter Web App","reply_settings":"everyone"},{"public_metrics":{"retweet_count":0,"reply_count":0,"like_count":0,"quote_count":0},"created_at":"2020-08-23T15:46:10.000Z","entities":{"urls":[{"start":212,"end":235,"url":"https://t.co/d5oZ6SekEK","expanded_url":"https://ul.ink/T0S0-8T2ARJ_T","display_url":"ul.ink/T0S0-8T2ARJ_T"}],"hashtags":[{"start":6,"end":16,"tag":"ButterDay"},{"start":43,"end":60,"tag":"ButterChardonnay"},{"start":114,"end":119,"tag":"Yeti"},{"start":206,"end":210,"tag":"WIN"}],"mentions":[{"start":173,"end":188,"username":"BottleRockNapa"}]},"id":"1297560773082804225","text":"Win a #ButterDay! For you and 3 besties. A #ButterChardonnay Prize Pack with Butter Chardonnay, Govinos, a Butter #Yeti cooler and more swag! Plus a virtual JaMSession with @BottleRockNapa artist. ENTER TO #WIN! https://t.co/d5oZ6SekEK","lang":"en","author_id":"24354032","source":"Twitter Web App","reply_settings":"everyone"},{"public_metrics":{"retweet_count":0,"reply_count":0,"like_count":0,"quote_count":0},"created_at":"2020-08-23T13:28:32.000Z","entities":{"urls":[{"start":212,"end":235,"url":"https://t.co/gEcwdWK9Wv","expanded_url":"https://ul.ink/T0S0-8T23X4_T","display_url":"ul.ink/T0S0-8T23X4_T","status":200,"unwound_url":"https://ul.ink/T0S0-8T23X4_T"}],"hashtags":[{"start":6,"end":16,"tag":"ButterDay"},{"start":43,"end":60,"tag":"ButterChardonnay"},{"start":114,"end":119,"tag":"Yeti"},{"start":206,"end":210,"tag":"WIN"}],"mentions":[{"start":173,"end":188,"username":"BottleRockNapa"}]},"id":"1297526135740338177","text":"Win a #ButterDay! For you and 3 besties. A #ButterChardonnay Prize Pack with Butter Chardonnay, Govinos, a Butter #Yeti cooler and more swag! Plus a virtual JaMSession with @BottleRockNapa artist. ENTER TO #WIN! https://t.co/gEcwdWK9Wv","lang":"en","author_id":"21218783","source":"Twitter Web App","reply_settings":"everyone"},{"public_metrics":{"retweet_count":0,"reply_count":0,"like_count":0,"quote_count":0},"created_at":"2020-08-23T02:27:33.000Z","entities":{"urls":[{"start":212,"end":235,"url":"https://t.co/2pBFtnrvdT","expanded_url":"https://ul.ink/T0S0-8T1SN2_T","display_url":"ul.ink/T0S0-8T1SN2_T"}],"hashtags":[{"start":6,"end":16,"tag":"ButterDay"},{"start":43,"end":60,"tag":"ButterChardonnay"},{"start":114,"end":119,"tag":"Yeti"},{"start":206,"end":210,"tag":"WIN"}],"mentions":[{"start":173,"end":188,"username":"BottleRockNapa"}]},"id":"1297359793447829505","text":"Win a #ButterDay! For you and 3 besties. A #ButterChardonnay Prize Pack with Butter Chardonnay, Govinos, a Butter #Yeti cooler and more swag! Plus a virtual JaMSession with @BottleRockNapa artist. ENTER TO #WIN! https://t.co/2pBFtnrvdT","lang":"en","author_id":"866851767505395712","source":"Twitter Web App","reply_settings":"everyone"},{"public_metrics":{"retweet_count":0,"reply_count":0,"like_count":0,"quote_count":0},"created_at":"2020-08-23T02:25:20.000Z","entities":{"urls":[{"start":212,"end":235,"url":"https://t.co/egeuteb5b2","expanded_url":"https://ul.ink/T0S4-8T1SK2_T","display_url":"ul.ink/T0S4-8T1SK2_T"}],"hashtags":[{"start":6,"end":16,"tag":"ButterDay"},{"start":43,"end":60,"tag":"ButterChardonnay"},{"start":114,"end":119,"tag":"Yeti"},{"start":206,"end":210,"tag":"WIN"}],"mentions":[{"start":173,"end":188,"username":"BottleRockNapa"}]},"id":"1297359236230414336","text":"Win a #ButterDay! For you and 3 besties. A #ButterChardonnay Prize Pack with Butter Chardonnay, Govinos, a Butter #Yeti cooler and more swag! Plus a virtual JaMSession with @BottleRockNapa artist. ENTER TO #WIN! https://t.co/egeuteb5b2","lang":"en","author_id":"797046012","source":"Twitter Web App","reply_settings":"everyone"},{"public_metrics":{"retweet_count":0,"reply_count":0,"like_count":0,"quote_count":0},"created_at":"2020-08-22T22:48:09.000Z","entities":{"urls":[{"start":212,"end":235,"url":"https://t.co/iK5OwzxLJp","expanded_url":"https://ul.ink/T0S0-8T1KV8_T","display_url":"ul.ink/T0S0-8T1KV8_T"}],"hashtags":[{"start":6,"end":16,"tag":"ButterDay"},{"start":43,"end":60,"tag":"ButterChardonnay"},{"start":114,"end":119,"tag":"Yeti"},{"start":206,"end":210,"tag":"WIN"}],"mentions":[{"start":173,"end":188,"username":"BottleRockNapa"}]},"id":"1297304579508322305","text":"Win a #ButterDay! For you and 3 besties. A #ButterChardonnay Prize Pack with Butter Chardonnay, Govinos, a Butter #Yeti cooler and more swag! Plus a virtual JaMSession with @BottleRockNapa artist. ENTER TO #WIN! https://t.co/iK5OwzxLJp","lang":"en","author_id":"723248898806976512","source":"Twitter Web App","reply_settings":"everyone"},{"public_metrics":{"retweet_count":0,"reply_count":0,"like_count":0,"quote_count":0},"created_at":"2020-08-22T21:35:40.000Z","entities":{"urls":[{"start":212,"end":235,"url":"https://t.co/QRUYbf4njk","expanded_url":"https://ul.ink/SXH2-8T1HW8_T","display_url":"ul.ink/SXH2-8T1HW8_T"}],"hashtags":[{"start":6,"end":16,"tag":"ButterDay"},{"start":43,"end":60,"tag":"ButterChardonnay"},{"start":114,"end":119,"tag":"Yeti"},{"start":206,"end":210,"tag":"WIN"}],"mentions":[{"start":173,"end":188,"username":"BottleRockNapa"}]},"id":"1297286341386960896","text":"Win a #ButterDay! For you and 3 besties. A #ButterChardonnay Prize Pack with Butter Chardonnay, Govinos, a Butter #Yeti cooler and more swag! Plus a virtual JaMSession with @BottleRockNapa artist. ENTER TO #WIN! https://t.co/QRUYbf4njk","lang":"en","author_id":"248270245","source":"Twitter Web App","reply_settings":"everyone"},{"public_metrics":{"retweet_count":0,"reply_count":0,"like_count":0,"quote_count":0},"created_at":"2020-08-22T17:53:17.000Z","entities":{"urls":[{"start":212,"end":235,"url":"https://t.co/eopDatlhBm","expanded_url":"https://ul.ink/T0QJ-8T00HG_T","display_url":"ul.ink/T0QJ-8T00HG_T"}],"hashtags":[{"start":6,"end":16,"tag":"ButterDay"},{"start":43,"end":60,"tag":"ButterChardonnay"},{"start":114,"end":119,"tag":"Yeti"},{"start":206,"end":210,"tag":"WIN"}],"mentions":[{"start":173,"end":188,"username":"BottleRockNapa"}]},"id":"1297230373823197186","text":"Win a #ButterDay! For you and 3 besties. A #ButterChardonnay Prize Pack with Butter Chardonnay, Govinos, a Butter #Yeti cooler and more swag! Plus a virtual JaMSession with @BottleRockNapa artist. ENTER TO #WIN! https://t.co/eopDatlhBm","lang":"en","author_id":"97140567","source":"Twitter Web App","reply_settings":"everyone"},{"public_metrics":{"retweet_count":0,"reply_count":0,"like_count":0,"quote_count":0},"created_at":"2020-08-22T17:14:19.000Z","entities":{"urls":[{"start":212,"end":235,"url":"https://t.co/2oQIUj9gcm","expanded_url":"https://ul.ink/T0QJ-8SVBHR_T","display_url":"ul.ink/T0QJ-8SVBHR_T"}],"hashtags":[{"start":6,"end":16,"tag":"ButterDay"},{"start":43,"end":60,"tag":"ButterChardonnay"},{"start":114,"end":119,"tag":"Yeti"},{"start":206,"end":210,"tag":"WIN"}],"mentions":[{"start":173,"end":188,"username":"BottleRockNapa"}]},"id":"1297220567276412928","text":"Win a #ButterDay! For you and 3 besties. A #ButterChardonnay Prize Pack with Butter Chardonnay, Govinos, a Butter #Yeti cooler and more swag! Plus a virtual JaMSession with @BottleRockNapa artist. ENTER TO #WIN! https://t.co/2oQIUj9gcm","lang":"en","author_id":"1287261720","source":"Twitter Web App","reply_settings":"everyone"},{"public_metrics":{"retweet_count":0,"reply_count":0,"like_count":0,"quote_count":0},"created_at":"2020-08-22T15:55:13.000Z","entities":{"urls":[{"start":212,"end":235,"url":"https://t.co/PJJDjmBJNp","expanded_url":"https://ul.ink/T0S4-8T142W_T","display_url":"ul.ink/T0S4-8T142W_T"}],"hashtags":[{"start":6,"end":16,"tag":"ButterDay"},{"start":43,"end":60,"tag":"ButterChardonnay"},{"start":114,"end":119,"tag":"Yeti"},{"start":206,"end":210,"tag":"WIN"}],"mentions":[{"start":173,"end":188,"username":"BottleRockNapa"}]},"id":"1297200664615858176","text":"Win a #ButterDay! For you and 3 besties. A #ButterChardonnay Prize Pack with Butter Chardonnay, Govinos, a Butter #Yeti cooler and more swag! Plus a virtual JaMSession with @BottleRockNapa artist. ENTER TO #WIN! https://t.co/PJJDjmBJNp","lang":"en","author_id":"602949303","source":"Twitter Web App","reply_settings":"everyone"},{"public_metrics":{"retweet_count":0,"reply_count":0,"like_count":0,"quote_count":0},"created_at":"2020-08-22T11:53:43.000Z","entities":{"urls":[{"start":212,"end":235,"url":"https://t.co/oqvttoGDag","expanded_url":"https://ul.ink/T0S0-8T0TY0_T","display_url":"ul.ink/T0S0-8T0TY0_T"}],"hashtags":[{"start":6,"end":16,"tag":"ButterDay"},{"start":43,"end":60,"tag":"ButterChardonnay"},{"start":114,"end":119,"tag":"Yeti"},{"start":206,"end":210,"tag":"WIN"}],"mentions":[{"start":173,"end":188,"username":"BottleRockNapa"}]},"id":"1297139886626091008","text":"Win a #ButterDay! For you and 3 besties. A #ButterChardonnay Prize Pack with Butter Chardonnay, Govinos, a Butter #Yeti cooler and more swag! Plus a virtual JaMSession with @BottleRockNapa artist. ENTER TO #WIN! https://t.co/oqvttoGDag","lang":"en","author_id":"21218783","source":"Twitter Web App","reply_settings":"everyone"},{"public_metrics":{"retweet_count":0,"reply_count":0,"like_count":0,"quote_count":0},"created_at":"2020-08-22T11:43:45.000Z","entities":{"urls":[{"start":259,"end":282,"url":"https://t.co/gsKbEde3Db","expanded_url":"https://www.amazon.com/Sogrand-Decorative-Decorations-Stainless-Landscape/dp/B07PGL39CZ/ref=sr_1_25?dchild=1&keywords=solar+light&m=A39PH15OSSYYUG&qid=1597474363&s=merchant-items&sr=1-25","display_url":"amazon.com/Sogrand-Decora…"},{"start":283,"end":306,"url":"https://t.co/id5GsFofCB","expanded_url":"https://twitter.com/RRoy2021/status/1297137379220705280/photo/1","display_url":"pic.twitter.com/id5GsFofCB"}],"annotations":[{"start":91,"end":96,"probability":0.6653,"type":"Organization","normalized_text":"Amazon"}],"mentions":[{"start":0,"end":16,"username":"SolarEnergyNews"},{"start":17,"end":32,"username":"BottleRockNapa"}]},"id":"1297137379220705280","text":"@SolarEnergyNews @BottleRockNapa Hi guys, I would recommend a great Solar Lights seller on Amazon which I bought from and used for years, really got great fun and charming lighting atmosphere around house.\n \nHere is the beautiful Solar light I like so much : https://t.co/gsKbEde3Db https://t.co/id5GsFofCB","lang":"en","in_reply_to_user_id":"20832496","author_id":"1251101653173850112","source":"Twitter Web App","reply_settings":"everyone"},{"public_metrics":{"retweet_count":0,"reply_count":0,"like_count":0,"quote_count":0},"created_at":"2020-08-21T23:52:34.000Z","entities":{"urls":[{"start":212,"end":235,"url":"https://t.co/u97zcSyLmI","expanded_url":"https://ul.ink/T0S0-8T0EB0_T","display_url":"ul.ink/T0S0-8T0EB0_T","status":200,"unwound_url":"https://ul.ink/T0S0-8T0EB0_T"}],"hashtags":[{"start":6,"end":16,"tag":"ButterDay"},{"start":43,"end":60,"tag":"ButterChardonnay"},{"start":114,"end":119,"tag":"Yeti"},{"start":206,"end":210,"tag":"WIN"}],"mentions":[{"start":173,"end":188,"username":"BottleRockNapa"}]},"id":"1296958402250203136","text":"Win a #ButterDay! For you and 3 besties. A #ButterChardonnay Prize Pack with Butter Chardonnay, Govinos, a Butter #Yeti cooler and more swag! Plus a virtual JaMSession with @BottleRockNapa artist. ENTER TO #WIN! https://t.co/u97zcSyLmI","lang":"en","author_id":"866851767505395712","source":"Twitter Web App","reply_settings":"everyone"},{"public_metrics":{"retweet_count":0,"reply_count":0,"like_count":0,"quote_count":0},"created_at":"2020-08-21T22:50:03.000Z","entities":{"urls":[{"start":212,"end":235,"url":"https://t.co/fvTYGIw9Jn","expanded_url":"https://ul.ink/T0S4-8T0CNA_T","display_url":"ul.ink/T0S4-8T0CNA_T"}],"hashtags":[{"start":6,"end":16,"tag":"ButterDay"},{"start":43,"end":60,"tag":"ButterChardonnay"},{"start":114,"end":119,"tag":"Yeti"},{"start":206,"end":210,"tag":"WIN"}],"mentions":[{"start":173,"end":188,"username":"BottleRockNapa"}]},"id":"1296942669269106688","text":"Win a #ButterDay! For you and 3 besties. A #ButterChardonnay Prize Pack with Butter Chardonnay, Govinos, a Butter #Yeti cooler and more swag! Plus a virtual JaMSession with @BottleRockNapa artist. ENTER TO #WIN! https://t.co/fvTYGIw9Jn","lang":"en","author_id":"37790396","source":"Twitter Web App","reply_settings":"everyone"},{"public_metrics":{"retweet_count":0,"reply_count":0,"like_count":0,"quote_count":0},"created_at":"2020-08-21T19:25:27.000Z","entities":{"urls":[{"start":212,"end":235,"url":"https://t.co/wxZBCzw59A","expanded_url":"https://ul.ink/SXH2-8T05ST_T","display_url":"ul.ink/SXH2-8T05ST_T"}],"hashtags":[{"start":6,"end":16,"tag":"ButterDay"},{"start":43,"end":60,"tag":"ButterChardonnay"},{"start":114,"end":119,"tag":"Yeti"},{"start":206,"end":210,"tag":"WIN"}],"mentions":[{"start":173,"end":188,"username":"BottleRockNapa"}]},"id":"1296891182610558977","text":"Win a #ButterDay! For you and 3 besties. A #ButterChardonnay Prize Pack with Butter Chardonnay, Govinos, a Butter #Yeti cooler and more swag! Plus a virtual JaMSession with @BottleRockNapa artist. ENTER TO #WIN! https://t.co/wxZBCzw59A","lang":"en","author_id":"248270245","source":"Twitter Web App","reply_settings":"everyone"},{"public_metrics":{"retweet_count":0,"reply_count":0,"like_count":0,"quote_count":0},"created_at":"2020-08-21T15:43:42.000Z","entities":{"urls":[{"start":212,"end":235,"url":"https://t.co/iASZ3Qhj9g","expanded_url":"https://ul.ink/SXH2-8SZVM2_T","display_url":"ul.ink/SXH2-8SZVM2_T"}],"hashtags":[{"start":6,"end":16,"tag":"ButterDay"},{"start":43,"end":60,"tag":"ButterChardonnay"},{"start":114,"end":119,"tag":"Yeti"},{"start":206,"end":210,"tag":"WIN"}],"mentions":[{"start":173,"end":188,"username":"BottleRockNapa"}]},"id":"1296835374803755008","text":"Win a #ButterDay! For you and 3 besties. A #ButterChardonnay Prize Pack with Butter Chardonnay, Govinos, a Butter #Yeti cooler and more swag! Plus a virtual JaMSession with @BottleRockNapa artist. ENTER TO #WIN! https://t.co/iASZ3Qhj9g","lang":"en","author_id":"779447089","source":"Twitter Web App","reply_settings":"everyone"},{"public_metrics":{"retweet_count":0,"reply_count":0,"like_count":0,"quote_count":0},"created_at":"2020-08-21T13:29:52.000Z","entities":{"urls":[{"start":212,"end":235,"url":"https://t.co/D5QIX1ODH8","expanded_url":"https://ul.ink/T0S0-8SZH76_T","display_url":"ul.ink/T0S0-8SZH76_T"}],"hashtags":[{"start":6,"end":16,"tag":"ButterDay"},{"start":43,"end":60,"tag":"ButterChardonnay"},{"start":114,"end":119,"tag":"Yeti"},{"start":206,"end":210,"tag":"WIN"}],"mentions":[{"start":173,"end":188,"username":"BottleRockNapa"}]},"id":"1296801695322832897","text":"Win a #ButterDay! For you and 3 besties. A #ButterChardonnay Prize Pack with Butter Chardonnay, Govinos, a Butter #Yeti cooler and more swag! Plus a virtual JaMSession with @BottleRockNapa artist. ENTER TO #WIN! https://t.co/D5QIX1ODH8","lang":"en","author_id":"21218783","source":"Twitter Web App","reply_settings":"everyone"},{"public_metrics":{"retweet_count":1,"reply_count":0,"like_count":0,"quote_count":0},"created_at":"2020-08-21T02:20:02.000Z","entities":{"urls":[{"start":212,"end":235,"url":"https://t.co/fiJvoR3rt4","expanded_url":"https://ul.ink/T0RY-8SZ2S0_T","display_url":"ul.ink/T0RY-8SZ2S0_T"}],"hashtags":[{"start":6,"end":16,"tag":"ButterDay"},{"start":43,"end":60,"tag":"ButterChardonnay"},{"start":114,"end":119,"tag":"Yeti"},{"start":206,"end":210,"tag":"WIN"}],"mentions":[{"start":173,"end":188,"username":"BottleRockNapa"}]},"id":"1296633128555966465","text":"Win a #ButterDay! For you and 3 besties. A #ButterChardonnay Prize Pack with Butter Chardonnay, Govinos, a Butter #Yeti cooler and more swag! Plus a virtual JaMSession with @BottleRockNapa artist. ENTER TO #WIN! https://t.co/fiJvoR3rt4","lang":"en","author_id":"87266037","source":"Twitter Web App","reply_settings":"everyone"},{"public_metrics":{"retweet_count":0,"reply_count":0,"like_count":0,"quote_count":0},"created_at":"2020-08-21T02:14:14.000Z","entities":{"urls":[{"start":212,"end":235,"url":"https://t.co/dV3cgJiy4z","expanded_url":"https://ul.ink/T0S0-8SZ2GA_T","display_url":"ul.ink/T0S0-8SZ2GA_T"}],"hashtags":[{"start":6,"end":16,"tag":"ButterDay"},{"start":43,"end":60,"tag":"ButterChardonnay"},{"start":114,"end":119,"tag":"Yeti"},{"start":206,"end":210,"tag":"WIN"}],"mentions":[{"start":173,"end":188,"username":"BottleRockNapa"}]},"id":"1296631668132978690","text":"Win a #ButterDay! For you and 3 besties. A #ButterChardonnay Prize Pack with Butter Chardonnay, Govinos, a Butter #Yeti cooler and more swag! Plus a virtual JaMSession with @BottleRockNapa artist. ENTER TO #WIN! https://t.co/dV3cgJiy4z","lang":"en","author_id":"797046012","source":"Twitter Web App","reply_settings":"everyone"},{"public_metrics":{"retweet_count":0,"reply_count":0,"like_count":0,"quote_count":0},"created_at":"2020-08-20T23:22:12.000Z","entities":{"urls":[{"start":212,"end":235,"url":"https://t.co/JcZtxqCYAh","expanded_url":"https://ul.ink/T0S0-8SYWMM_T","display_url":"ul.ink/T0S0-8SYWMM_T"}],"hashtags":[{"start":6,"end":16,"tag":"ButterDay"},{"start":43,"end":60,"tag":"ButterChardonnay"},{"start":114,"end":119,"tag":"Yeti"},{"start":206,"end":210,"tag":"WIN"}],"mentions":[{"start":173,"end":188,"username":"BottleRockNapa"}]},"id":"1296588374958989312","text":"Win a #ButterDay! For you and 3 besties. A #ButterChardonnay Prize Pack with Butter Chardonnay, Govinos, a Butter #Yeti cooler and more swag! Plus a virtual JaMSession with @BottleRockNapa artist. ENTER TO #WIN! https://t.co/JcZtxqCYAh","lang":"en","author_id":"24354032","source":"Twitter Web App","reply_settings":"everyone"},{"public_metrics":{"retweet_count":0,"reply_count":0,"like_count":0,"quote_count":0},"created_at":"2020-08-20T19:33:50.000Z","entities":{"urls":[{"start":212,"end":235,"url":"https://t.co/UifI4iANgd","expanded_url":"https://ul.ink/SXH2-8SYK9R_T","display_url":"ul.ink/SXH2-8SYK9R_T"}],"hashtags":[{"start":6,"end":16,"tag":"ButterDay"},{"start":43,"end":60,"tag":"ButterChardonnay"},{"start":114,"end":119,"tag":"Yeti"},{"start":206,"end":210,"tag":"WIN"}],"mentions":[{"start":173,"end":188,"username":"BottleRockNapa"}]},"id":"1296530902613405701","text":"Win a #ButterDay! For you and 3 besties. A #ButterChardonnay Prize Pack with Butter Chardonnay, Govinos, a Butter #Yeti cooler and more swag! Plus a virtual JaMSession with @BottleRockNapa artist. ENTER TO #WIN! https://t.co/UifI4iANgd","lang":"en","author_id":"248270245","source":"Twitter Web App","reply_settings":"everyone"},{"public_metrics":{"retweet_count":0,"reply_count":0,"like_count":0,"quote_count":0},"created_at":"2020-08-20T18:09:14.000Z","entities":{"urls":[{"start":212,"end":235,"url":"https://t.co/HhSzbVIj3m","expanded_url":"https://ul.ink/T0S0-8SYFS2_T","display_url":"ul.ink/T0S0-8SYFS2_T"}],"hashtags":[{"start":6,"end":16,"tag":"ButterDay"},{"start":43,"end":60,"tag":"ButterChardonnay"},{"start":114,"end":119,"tag":"Yeti"},{"start":206,"end":210,"tag":"WIN"}],"mentions":[{"start":173,"end":188,"username":"BottleRockNapa"}]},"id":"1296509615518167041","text":"Win a #ButterDay! For you and 3 besties. A #ButterChardonnay Prize Pack with Butter Chardonnay, Govinos, a Butter #Yeti cooler and more swag! Plus a virtual JaMSession with @BottleRockNapa artist. ENTER TO #WIN! https://t.co/HhSzbVIj3m","lang":"en","author_id":"866851767505395712","source":"Twitter for iPhone","reply_settings":"everyone"},{"public_metrics":{"retweet_count":0,"reply_count":0,"like_count":0,"quote_count":0},"created_at":"2020-08-20T15:07:11.000Z","id":"1296463798442893314","text":"@BottleRockNapa Lyte","lang":"sv","in_reply_to_user_id":"1007391884","author_id":"30592478","entities":{"mentions":[{"start":0,"end":15,"username":"BottleRockNapa"}]},"source":"Twitter for iPhone","reply_settings":"everyone"},{"public_metrics":{"retweet_count":0,"reply_count":0,"like_count":0,"quote_count":0},"created_at":"2020-08-20T12:18:57.000Z","entities":{"urls":[{"start":212,"end":235,"url":"https://t.co/34Gjb3obAV","expanded_url":"https://ul.ink/T0S0-8SXV9A_T","display_url":"ul.ink/T0S0-8SXV9A_T"}],"hashtags":[{"start":6,"end":16,"tag":"ButterDay"},{"start":43,"end":60,"tag":"ButterChardonnay"},{"start":114,"end":119,"tag":"Yeti"},{"start":206,"end":210,"tag":"WIN"}],"mentions":[{"start":173,"end":188,"username":"BottleRockNapa"}]},"id":"1296421463558422528","text":"Win a #ButterDay! For you and 3 besties. A #ButterChardonnay Prize Pack with Butter Chardonnay, Govinos, a Butter #Yeti cooler and more swag! Plus a virtual JaMSession with @BottleRockNapa artist. ENTER TO #WIN! https://t.co/34Gjb3obAV","lang":"en","author_id":"21218783","source":"Twitter Web App","reply_settings":"everyone"},{"public_metrics":{"retweet_count":0,"reply_count":0,"like_count":0,"quote_count":0},"created_at":"2020-08-20T01:01:29.000Z","entities":{"urls":[{"start":212,"end":235,"url":"https://t.co/1p9CyCQcAL","expanded_url":"https://ul.ink/T0S0-8SXBD6_T","display_url":"ul.ink/T0S0-8SXBD6_T"}],"hashtags":[{"start":6,"end":16,"tag":"ButterDay"},{"start":43,"end":60,"tag":"ButterChardonnay"},{"start":114,"end":119,"tag":"Yeti"},{"start":206,"end":210,"tag":"WIN"}],"mentions":[{"start":173,"end":188,"username":"BottleRockNapa"}]},"id":"1296250971308220416","text":"Win a #ButterDay! For you and 3 besties. A #ButterChardonnay Prize Pack with Butter Chardonnay, Govinos, a Butter #Yeti cooler and more swag! Plus a virtual JaMSession with @BottleRockNapa artist. ENTER TO #WIN! https://t.co/1p9CyCQcAL","lang":"en","author_id":"24354032","source":"Twitter Web App","reply_settings":"everyone"},{"public_metrics":{"retweet_count":0,"reply_count":0,"like_count":0,"quote_count":0},"created_at":"2020-08-19T22:13:41.000Z","entities":{"urls":[{"start":212,"end":235,"url":"https://t.co/2oQIUjqR3U","expanded_url":"https://ul.ink/T0QJ-8SVBHR_T","display_url":"ul.ink/T0QJ-8SVBHR_T"}],"hashtags":[{"start":6,"end":16,"tag":"ButterDay"},{"start":43,"end":60,"tag":"ButterChardonnay"},{"start":114,"end":119,"tag":"Yeti"},{"start":206,"end":210,"tag":"WIN"}],"mentions":[{"start":173,"end":188,"username":"BottleRockNapa"}]},"id":"1296208742359289856","text":"Win a #ButterDay! For you and 3 besties. A #ButterChardonnay Prize Pack with Butter Chardonnay, Govinos, a Butter #Yeti cooler and more swag! Plus a virtual JaMSession with @BottleRockNapa artist. ENTER TO #WIN! https://t.co/2oQIUjqR3U","lang":"en","author_id":"1287261720","source":"Twitter Web App","reply_settings":"everyone"},{"public_metrics":{"retweet_count":0,"reply_count":0,"like_count":0,"quote_count":0},"created_at":"2020-08-19T19:39:49.000Z","entities":{"urls":[{"start":212,"end":235,"url":"https://t.co/6moVkRKSpx","expanded_url":"https://ul.ink/SXH2-8SX05M_T","display_url":"ul.ink/SXH2-8SX05M_T"}],"hashtags":[{"start":6,"end":16,"tag":"ButterDay"},{"start":43,"end":60,"tag":"ButterChardonnay"},{"start":114,"end":119,"tag":"Yeti"},{"start":206,"end":210,"tag":"WIN"}],"mentions":[{"start":173,"end":188,"username":"BottleRockNapa"}]},"id":"1296170023707344896","text":"Win a #ButterDay! For you and 3 besties. A #ButterChardonnay Prize Pack with Butter Chardonnay, Govinos, a Butter #Yeti cooler and more swag! Plus a virtual JaMSession with @BottleRockNapa artist. ENTER TO #WIN! https://t.co/6moVkRKSpx","lang":"en","author_id":"248270245","source":"Twitter Web App","reply_settings":"everyone"},{"public_metrics":{"retweet_count":0,"reply_count":0,"like_count":0,"quote_count":0},"created_at":"2020-08-19T11:39:42.000Z","entities":{"urls":[{"start":212,"end":235,"url":"https://t.co/0aIs9KsYda","expanded_url":"https://ul.ink/T0S0-8SW7HP_T","display_url":"ul.ink/T0S0-8SW7HP_T"}],"hashtags":[{"start":6,"end":16,"tag":"ButterDay"},{"start":43,"end":60,"tag":"ButterChardonnay"},{"start":114,"end":119,"tag":"Yeti"},{"start":206,"end":210,"tag":"WIN"}],"mentions":[{"start":173,"end":188,"username":"BottleRockNapa"}]},"id":"1296049194785034240","text":"Win a #ButterDay! For you and 3 besties. A #ButterChardonnay Prize Pack with Butter Chardonnay, Govinos, a Butter #Yeti cooler and more swag! Plus a virtual JaMSession with @BottleRockNapa artist. ENTER TO #WIN! https://t.co/0aIs9KsYda","lang":"en","author_id":"21218783","source":"Twitter Web App","reply_settings":"everyone"},{"public_metrics":{"retweet_count":0,"reply_count":0,"like_count":2,"quote_count":0},"created_at":"2020-08-19T11:31:14.000Z","entities":{"urls":[{"start":49,"end":72,"url":"https://t.co/CRN7PHk2Jc","expanded_url":"https://lizzielau.com/bottlerock-napa-valley-roadtrip/?utm_source=ReviveOldPost&utm_medium=social&utm_campaign=ReviveOldPost","display_url":"lizzielau.com/bottlerock-nap…"}],"hashtags":[{"start":23,"end":32,"tag":"roadtrip"},{"start":73,"end":80,"tag":"travel"}],"mentions":[{"start":33,"end":48,"username":"BottleRockNapa"}]},"id":"1296047064577716227","text":"BottleRock Napa Valley #roadtrip @BottleRockNapa https://t.co/CRN7PHk2Jc #travel","lang":"tl","author_id":"488798406","source":"Revive Social App","reply_settings":"everyone"},{"public_metrics":{"retweet_count":0,"reply_count":0,"like_count":0,"quote_count":0},"created_at":"2020-08-19T01:59:43.000Z","entities":{"urls":[{"start":213,"end":236,"url":"https://t.co/fpxutyiKn7","expanded_url":"https://ul.ink/T0S4-8SVW2C_T","display_url":"ul.ink/T0S4-8SVW2C_T"}],"annotations":[{"start":78,"end":94,"probability":0.543,"type":"Product","normalized_text":"Butter Chardonnay"}],"hashtags":[{"start":6,"end":16,"tag":"ButterDay"},{"start":43,"end":60,"tag":"ButterChardonnay"},{"start":61,"end":67,"tag":"Prize"},{"start":115,"end":120,"tag":"Yeti"},{"start":207,"end":211,"tag":"WIN"}],"mentions":[{"start":174,"end":189,"username":"BottleRockNapa"}]},"id":"1295903237531262977","text":"Win a #ButterDay! For you and 3 besties. A #ButterChardonnay #Prize Pack with Butter Chardonnay, Govinos, a Butter #Yeti cooler and more swag! Plus a virtual JaMSession with @BottleRockNapa artist. ENTER TO #WIN! https://t.co/fpxutyiKn7","lang":"en","author_id":"365965425","source":"Twitter Web App","reply_settings":"everyone"},{"public_metrics":{"retweet_count":1,"reply_count":0,"like_count":0,"quote_count":0},"created_at":"2020-08-18T23:40:49.000Z","entities":{"urls":[{"start":212,"end":235,"url":"https://t.co/NKiX8UBlqC","expanded_url":"https://ul.ink/T0S0-8SVQPC_T","display_url":"ul.ink/T0S0-8SVQPC_T"}],"hashtags":[{"start":6,"end":16,"tag":"ButterDay"},{"start":43,"end":60,"tag":"ButterChardonnay"},{"start":114,"end":119,"tag":"Yeti"},{"start":206,"end":210,"tag":"WIN"}],"mentions":[{"start":173,"end":188,"username":"BottleRockNapa"}]},"id":"1295868283309023232","text":"Win a #ButterDay! For you and 3 besties. A #ButterChardonnay Prize Pack with Butter Chardonnay, Govinos, a Butter #Yeti cooler and more swag! Plus a virtual JaMSession with @BottleRockNapa artist. ENTER TO #WIN! https://t.co/NKiX8UBlqC","lang":"en","author_id":"24354032","source":"Twitter Web App","reply_settings":"everyone"},{"public_metrics":{"retweet_count":0,"reply_count":0,"like_count":0,"quote_count":0},"created_at":"2020-08-18T19:51:34.000Z","entities":{"urls":[{"start":212,"end":235,"url":"https://t.co/SMKsAtClDv","expanded_url":"https://ul.ink/SXH2-8SVF7R_T","display_url":"ul.ink/SXH2-8SVF7R_T"}],"hashtags":[{"start":6,"end":16,"tag":"ButterDay"},{"start":43,"end":60,"tag":"ButterChardonnay"},{"start":114,"end":119,"tag":"Yeti"},{"start":206,"end":210,"tag":"WIN"}],"mentions":[{"start":173,"end":188,"username":"BottleRockNapa"}]},"id":"1295810590070444033","text":"Win a #ButterDay! For you and 3 besties. A #ButterChardonnay Prize Pack with Butter Chardonnay, Govinos, a Butter #Yeti cooler and more swag! Plus a virtual JaMSession with @BottleRockNapa artist. ENTER TO #WIN! https://t.co/SMKsAtClDv","lang":"en","author_id":"248270245","source":"Twitter Web App","reply_settings":"everyone"},{"public_metrics":{"retweet_count":0,"reply_count":0,"like_count":0,"quote_count":0},"created_at":"2020-08-18T18:24:45.000Z","entities":{"urls":[{"start":212,"end":235,"url":"https://t.co/2oQIUjqR3U","expanded_url":"https://ul.ink/T0QJ-8SVBHR_T","display_url":"ul.ink/T0QJ-8SVBHR_T"}],"hashtags":[{"start":6,"end":16,"tag":"ButterDay"},{"start":43,"end":60,"tag":"ButterChardonnay"},{"start":114,"end":119,"tag":"Yeti"},{"start":206,"end":210,"tag":"WIN"}],"mentions":[{"start":173,"end":188,"username":"BottleRockNapa"}]},"id":"1295788744323129344","text":"Win a #ButterDay! For you and 3 besties. A #ButterChardonnay Prize Pack with Butter Chardonnay, Govinos, a Butter #Yeti cooler and more swag! Plus a virtual JaMSession with @BottleRockNapa artist. ENTER TO #WIN! https://t.co/2oQIUjqR3U","lang":"en","author_id":"1287261720","source":"Twitter Web App","reply_settings":"everyone"},{"public_metrics":{"retweet_count":0,"reply_count":0,"like_count":0,"quote_count":0},"created_at":"2020-08-18T16:37:18.000Z","entities":{"urls":[{"start":212,"end":235,"url":"https://t.co/bUr30lkvXP","expanded_url":"https://ul.ink/T0QJ-8SV6XJ_T","display_url":"ul.ink/T0QJ-8SV6XJ_T"}],"hashtags":[{"start":6,"end":16,"tag":"ButterDay"},{"start":43,"end":60,"tag":"ButterChardonnay"},{"start":114,"end":119,"tag":"Yeti"},{"start":206,"end":210,"tag":"WIN"}],"mentions":[{"start":173,"end":188,"username":"BottleRockNapa"}]},"id":"1295761700688236545","text":"Win a #ButterDay! For you and 3 besties. A #ButterChardonnay Prize Pack with Butter Chardonnay, Govinos, a Butter #Yeti cooler and more swag! Plus a virtual JaMSession with @BottleRockNapa artist. ENTER TO #WIN! https://t.co/bUr30lkvXP","lang":"en","author_id":"97140567","source":"Twitter Web App","reply_settings":"everyone"},{"public_metrics":{"retweet_count":0,"reply_count":0,"like_count":0,"quote_count":0},"created_at":"2020-08-18T11:29:58.000Z","entities":{"urls":[{"start":212,"end":235,"url":"https://t.co/qlGjrdeJUS","expanded_url":"https://ul.ink/T0S0-8STNXC_T","display_url":"ul.ink/T0S0-8STNXC_T"}],"hashtags":[{"start":6,"end":16,"tag":"ButterDay"},{"start":43,"end":60,"tag":"ButterChardonnay"},{"start":114,"end":119,"tag":"Yeti"},{"start":206,"end":210,"tag":"WIN"}],"mentions":[{"start":173,"end":188,"username":"BottleRockNapa"}]},"id":"1295684357764648960","text":"Win a #ButterDay! For you and 3 besties. A #ButterChardonnay Prize Pack with Butter Chardonnay, Govinos, a Butter #Yeti cooler and more swag! Plus a virtual JaMSession with @BottleRockNapa artist. ENTER TO #WIN! https://t.co/qlGjrdeJUS","lang":"en","author_id":"21218783","source":"Twitter Web App","reply_settings":"everyone"},{"public_metrics":{"retweet_count":1,"reply_count":0,"like_count":0,"quote_count":0},"created_at":"2020-08-17T23:18:23.000Z","entities":{"urls":[{"start":212,"end":235,"url":"https://t.co/q9TIZPzP8T","expanded_url":"https://ul.ink/T0S0-8ST57E_T","display_url":"ul.ink/T0S0-8ST57E_T"}],"hashtags":[{"start":6,"end":16,"tag":"ButterDay"},{"start":43,"end":60,"tag":"ButterChardonnay"},{"start":114,"end":119,"tag":"Yeti"},{"start":206,"end":210,"tag":"WIN"}],"mentions":[{"start":173,"end":188,"username":"BottleRockNapa"}]},"id":"1295500248433881090","text":"Win a #ButterDay! For you and 3 besties. A #ButterChardonnay Prize Pack with Butter Chardonnay, Govinos, a Butter #Yeti cooler and more swag! Plus a virtual JaMSession with @BottleRockNapa artist. ENTER TO #WIN! https://t.co/q9TIZPzP8T","lang":"en","author_id":"24354032","source":"Twitter Web App","reply_settings":"everyone"},{"public_metrics":{"retweet_count":0,"reply_count":0,"like_count":0,"quote_count":0},"created_at":"2020-08-17T23:02:00.000Z","entities":{"urls":[{"start":212,"end":235,"url":"https://t.co/onHtlr9Eeo","expanded_url":"https://ul.ink/T0S0-8ST4E2_T","display_url":"ul.ink/T0S0-8ST4E2_T"}],"hashtags":[{"start":6,"end":16,"tag":"ButterDay"},{"start":43,"end":60,"tag":"ButterChardonnay"},{"start":114,"end":119,"tag":"Yeti"},{"start":206,"end":210,"tag":"WIN"}],"mentions":[{"start":173,"end":188,"username":"BottleRockNapa"}]},"id":"1295496126418702336","text":"Win a #ButterDay! For you and 3 besties. A #ButterChardonnay Prize Pack with Butter Chardonnay, Govinos, a Butter #Yeti cooler and more swag! Plus a virtual JaMSession with @BottleRockNapa artist. ENTER TO #WIN! https://t.co/onHtlr9Eeo","lang":"en","author_id":"866851767505395712","source":"Twitter Web App","reply_settings":"everyone"},{"public_metrics":{"retweet_count":0,"reply_count":0,"like_count":0,"quote_count":0},"created_at":"2020-08-17T21:20:36.000Z","entities":{"urls":[{"start":212,"end":235,"url":"https://t.co/JgBeGSPZ8w","expanded_url":"https://ul.ink/T0S4-8SSZFG_T","display_url":"ul.ink/T0S4-8SSZFG_T"}],"hashtags":[{"start":6,"end":16,"tag":"ButterDay"},{"start":43,"end":60,"tag":"ButterChardonnay"},{"start":114,"end":119,"tag":"Yeti"},{"start":206,"end":210,"tag":"WIN"}],"mentions":[{"start":173,"end":188,"username":"BottleRockNapa"}]},"id":"1295470609388822528","text":"Win a #ButterDay! For you and 3 besties. A #ButterChardonnay Prize Pack with Butter Chardonnay, Govinos, a Butter #Yeti cooler and more swag! Plus a virtual JaMSession with @BottleRockNapa artist. ENTER TO #WIN! https://t.co/JgBeGSPZ8w","lang":"en","author_id":"602949303","source":"Twitter Web App","reply_settings":"everyone"},{"public_metrics":{"retweet_count":0,"reply_count":0,"like_count":0,"quote_count":0},"created_at":"2020-08-17T19:15:59.000Z","entities":{"urls":[{"start":212,"end":235,"url":"https://t.co/VjkFKYuffY","expanded_url":"https://ul.ink/SXH2-8SSSQM_T","display_url":"ul.ink/SXH2-8SSSQM_T"}],"hashtags":[{"start":6,"end":16,"tag":"ButterDay"},{"start":43,"end":60,"tag":"ButterChardonnay"},{"start":114,"end":119,"tag":"Yeti"},{"start":206,"end":210,"tag":"WIN"}],"mentions":[{"start":173,"end":188,"username":"BottleRockNapa"}]},"id":"1295439247269396481","text":"Win a #ButterDay! For you and 3 besties. A #ButterChardonnay Prize Pack with Butter Chardonnay, Govinos, a Butter #Yeti cooler and more swag! Plus a virtual JaMSession with @BottleRockNapa artist. ENTER TO #WIN! https://t.co/VjkFKYuffY","lang":"en","author_id":"248270245","source":"Twitter Web App","reply_settings":"everyone"},{"public_metrics":{"retweet_count":1,"reply_count":0,"like_count":2,"quote_count":0},"created_at":"2020-08-17T13:03:31.000Z","entities":{"urls":[{"start":181,"end":204,"url":"https://t.co/wtJjhfYscZ","expanded_url":"https://bit.ly/relivebr","display_url":"bit.ly/relivebr"},{"start":247,"end":270,"url":"https://t.co/UipAKxhHLC","expanded_url":"https://twitter.com/007Dufour007/status/1295345514968485888/photo/1","display_url":"pic.twitter.com/UipAKxhHLC"},{"start":223,"end":246,"url":"https://t.co/AvV0SIcsuD","expanded_url":"https://twitter.com/SantanaCarlos/status/1286024374294732800/photo/1","display_url":"pic.twitter.com/AvV0SIcsuD"}],"annotations":[{"start":37,"end":52,"probability":0.9569,"type":"Person","normalized_text":"Carlos Santana\uD83D\uDD7A"},{"start":89,"end":95,"probability":0.3342,"type":"Organization","normalized_text":"YouTube"}],"hashtags":[{"start":205,"end":222,"tag":"reLIVEBottleRock"}],"mentions":[{"start":0,"end":14,"username":"SantanaCarlos"},{"start":15,"end":30,"username":"BottleRockNapa"},{"start":69,"end":84,"username":"BottleRockNapa"}]},"id":"1295345514968485888","text":"@SantanaCarlos @BottleRockNapa hello Carlos Santana\uD83D\uDD7A\uD83D\uDC9D\uD83C\uDFB8\uD83C\uDFA4\n\nLIVE on the @BottleRockNapa YouTube this Friday 7/24 at 5pm pacific! Subscribe + enable notifications so you don't miss it: https://t.co/wtJjhfYscZ #reLIVEBottleRock https://t.co/AvV0SIcsuD https://t.co/UipAKxhHLC","lang":"en","in_reply_to_user_id":"26540417","author_id":"741639414556819457","source":"Twitter Web App","reply_settings":"everyone"},{"public_metrics":{"retweet_count":0,"reply_count":0,"like_count":0,"quote_count":0},"created_at":"2020-08-17T12:43:48.000Z","entities":{"urls":[{"start":212,"end":235,"url":"https://t.co/ENNSDWTS1F","expanded_url":"https://ul.ink/T0S0-8SS6FT_T","display_url":"ul.ink/T0S0-8SS6FT_T"}],"hashtags":[{"start":6,"end":16,"tag":"ButterDay"},{"start":43,"end":60,"tag":"ButterChardonnay"},{"start":114,"end":119,"tag":"Yeti"},{"start":206,"end":210,"tag":"WIN"}],"mentions":[{"start":173,"end":188,"username":"BottleRockNapa"}]},"id":"1295340553803116546","text":"Win a #ButterDay! For you and 3 besties. A #ButterChardonnay Prize Pack with Butter Chardonnay, Govinos, a Butter #Yeti cooler and more swag! Plus a virtual JaMSession with @BottleRockNapa artist. ENTER TO #WIN! https://t.co/ENNSDWTS1F","lang":"en","author_id":"21218783","source":"Twitter Web App","reply_settings":"everyone"},{"public_metrics":{"retweet_count":0,"reply_count":0,"like_count":0,"quote_count":0},"created_at":"2020-08-17T08:40:59.000Z","entities":{"urls":[{"start":212,"end":235,"url":"https://t.co/nVEIzeJabu","expanded_url":"https://ul.ink/T0RY-8SRZK4_T","display_url":"ul.ink/T0RY-8SRZK4_T"}],"hashtags":[{"start":6,"end":16,"tag":"ButterDay"},{"start":43,"end":60,"tag":"ButterChardonnay"},{"start":114,"end":119,"tag":"Yeti"},{"start":206,"end":210,"tag":"WIN"}],"mentions":[{"start":173,"end":188,"username":"BottleRockNapa"}]},"id":"1295279445255675905","text":"Win a #ButterDay! For you and 3 besties. A #ButterChardonnay Prize Pack with Butter Chardonnay, Govinos, a Butter #Yeti cooler and more swag! Plus a virtual JaMSession with @BottleRockNapa artist. ENTER TO #WIN! https://t.co/nVEIzeJabu","lang":"en","author_id":"1588080632","source":"Twitter for iPad","reply_settings":"everyone"},{"public_metrics":{"retweet_count":0,"reply_count":0,"like_count":0,"quote_count":0},"created_at":"2020-08-17T08:38:42.000Z","entities":{"urls":[{"start":212,"end":235,"url":"https://t.co/MgLVOAL1Ne","expanded_url":"https://ul.ink/T0RY-8SRZK4_T","display_url":"ul.ink/T0RY-8SRZK4_T"}],"hashtags":[{"start":6,"end":16,"tag":"ButterDay"},{"start":43,"end":60,"tag":"ButterChardonnay"},{"start":114,"end":119,"tag":"Yeti"},{"start":206,"end":210,"tag":"WIN"}],"mentions":[{"start":173,"end":188,"username":"BottleRockNapa"}]},"id":"1295278870388563968","text":"Win a #ButterDay! For you and 3 besties. A #ButterChardonnay Prize Pack with Butter Chardonnay, Govinos, a Butter #Yeti cooler and more swag! Plus a virtual JaMSession with @BottleRockNapa artist. ENTER TO #WIN! https://t.co/MgLVOAL1Ne","lang":"en","author_id":"231343691","source":"Twitter for iPad","reply_settings":"everyone"},{"public_metrics":{"retweet_count":0,"reply_count":0,"like_count":0,"quote_count":0},"created_at":"2020-08-17T08:38:26.000Z","entities":{"urls":[{"start":212,"end":235,"url":"https://t.co/OeGXaqAHtJ","expanded_url":"https://ul.ink/T0RY-8SRZK4_T","display_url":"ul.ink/T0RY-8SRZK4_T"}],"hashtags":[{"start":6,"end":16,"tag":"ButterDay"},{"start":43,"end":60,"tag":"ButterChardonnay"},{"start":114,"end":119,"tag":"Yeti"},{"start":206,"end":210,"tag":"WIN"}],"mentions":[{"start":173,"end":188,"username":"BottleRockNapa"}]},"id":"1295278801799114753","text":"Win a #ButterDay! For you and 3 besties. A #ButterChardonnay Prize Pack with Butter Chardonnay, Govinos, a Butter #Yeti cooler and more swag! Plus a virtual JaMSession with @BottleRockNapa artist. ENTER TO #WIN! https://t.co/OeGXaqAHtJ","lang":"en","author_id":"1254820825603047425","source":"Twitter for iPad","reply_settings":"everyone"},{"public_metrics":{"retweet_count":0,"reply_count":0,"like_count":0,"quote_count":0},"created_at":"2020-08-17T08:38:13.000Z","entities":{"urls":[{"start":212,"end":235,"url":"https://t.co/OeGXaqAHtJ","expanded_url":"https://ul.ink/T0RY-8SRZK4_T","display_url":"ul.ink/T0RY-8SRZK4_T"}],"hashtags":[{"start":6,"end":16,"tag":"ButterDay"},{"start":43,"end":60,"tag":"ButterChardonnay"},{"start":114,"end":119,"tag":"Yeti"},{"start":206,"end":210,"tag":"WIN"}],"mentions":[{"start":173,"end":188,"username":"BottleRockNapa"}]},"id":"1295278749227745281","text":"Win a #ButterDay! For you and 3 besties. A #ButterChardonnay Prize Pack with Butter Chardonnay, Govinos, a Butter #Yeti cooler and more swag! Plus a virtual JaMSession with @BottleRockNapa artist. ENTER TO #WIN! https://t.co/OeGXaqAHtJ","lang":"en","author_id":"1254820825603047425","source":"Twitter for iPad","reply_settings":"everyone"},{"public_metrics":{"retweet_count":0,"reply_count":0,"like_count":0,"quote_count":0},"created_at":"2020-08-16T21:45:45.000Z","entities":{"urls":[{"start":212,"end":235,"url":"https://t.co/AhLPSjzsQq","expanded_url":"https://ul.ink/T0S4-8SRHBP_T","display_url":"ul.ink/T0S4-8SRHBP_T","status":200,"unwound_url":"https://ul.ink/T0S4-8SRHBP_T"}],"hashtags":[{"start":6,"end":16,"tag":"ButterDay"},{"start":43,"end":60,"tag":"ButterChardonnay"},{"start":114,"end":119,"tag":"Yeti"},{"start":206,"end":210,"tag":"WIN"}],"mentions":[{"start":173,"end":188,"username":"BottleRockNapa"}]},"id":"1295114548454670337","text":"Win a #ButterDay! For you and 3 besties. A #ButterChardonnay Prize Pack with Butter Chardonnay, Govinos, a Butter #Yeti cooler and more swag! Plus a virtual JaMSession with @BottleRockNapa artist. ENTER TO #WIN! https://t.co/AhLPSjzsQq","lang":"en","author_id":"602949303","source":"Twitter Web App","reply_settings":"everyone"},{"public_metrics":{"retweet_count":0,"reply_count":0,"like_count":0,"quote_count":0},"created_at":"2020-08-16T20:05:09.000Z","entities":{"urls":[{"start":212,"end":235,"url":"https://t.co/3PJ1Gx3TnN","expanded_url":"https://ul.ink/SXH2-8SREM8_T","display_url":"ul.ink/SXH2-8SREM8_T"}],"hashtags":[{"start":6,"end":16,"tag":"ButterDay"},{"start":43,"end":60,"tag":"ButterChardonnay"},{"start":114,"end":119,"tag":"Yeti"},{"start":206,"end":210,"tag":"WIN"}],"mentions":[{"start":173,"end":188,"username":"BottleRockNapa"}]},"id":"1295089233108119552","text":"Win a #ButterDay! For you and 3 besties. A #ButterChardonnay Prize Pack with Butter Chardonnay, Govinos, a Butter #Yeti cooler and more swag! Plus a virtual JaMSession with @BottleRockNapa artist. ENTER TO #WIN! https://t.co/3PJ1Gx3TnN","lang":"en","author_id":"248270245","source":"Twitter Web App","reply_settings":"everyone"},{"public_metrics":{"retweet_count":0,"reply_count":0,"like_count":0,"quote_count":0},"created_at":"2020-08-16T17:16:37.000Z","entities":{"urls":[{"start":212,"end":235,"url":"https://t.co/YE8Ts0kbe5","expanded_url":"https://ul.ink/T0QJ-8SR9P0_T","display_url":"ul.ink/T0QJ-8SR9P0_T"}],"hashtags":[{"start":6,"end":16,"tag":"ButterDay"},{"start":43,"end":60,"tag":"ButterChardonnay"},{"start":114,"end":119,"tag":"Yeti"},{"start":206,"end":210,"tag":"WIN"}],"mentions":[{"start":173,"end":188,"username":"BottleRockNapa"}]},"id":"1295046819865432064","text":"Win a #ButterDay! For you and 3 besties. A #ButterChardonnay Prize Pack with Butter Chardonnay, Govinos, a Butter #Yeti cooler and more swag! Plus a virtual JaMSession with @BottleRockNapa artist. ENTER TO #WIN! https://t.co/YE8Ts0kbe5","lang":"en","author_id":"97140567","source":"Twitter Web App","reply_settings":"everyone"},{"public_metrics":{"retweet_count":0,"reply_count":0,"like_count":0,"quote_count":0},"created_at":"2020-08-16T15:35:31.000Z","entities":{"urls":[{"start":212,"end":235,"url":"https://t.co/Zd3R4xSImW","expanded_url":"https://ul.ink/T0QJ-8SR620_T","display_url":"ul.ink/T0QJ-8SR620_T"}],"hashtags":[{"start":6,"end":16,"tag":"ButterDay"},{"start":43,"end":60,"tag":"ButterChardonnay"},{"start":114,"end":119,"tag":"Yeti"},{"start":206,"end":210,"tag":"WIN"}],"mentions":[{"start":173,"end":188,"username":"BottleRockNapa"}]},"id":"1295021379276824578","text":"Win a #ButterDay! For you and 3 besties. A #ButterChardonnay Prize Pack with Butter Chardonnay, Govinos, a Butter #Yeti cooler and more swag! Plus a virtual JaMSession with @BottleRockNapa artist. ENTER TO #WIN! https://t.co/Zd3R4xSImW","lang":"en","author_id":"1287261720","source":"Twitter Web App","reply_settings":"everyone"},{"public_metrics":{"retweet_count":0,"reply_count":0,"like_count":0,"quote_count":0},"created_at":"2020-08-16T12:42:11.000Z","entities":{"urls":[{"start":212,"end":235,"url":"https://t.co/zTjkQCh7xP","expanded_url":"https://ul.ink/T0S0-8SQYSP_T","display_url":"ul.ink/T0S0-8SQYSP_T"}],"hashtags":[{"start":6,"end":16,"tag":"ButterDay"},{"start":43,"end":60,"tag":"ButterChardonnay"},{"start":114,"end":119,"tag":"Yeti"},{"start":206,"end":210,"tag":"WIN"}],"mentions":[{"start":173,"end":188,"username":"BottleRockNapa"}]},"id":"1294977756632162310","text":"Win a #ButterDay! For you and 3 besties. A #ButterChardonnay Prize Pack with Butter Chardonnay, Govinos, a Butter #Yeti cooler and more swag! Plus a virtual JaMSession with @BottleRockNapa artist. ENTER TO #WIN! https://t.co/zTjkQCh7xP","lang":"en","author_id":"21218783","source":"Twitter Web App","reply_settings":"everyone"},{"public_metrics":{"retweet_count":0,"reply_count":0,"like_count":0,"quote_count":0},"created_at":"2020-08-16T04:31:05.000Z","entities":{"urls":[{"start":212,"end":235,"url":"https://t.co/z7rQ0T3d2K","expanded_url":"https://ul.ink/T0S0-8SQS7G_T","display_url":"ul.ink/T0S0-8SQS7G_T"}],"hashtags":[{"start":6,"end":16,"tag":"ButterDay"},{"start":43,"end":60,"tag":"ButterChardonnay"},{"start":114,"end":119,"tag":"Yeti"},{"start":206,"end":210,"tag":"WIN"}],"mentions":[{"start":173,"end":188,"username":"BottleRockNapa"}]},"id":"1294854166964183040","text":"Win a #ButterDay! For you and 3 besties. A #ButterChardonnay Prize Pack with Butter Chardonnay, Govinos, a Butter #Yeti cooler and more swag! Plus a virtual JaMSession with @BottleRockNapa artist. ENTER TO #WIN! https://t.co/z7rQ0T3d2K","lang":"en","author_id":"866851767505395712","source":"Twitter Web App","reply_settings":"everyone"},{"public_metrics":{"retweet_count":0,"reply_count":0,"like_count":0,"quote_count":0},"created_at":"2020-08-15T19:40:01.000Z","entities":{"urls":[{"start":212,"end":235,"url":"https://t.co/l1UcwINKQR","expanded_url":"https://ul.ink/SXH2-8SQCFC_T","display_url":"ul.ink/SXH2-8SQCFC_T"}],"hashtags":[{"start":6,"end":16,"tag":"ButterDay"},{"start":43,"end":60,"tag":"ButterChardonnay"},{"start":114,"end":119,"tag":"Yeti"},{"start":206,"end":210,"tag":"WIN"}],"mentions":[{"start":173,"end":188,"username":"BottleRockNapa"}]},"id":"1294720518650761217","text":"Win a #ButterDay! For you and 3 besties. A #ButterChardonnay Prize Pack with Butter Chardonnay, Govinos, a Butter #Yeti cooler and more swag! Plus a virtual JaMSession with @BottleRockNapa artist. ENTER TO #WIN! https://t.co/l1UcwINKQR","lang":"en","author_id":"248270245","source":"Twitter Web App","reply_settings":"everyone"},{"public_metrics":{"retweet_count":0,"reply_count":0,"like_count":0,"quote_count":0},"created_at":"2020-08-15T17:58:33.000Z","entities":{"urls":[{"start":212,"end":235,"url":"https://t.co/NJ7gIgTF49","expanded_url":"https://ul.ink/T0S0-8SQ9H8_T","display_url":"ul.ink/T0S0-8SQ9H8_T"}],"hashtags":[{"start":6,"end":16,"tag":"ButterDay"},{"start":43,"end":60,"tag":"ButterChardonnay"},{"start":114,"end":119,"tag":"Yeti"},{"start":206,"end":210,"tag":"WIN"}],"mentions":[{"start":173,"end":188,"username":"BottleRockNapa"}]},"id":"1294694985384615937","text":"Win a #ButterDay! For you and 3 besties. A #ButterChardonnay Prize Pack with Butter Chardonnay, Govinos, a Butter #Yeti cooler and more swag! Plus a virtual JaMSession with @BottleRockNapa artist. ENTER TO #WIN! https://t.co/NJ7gIgTF49","lang":"en","author_id":"24354032","source":"Twitter Web App","reply_settings":"everyone"},{"public_metrics":{"retweet_count":0,"reply_count":0,"like_count":0,"quote_count":0},"created_at":"2020-08-15T11:47:26.000Z","entities":{"urls":[{"start":212,"end":235,"url":"https://t.co/PzUOGZ2pkg","expanded_url":"https://ul.ink/T0S0-8SPTET_T","display_url":"ul.ink/T0S0-8SPTET_T"}],"hashtags":[{"start":6,"end":16,"tag":"ButterDay"},{"start":43,"end":60,"tag":"ButterChardonnay"},{"start":114,"end":119,"tag":"Yeti"},{"start":206,"end":210,"tag":"WIN"}],"mentions":[{"start":173,"end":188,"username":"BottleRockNapa"}]},"id":"1294601590222061568","text":"Win a #ButterDay! For you and 3 besties. A #ButterChardonnay Prize Pack with Butter Chardonnay, Govinos, a Butter #Yeti cooler and more swag! Plus a virtual JaMSession with @BottleRockNapa artist. ENTER TO #WIN! https://t.co/PzUOGZ2pkg","lang":"en","author_id":"21218783","source":"Twitter Web App","reply_settings":"everyone"}],"meta":{"oldest_id":"1294601590222061568","newest_id":"1300383676300132353","result_count":100,"next_token":"7140dibdnow9c7btw3t50iemwuibi5o0n026hwnoyqpmg"}}