{"data":[{"entities":{"mentions":[{"start":0,"end":16,"username":"SolarEnergyNews"},{"start":17,"end":32,"username":"BottleRockNapa"}],"annotations":[{"start":91,"end":96,"probability":0.6801,"type":"Organization","normalized_text":"Amazon"}],"urls":[{"start":265,"end":288,"url":"https://t.co/aVa9cqSybm","expanded_url":"https://www.amazon.com/Sogrand-Security-Waterproof-Wireless-Lighting/dp/B01GE5IZEW/ref=sr_1_11?dchild=1&keywords=solar+post+lights&m=A39PH15OSSYYUG&qid=1597471815&s=merchant-items&sr=1-11","display_url":"amazon.com/Sogrand-Securi…"},{"start":289,"end":312,"url":"https://t.co/LuRJynyQGA","expanded_url":"https://twitter.com/RRoy2021/status/1344192314948734976/photo/1","display_url":"pic.twitter.com/LuRJynyQGA"}]},"lang":"en","text":"@SolarEnergyNews @BottleRockNapa Hi guys, I would recommend a great Solar Lights seller on Amazon which I bought from and used for years, really got great fun and charming lighting atmosphere around house.\n \nHere is the beautiful solar post lights I like so much : https://t.co/aVa9cqSybm https://t.co/LuRJynyQGA","public_metrics":{"retweet_count":0,"reply_count":0,"like_count":0,"quote_count":0},"in_reply_to_user_id":"20832496","reply_settings":"everyone","id":"1344192314948734976","source":"Twitter Web App","author_id":"1251101653173850112","created_at":"2020-12-30T08:03:16.000Z"},{"entities":{"mentions":[{"start":0,"end":12,"username":"SadlerVaden"},{"start":32,"end":41,"username":"Bonnaroo"},{"start":48,"end":61,"username":"OzzyOsbourne"},{"start":68,"end":83,"username":"BottleRockNapa"},{"start":90,"end":104,"username":"MoonRiverFest"},{"start":110,"end":121,"username":"christhile"},{"start":136,"end":151,"username":"sharonvanetten"}]},"lang":"en","text":"@SadlerVaden Missed out on 10th @Bonnaroo , 1st @OzzyOsbourne , 1st @BottleRockNapa , 1st @MoonRiverFest with @christhile and crew, 1st @sharonvanetten . Sad, but truly thankful as well","public_metrics":{"retweet_count":0,"reply_count":0,"like_count":1,"quote_count":0},"in_reply_to_user_id":"76449471","reply_settings":"everyone","id":"1344100217952595973","source":"Twitter for iPad","author_id":"918905656329097221","created_at":"2020-12-30T01:57:18.000Z"},{"entities":{"mentions":[{"start":0,"end":15,"username":"BottleRockNapa"},{"start":16,"end":27,"username":"JaMCellars"}],"annotations":[{"start":101,"end":104,"probability":0.9469,"type":"Other","normalized_text":"Xmas"},{"start":148,"end":157,"probability":0.5159,"type":"Person","normalized_text":"BottleRock"}],"hashtags":[{"start":284,"end":299,"tag":"BottleRockNapa"}]},"lang":"en","text":"@BottleRockNapa @JaMCellars Me too it would be a lovely holiday gift since I didn’t go home or spend Xmas with friends. I’ve always wanted to go to BottleRock and it would be such a joyous event to look forward to attending. Have a great NYE and I plan to raise a glass at midnight \uD83D\uDD5B #BottleRockNapa","public_metrics":{"retweet_count":0,"reply_count":0,"like_count":1,"quote_count":0},"in_reply_to_user_id":"1007391884","reply_settings":"everyone","id":"1343694286240374784","source":"Twitter for iPhone","author_id":"15685664","created_at":"2020-12-28T23:04:17.000Z"},{"entities":{"mentions":[{"start":0,"end":11,"username":"JaMCellars"},{"start":12,"end":27,"username":"BottleRockNapa"}],"hashtags":[{"start":51,"end":63,"tag":"25daysofJam"}],"urls":[{"start":64,"end":87,"url":"https://t.co/3ujl5R5NwW","expanded_url":"https://twitter.com/cherry_LA/status/1343640063096188929/photo/1","display_url":"pic.twitter.com/3ujl5R5NwW"}]},"lang":"en","text":"@JaMCellars @BottleRockNapa I want to jam with you #25daysofJam https://t.co/3ujl5R5NwW","public_metrics":{"retweet_count":0,"reply_count":1,"like_count":1,"quote_count":0},"in_reply_to_user_id":"1245444188","reply_settings":"everyone","id":"1343640063096188929","geo":{"place_id":"1927193c57f35d51"},"source":"Twitter for iPhone","author_id":"15685664","created_at":"2020-12-28T19:28:49.000Z"},{"entities":{"mentions":[{"start":182,"end":197,"username":"SaintRampalJiM"},{"start":199,"end":205,"username":"pmfby"},{"start":206,"end":221,"username":"BottleRockNapa"}],"hashtags":[{"start":0,"end":24,"tag":"MustKnow_RealityOfJesus"}],"urls":[{"start":222,"end":245,"url":"https://t.co/rvF42kQPOW","expanded_url":"https://twitter.com/SaintRampalJiM/status/1158735331778158593/video/1","display_url":"pic.twitter.com/rvF42kQPOW"}]},"lang":"hi","text":"#MustKnow_RealityOfJesus\nजीवन रक्षक भगवान कबीर परमात्मा अपने भक्तों कीआयुभी बढ़ा देता है।प्रमाण ऋग्वेद मण्डल10सूक्त161मंत्र 2और ऋग्वेद मण्डल 9 सूक्त 80 मंत्र 2\nअधिक जानकारी के लिए  \uD83D\uDCE2@SaintRampalJiM \n@pmfby\n@BottleRockNapa https://t.co/rvF42kQPOW","public_metrics":{"retweet_count":1,"reply_count":0,"like_count":1,"quote_count":0},"reply_settings":"everyone","id":"1342455167115874306","source":"Twitter for Android","author_id":"1278367525307215872","created_at":"2020-12-25T13:00:28.000Z"},{"entities":{"mentions":[{"start":0,"end":16,"username":"SolarEnergyNews"},{"start":17,"end":32,"username":"BottleRockNapa"}],"annotations":[{"start":91,"end":96,"probability":0.6451,"type":"Organization","normalized_text":"Amazon"}],"urls":[{"start":271,"end":294,"url":"https://t.co/Fw1utTDyXv","expanded_url":"https://www.amazon.com/Sogrand-Decorative-Decorations-Stainless-Landscape/dp/B07PGL39CZ/ref=sr_1_1?dchild=1&keywords=solar+decorative+lights&m=A39PH15OSSYYUG&qid=1598234369&s=merchant-items&sr=1-1","display_url":"amazon.com/Sogrand-Decora…"},{"start":295,"end":318,"url":"https://t.co/DKVUVL0AlP","expanded_url":"https://twitter.com/RRoy2021/status/1342408658475315202/photo/1","display_url":"pic.twitter.com/DKVUVL0AlP"}]},"lang":"en","text":"@SolarEnergyNews @BottleRockNapa Hi guys, I would recommend a great Solar Lights seller on Amazon which I bought from and used for years, really got great fun and charming lighting atmosphere around house.\n \nHere is the beautiful solar decorative lights I like so much : https://t.co/Fw1utTDyXv https://t.co/DKVUVL0AlP","public_metrics":{"retweet_count":0,"reply_count":0,"like_count":0,"quote_count":0},"in_reply_to_user_id":"20832496","reply_settings":"everyone","id":"1342408658475315202","source":"Twitter Web App","author_id":"1251101653173850112","created_at":"2020-12-25T09:55:39.000Z"},{"entities":{"mentions":[{"start":135,"end":150,"username":"BottleRockNapa"}],"annotations":[{"start":257,"end":265,"probability":0.4948,"type":"Other","normalized_text":"Christmas"}],"hashtags":[{"start":34,"end":46,"tag":"25DaysofJaM"}]},"lang":"en","text":"✨ Time to rock YOU with the final #25DaysofJaM gift...Behind \uD835\uDDD7\uD835\uDDFC\uD835\uDDFC\uD835\uDDFF #\uD835\uDFEE\uD835\uDFF1 ONE lucky Butter Lover will win a pair of 3-Day GA wristbands to @BottleRockNapa 2021!! \uD83C\uDFB6  Complete the form for your chance to win! *entry open until 12/31. \n\nAnd to all, a Merry Christmas, JaMFans! \uD83C\uDF84","public_metrics":{"retweet_count":1,"reply_count":1,"like_count":9,"quote_count":0},"reply_settings":"everyone","id":"1342379804524343296","source":"Twitter for Advertisers","author_id":"1245444188","created_at":"2020-12-25T08:01:00.000Z"},{"entities":{"mentions":[{"start":0,"end":16,"username":"SolarEnergyNews"},{"start":17,"end":32,"username":"BottleRockNapa"}],"annotations":[{"start":91,"end":96,"probability":0.6758,"type":"Organization","normalized_text":"Amazon"}],"urls":[{"start":267,"end":290,"url":"https://t.co/8gNVwjBtS2","expanded_url":"https://www.amazon.com/Decorative-Waterproof-Landscape-Lighting-Stainless/dp/B07QNDCKRJ/ref=sr_1_2?dchild=1&keywords=solar+garden+lights&m=A39PH15OSSYYUG&qid=1608404132&s=merchant-items&sr=1-2","display_url":"amazon.com/Decorative-Wat…"},{"start":291,"end":314,"url":"https://t.co/PV1ZJojEnV","expanded_url":"https://twitter.com/pari20230/status/1341993532001697792/photo/1","display_url":"pic.twitter.com/PV1ZJojEnV"}]},"lang":"en","text":"@SolarEnergyNews @BottleRockNapa Hi guys, I would recommend a great Solar Lights seller on Amazon which I bought from and used for years, really got great fun and charming lighting atmosphere around house.\n \nHere is the beautiful Solar garden lights I like so much : https://t.co/8gNVwjBtS2 https://t.co/PV1ZJojEnV","public_metrics":{"retweet_count":0,"reply_count":0,"like_count":0,"quote_count":0},"in_reply_to_user_id":"20832496","reply_settings":"everyone","id":"1341993532001697792","source":"Twitter Web App","author_id":"1324947861876846592","created_at":"2020-12-24T06:26:05.000Z"},{"entities":{"mentions":[{"start":45,"end":52,"username":"NapaPD"},{"start":53,"end":65,"username":"NapaSheriff"},{"start":66,"end":81,"username":"napacountyfire"},{"start":82,"end":95,"username":"NapaRegister"},{"start":96,"end":107,"username":"CityofNapa"},{"start":108,"end":123,"username":"BottleRockNapa"},{"start":124,"end":137,"username":"NapaVintners"},{"start":138,"end":154,"username":"VisitNapaValley"},{"start":155,"end":170,"username":"NapaWineFinder"},{"start":171,"end":182,"username":"CHP_Valley"},{"start":183,"end":190,"username":"CHP_HQ"},{"start":191,"end":200,"username":"CHP_Napa"},{"start":201,"end":215,"username":"sonomasheriff"},{"start":216,"end":229,"username":"CalistogaPOA"},{"start":230,"end":240,"username":"BeniciaPD"},{"start":241,"end":255,"username":"TheWarOnDrugs"},{"start":256,"end":271,"username":"BottleRockNapa"}],"hashtags":[{"start":24,"end":44,"tag":"PsilocybinMushrooms"}],"urls":[{"start":0,"end":23,"url":"https://t.co/4iEjldIEH0","expanded_url":"https://twitter.com/EntheoNation/status/1338897444290105351?s=20","display_url":"twitter.com/EntheoNation/s…"}]},"lang":"und","text":"https://t.co/4iEjldIEH0 #PsilocybinMushrooms @NapaPD @NapaSheriff @napacountyfire @NapaRegister @CityofNapa @BottleRockNapa @NapaVintners @VisitNapaValley @NapaWineFinder @CHP_Valley @CHP_HQ @CHP_Napa @sonomasheriff @CalistogaPOA @BeniciaPD @TheWarOnDrugs @BottleRockNapa","public_metrics":{"retweet_count":0,"reply_count":0,"like_count":0,"quote_count":0},"reply_settings":"everyone","id":"1341214824827506691","source":"Twitter Web App","author_id":"922971694372864001","created_at":"2020-12-22T02:51:47.000Z"},{"entities":{"mentions":[{"start":70,"end":78,"username":"YouTube"},{"start":79,"end":92,"username":"BlackSabbath"},{"start":93,"end":107,"username":"VanWagnerBand"},{"start":108,"end":114,"username":"Rocke"},{"start":115,"end":122,"username":"EByzio"},{"start":131,"end":147,"username":"rebellion_steel"},{"start":148,"end":163,"username":"BottleRockNapa"},{"start":164,"end":173,"username":"diazbici"},{"start":174,"end":186,"username":"ErikaDeBusk"},{"start":187,"end":200,"username":"FreeRecovery"},{"start":201,"end":216,"username":"PhilCollins_UK"},{"start":217,"end":229,"username":"ErikaDeBusk"}],"annotations":[{"start":0,"end":12,"probability":0.36,"type":"Organization","normalized_text":"Black Sabbath"},{"start":18,"end":29,"probability":0.9954,"type":"Person","normalized_text":"Phil Collins"}],"hashtags":[{"start":124,"end":129,"tag":"musc"},{"start":230,"end":236,"tag":"music"}],"urls":[{"start":42,"end":65,"url":"https://t.co/wn3E9WFoIR","expanded_url":"https://youtu.be/vYWYRFr5gDI","display_url":"youtu.be/vYWYRFr5gDI"}]},"lang":"en","text":"Black Sabbath Ft. Phil Collins - Paranoid https://t.co/wn3E9WFoIR via @YouTube @BlackSabbath @VanWagnerBand @rocke @EByzio  #musc  @rebellion_steel @BottleRockNapa @diazbici @ErikaDeBusk @FreeRecovery @PhilCollins_UK @ErikaDeBusk #music","public_metrics":{"retweet_count":0,"reply_count":0,"like_count":1,"quote_count":0},"reply_settings":"everyone","id":"1340663803529154561","source":"Twitter for iPhone","author_id":"2697680952","created_at":"2020-12-20T14:22:13.000Z"},{"entities":{"mentions":[{"start":0,"end":16,"username":"Monalis25459550"},{"start":17,"end":33,"username":"ChinmayaBhadrak"},{"start":34,"end":47,"username":"the_blueink_"},{"start":48,"end":62,"username":"PragnyaJena10"},{"start":63,"end":78,"username":"BottleRockNapa"},{"start":79,"end":94,"username":"DesignObserver"},{"start":95,"end":110,"username":"WorkAtFlipkart"},{"start":111,"end":122,"username":"salesforce"},{"start":123,"end":136,"username":"jenamanas520"}]},"lang":"en","text":"@Monalis25459550 @ChinmayaBhadrak @the_blueink_ @PragnyaJena10 @BottleRockNapa @DesignObserver @WorkAtFlipkart @salesforce @jenamanas520 Wow very nice\uD83D\uDC4C\uD83D\uDC4C\uD83D\uDE0D\uD83D\uDE0D","public_metrics":{"retweet_count":0,"reply_count":0,"like_count":1,"quote_count":0},"in_reply_to_user_id":"1277520472255561729","reply_settings":"everyone","id":"1339590264734720000","source":"Twitter for Android","author_id":"1245899383075270656","created_at":"2020-12-17T15:16:22.000Z"},{"entities":{"mentions":[{"start":0,"end":16,"username":"SolarEnergyNews"},{"start":17,"end":32,"username":"BottleRockNapa"}],"annotations":[{"start":91,"end":96,"probability":0.6759,"type":"Organization","normalized_text":"Amazon"}],"urls":[{"start":269,"end":292,"url":"https://t.co/aptyh0jUX6","expanded_url":"https://www.amazon.com/Decorative-Decorations-Landscape-Lighting-Stainless/dp/B07Q3VCF13/ref=sr_1_6?dchild=1&keywords=solar+post+cap+lights&m=A39PH15OSSYYUG&qid=1606784552&s=merchant-items&sr=1-6","display_url":"amazon.com/Decorative-Dec…"},{"start":293,"end":316,"url":"https://t.co/iEACWXH0cL","expanded_url":"https://twitter.com/RRoy2021/status/1339444063288737795/photo/1","display_url":"pic.twitter.com/iEACWXH0cL"}]},"lang":"en","text":"@SolarEnergyNews @BottleRockNapa Hi guys, I would recommend a great Solar Lights seller on Amazon which I bought from and used for years, really got great fun and charming lighting atmosphere around house.\n \nHere is the beautiful solar post cap lights I like so much : https://t.co/aptyh0jUX6 https://t.co/iEACWXH0cL","public_metrics":{"retweet_count":0,"reply_count":0,"like_count":0,"quote_count":0},"in_reply_to_user_id":"20832496","reply_settings":"everyone","id":"1339444063288737795","source":"Twitter Web App","author_id":"1251101653173850112","created_at":"2020-12-17T05:35:25.000Z"},{"entities":{"mentions":[{"start":0,"end":15,"username":"BottleRockNapa"},{"start":16,"end":29,"username":"frontgatetix"},{"start":30,"end":43,"username":"frontgatetix"},{"start":91,"end":100,"username":"Bonnaroo"}]},"lang":"en","text":"@BottleRockNapa @frontgatetix @frontgatetix Give me back my refund. You fire fest assholes @Bonnaroo   Fire fest. Rip people off. You scammers.  I want my money now. !!!","public_metrics":{"retweet_count":0,"reply_count":0,"like_count":0,"quote_count":0},"in_reply_to_user_id":"1007391884","reply_settings":"everyone","id":"1339204376079044611","source":"Twitter for iPhone","author_id":"1331388476441366528","created_at":"2020-12-16T13:42:59.000Z"},{"entities":{"mentions":[{"start":74,"end":85,"username":"JaMCellars"},{"start":110,"end":125,"username":"BottleRockNapa"}],"urls":[{"start":143,"end":166,"url":"https://t.co/cDrtaL4NR2","expanded_url":"https://twitter.com/benny_bassett/status/1338950332475351040/photo/1","display_url":"pic.twitter.com/cDrtaL4NR2"}]},"lang":"en","text":"Streaming live on Wednesday at 4pm specific for JaM Happy Hour, thanks to @JaMCellars, presenting sponsors of @BottleRockNapa \n\nSee you there! https://t.co/cDrtaL4NR2","public_metrics":{"retweet_count":0,"reply_count":0,"like_count":2,"quote_count":0},"reply_settings":"everyone","id":"1338950332475351040","source":"Twitter for Android","author_id":"43822119","created_at":"2020-12-15T20:53:30.000Z"},{"entities":{"mentions":[{"start":0,"end":16,"username":"Monalis25459550"},{"start":17,"end":33,"username":"ChinmayaBhadrak"},{"start":34,"end":47,"username":"the_blueink_"},{"start":48,"end":62,"username":"PragnyaJena10"},{"start":63,"end":78,"username":"BottleRockNapa"},{"start":79,"end":94,"username":"DesignObserver"},{"start":95,"end":110,"username":"WorkAtFlipkart"},{"start":111,"end":122,"username":"salesforce"}]},"lang":"or","text":"@Monalis25459550 @ChinmayaBhadrak @the_blueink_ @PragnyaJena10 @BottleRockNapa @DesignObserver @WorkAtFlipkart @salesforce ମୁଁ ବୋତଲ ରଖିଛି ରଙ୍ଗ ବି ହେଲେ ଏତେ ସୁନ୍ଦର କରି ପାରିବିନି","public_metrics":{"retweet_count":0,"reply_count":0,"like_count":1,"quote_count":0},"in_reply_to_user_id":"1277520472255561729","reply_settings":"everyone","id":"1338499543474663425","source":"Twitter for Android","author_id":"4896745045","created_at":"2020-12-14T15:02:13.000Z"},{"entities":{"mentions":[{"start":0,"end":16,"username":"Monalis25459550"},{"start":17,"end":30,"username":"the_blueink_"},{"start":31,"end":45,"username":"PragnyaJena10"},{"start":46,"end":61,"username":"BottleRockNapa"},{"start":62,"end":77,"username":"DesignObserver"},{"start":78,"end":93,"username":"WorkAtFlipkart"},{"start":94,"end":105,"username":"salesforce"},{"start":106,"end":119,"username":"jenamanas520"}]},"lang":"en","text":"@Monalis25459550 @the_blueink_ @PragnyaJena10 @BottleRockNapa @DesignObserver @WorkAtFlipkart @salesforce @jenamanas520 Beautiful pieces of art, keep beautifying Dear...\uD83D\uDE0A\uD83D\uDC4D\uD83C\uDFFB","public_metrics":{"retweet_count":0,"reply_count":0,"like_count":1,"quote_count":0},"in_reply_to_user_id":"1277520472255561729","reply_settings":"everyone","id":"1338497495479902209","geo":{"place_id":"3aa87779c4d13301"},"source":"Twitter for Android","author_id":"790190957207490560","created_at":"2020-12-14T14:54:05.000Z"},{"entities":{"mentions":[{"start":0,"end":16,"username":"ChinmayaBhadrak"},{"start":17,"end":30,"username":"the_blueink_"},{"start":31,"end":45,"username":"PragnyaJena10"},{"start":46,"end":61,"username":"BottleRockNapa"},{"start":62,"end":77,"username":"DesignObserver"},{"start":78,"end":93,"username":"WorkAtFlipkart"},{"start":94,"end":105,"username":"salesforce"},{"start":106,"end":119,"username":"jenamanas520"}],"urls":[{"start":120,"end":143,"url":"https://t.co/fiBQ8PUoax","expanded_url":"https://twitter.com/Monalis25459550/status/1338487360669974528/photo/1","display_url":"pic.twitter.com/fiBQ8PUoax"}]},"lang":"und","text":"@ChinmayaBhadrak @the_blueink_ @PragnyaJena10 @BottleRockNapa @DesignObserver @WorkAtFlipkart @salesforce @jenamanas520 https://t.co/fiBQ8PUoax","public_metrics":{"retweet_count":0,"reply_count":3,"like_count":5,"quote_count":0},"in_reply_to_user_id":"790190957207490560","reply_settings":"everyone","id":"1338487360669974528","geo":{"place_id":"07d9e22ae8880002"},"source":"Twitter for Android","author_id":"1277520472255561729","created_at":"2020-12-14T14:13:49.000Z"},{"entities":{"mentions":[{"start":0,"end":15,"username":"BottleRockNapa"}],"hashtags":[{"start":16,"end":25,"tag":"Election"}]},"lang":"en","text":"@BottleRockNapa #Election 2020 Have you considered write in votes. Ballots in which voters wrote in candidates rather than selecting from a checklist of pre-printed names.  Suppose no line was provided but a name was written in somewhere to the side and the vote was tossed.","public_metrics":{"retweet_count":0,"reply_count":0,"like_count":0,"quote_count":0},"in_reply_to_user_id":"1007391884","reply_settings":"everyone","id":"1337888528026365952","source":"Twitter Web App","author_id":"87798720","created_at":"2020-12-12T22:34:16.000Z"},{"entities":{"mentions":[{"start":47,"end":63,"username":"YnnsPhilippakis"},{"start":70,"end":76,"username":"foals"},{"start":82,"end":97,"username":"BottleRockNapa"},{"start":121,"end":133,"username":"StevieNicks"}],"urls":[{"start":190,"end":213,"url":"https://t.co/c7WKKjrC7x","expanded_url":"https://twitter.com/IskraDavidPhoto/status/1337647115284209664/photo/1","display_url":"pic.twitter.com/c7WKKjrC7x"}]},"lang":"en","text":"2020 robbed us of so many things, but missing ⁦@YnnsPhilippakis⁩ and ⁦@foals⁩ at ⁦@BottleRockNapa⁩ was a big one for me. @StevieNicks⁩ is on my bucket list so that hurt too. Here’s to 2021! https://t.co/c7WKKjrC7x","public_metrics":{"retweet_count":1,"reply_count":0,"like_count":2,"quote_count":0},"reply_settings":"everyone","id":"1337647115284209664","source":"Twitter for iPhone","author_id":"887455959412482048","created_at":"2020-12-12T06:34:59.000Z"},{"entities":{"mentions":[{"start":0,"end":16,"username":"SolarEnergyNews"},{"start":17,"end":32,"username":"BottleRockNapa"}],"annotations":[{"start":91,"end":96,"probability":0.6594,"type":"Organization","normalized_text":"Amazon"}],"urls":[{"start":264,"end":287,"url":"https://t.co/l4ahwjtjzZ","expanded_url":"https://www.amazon.com/Lantern-Tabletop-Decorations-Lanterns-Sogrand/dp/B07QPKY88Z/ref=sr_1_2?keywords=solar+jar+lights&m=A39PH15OSSYYUG&qid=1581923365&s=merchant-items&sr=1-2","display_url":"amazon.com/Lantern-Tablet…"},{"start":288,"end":311,"url":"https://t.co/SCRPY3K0Mm","expanded_url":"https://twitter.com/pari20230/status/1336570403695706114/photo/1","display_url":"pic.twitter.com/SCRPY3K0Mm"}]},"lang":"en","text":"@SolarEnergyNews @BottleRockNapa Hi guys, I would recommend a great Solar Lights seller on Amazon which I bought from and used for years, really got great fun and charming lighting atmosphere around house.\n \nHere is the beautiful Solar jar lights I like so much : https://t.co/l4ahwjtjzZ https://t.co/SCRPY3K0Mm","public_metrics":{"retweet_count":0,"reply_count":0,"like_count":0,"quote_count":0},"in_reply_to_user_id":"20832496","reply_settings":"everyone","id":"1336570403695706114","source":"Twitter Web App","author_id":"1324947861876846592","created_at":"2020-12-09T07:16:31.000Z"},{"entities":{"mentions":[{"start":0,"end":16,"username":"SolarEnergyNews"},{"start":17,"end":32,"username":"BottleRockNapa"}],"annotations":[{"start":91,"end":96,"probability":0.6765,"type":"Organization","normalized_text":"Amazon"}],"urls":[{"start":266,"end":289,"url":"https://t.co/txRp8lIvd9","expanded_url":"https://www.amazon.com/Sogrand-Solar-Powered-Hanging-Pathway/dp/B01D98YN7A/ref=sr_1_1?dchild=1&keywords=solar+flame+lights&m=A39PH15OSSYYUG&qid=1597473826&s=merchant-items&sr=1-1","display_url":"amazon.com/Sogrand-Solar-…"},{"start":290,"end":313,"url":"https://t.co/iVDWB3hH4B","expanded_url":"https://twitter.com/RRoy2021/status/1335134001057579008/photo/1","display_url":"pic.twitter.com/iVDWB3hH4B"}]},"lang":"en","text":"@SolarEnergyNews @BottleRockNapa Hi guys, I would recommend a great Solar Lights seller on Amazon which I bought from and used for years, really got great fun and charming lighting atmosphere around house.\n \nHere is the beautiful solar flame lights I like so much : https://t.co/txRp8lIvd9 https://t.co/iVDWB3hH4B","public_metrics":{"retweet_count":0,"reply_count":0,"like_count":0,"quote_count":0},"in_reply_to_user_id":"20832496","reply_settings":"everyone","id":"1335134001057579008","source":"Twitter Web App","author_id":"1251101653173850112","created_at":"2020-12-05T08:08:46.000Z"},{"entities":{"mentions":[{"start":28,"end":39,"username":"jackharlow"},{"start":140,"end":155,"username":"BottleRockNapa"}],"urls":[{"start":273,"end":296,"url":"https://t.co/EWNfyuE6T7","expanded_url":"https://twitter.com/cash_like_money/status/1334603790469632000/photo/1","display_url":"pic.twitter.com/EWNfyuE6T7"},{"start":273,"end":296,"url":"https://t.co/EWNfyuE6T7","expanded_url":"https://twitter.com/cash_like_money/status/1334603790469632000/photo/1","display_url":"pic.twitter.com/EWNfyuE6T7"},{"start":273,"end":296,"url":"https://t.co/EWNfyuE6T7","expanded_url":"https://twitter.com/cash_like_money/status/1334603790469632000/photo/1","display_url":"pic.twitter.com/EWNfyuE6T7"},{"start":273,"end":296,"url":"https://t.co/EWNfyuE6T7","expanded_url":"https://twitter.com/cash_like_money/status/1334603790469632000/photo/1","display_url":"pic.twitter.com/EWNfyuE6T7"}]},"lang":"en","text":"I just wanna say I love you @jackharlow i’ve been listening to your music for awhile now and you’re absolutely my favorite rapper \uD83E\uDD7A\uD83D\uDC96 I hope @BottleRockNapa still happens next year because i’ve been waiting to see you live for sooo long! ❤️❤️ Congrats on becoming such a \uD83C\uDF1F\uD83E\uDD75 https://t.co/EWNfyuE6T7","public_metrics":{"retweet_count":0,"reply_count":0,"like_count":2,"quote_count":0},"reply_settings":"everyone","id":"1334603790469632000","source":"Twitter for iPhone","author_id":"1317585248578727936","created_at":"2020-12-03T21:01:54.000Z"},{"entities":{"mentions":[{"start":0,"end":15,"username":"BottleRockNapa"}],"annotations":[{"start":48,"end":103,"probability":0.157,"type":"Product","normalized_text":"Sirens of the Night featuring 3 BACKWARD SLIDE GUITARS"},{"start":228,"end":238,"probability":0.9668,"type":"Person","normalized_text":"Rick Miklos"},{"start":243,"end":249,"probability":0.5331,"type":"Organization","normalized_text":"Spotify"}],"urls":[{"start":186,"end":209,"url":"https://t.co/wGDkC0XZnS","expanded_url":"http://www.amazon.com/gp/product/B08NZGRHBZ","display_url":"amazon.com/gp/product/B08…"},{"start":252,"end":275,"url":"https://t.co/prJwl0yUOy","expanded_url":"https://open.spotify.com/album/1tgUcLVUEjq8hKQ0ralnIa","display_url":"open.spotify.com/album/1tgUcLVU…"},{"start":276,"end":299,"url":"https://t.co/6fvup6Vke3","expanded_url":"https://twitter.com/B9F3G4/status/1334023500508622848/video/1","display_url":"pic.twitter.com/6fvup6Vke3"}]},"lang":"en","text":"@BottleRockNapa \n\nListen to a 90 sec. version of\nSirens of the Night featuring\n3 BACKWARD SLIDE GUITARS\nfrom my latest CD:\nSecret Mysterious Tracks\nCDs have many different styles\n\nLink:\nhttps://t.co/wGDkC0XZnS\n\nHIGHER STATES by Rick Miklos on Spotify:\nhttps://t.co/prJwl0yUOy https://t.co/6fvup6Vke3","public_metrics":{"retweet_count":0,"reply_count":0,"like_count":0,"quote_count":0},"in_reply_to_user_id":"1007391884","reply_settings":"everyone","id":"1334023500508622848","source":"Twitter Web App","author_id":"2793267790","created_at":"2020-12-02T06:36:02.000Z"}],"meta":{"oldest_id":"1334023500508622848","newest_id":"1344192314948734976","result_count":23}}