{"data":[{"entities":{"urls":[{"start":209,"end":232,"url":"https://t.co/e8wiCL68VQ","expanded_url":"https://tmblr.co/Z1sIOhZn48DuSm00","display_url":"tmblr.co/Z1sIOhZn48DuSm…","images":[{"url":"https://pbs.twimg.com/news_img/1365795828506497027/hTCT0Uhz?format=jpg&name=orig","width":500,"height":500},{"url":"https://pbs.twimg.com/news_img/1365795828506497027/hTCT0Uhz?format=jpg&name=150x150","width":150,"height":150}],"status":200,"title":"amberlampsny","description":"I have recreated and scaled-down @snoopdogg ’s @guinnessworldrecords -setting “Worlds Largest Gin and Juice” recipe from 2017 @bottlerocknapa 2 oz Gin 2 oz Orange Juice .75 oz Apricot Brandy (at...","unwound_url":"https://amberlampsny.tumblr.com/post/644314378538254336/i-have-recreated-and-scaled-down-snoopdogg-s#_=_"}],"mentions":[{"start":35,"end":45,"username":"SnoopDogg"},{"start":128,"end":143,"username":"BottleRockNapa"}],"annotations":[{"start":198,"end":204,"probability":0.6465,"type":"Place","normalized_text":"Astoria"}]},"text":"\uD83D\uDCF7 I have recreated and scaled-down @snoopdogg ’s @guinnessworldrecords -setting “Worlds Largest Gin and Juice” recipe from 2017 @bottlerocknapa 2 oz Gin 2 oz Orange Juice .75 oz Apricot Brandy (at Astoria)... https://t.co/e8wiCL68VQ","public_metrics":{"retweet_count":0,"reply_count":0,"like_count":0,"quote_count":0},"lang":"en","id":"1365795825935413253","author_id":"722529211890667521","created_at":"2021-02-27T22:47:54.000Z","reply_settings":"everyone","source":"Tumblr"},{"geo":{"coordinates":{"type":"Point","coordinates":[-73.914705,40.771374]},"place_id":"00c39537733fa112"},"entities":{"urls":[{"start":202,"end":225,"url":"https://t.co/nFGio29QpY","expanded_url":"https://www.instagram.com/p/CL0B5ASHQQ1/?igshid=1pwxhvco3o50o","display_url":"instagram.com/p/CL0B5ASHQQ1/…"}],"mentions":[{"start":33,"end":43,"username":"SnoopDogg"},{"start":126,"end":141,"username":"BottleRockNapa"}]},"text":"I have recreated and scaled-down @snoopdogg 's @guinnessworldrecords -setting \"Worlds Largest Gin and Juice\" recipe from 2017 @bottlerocknapa \n2 oz Gin\n2 oz Orange Juice\n.75 oz Apricot Brandy @ Astoria https://t.co/nFGio29QpY","public_metrics":{"retweet_count":0,"reply_count":0,"like_count":0,"quote_count":0},"lang":"en","id":"1365795820239486982","author_id":"722529211890667521","created_at":"2021-02-27T22:47:53.000Z","reply_settings":"everyone","source":"Instagram"},{"entities":{"urls":[{"start":266,"end":289,"url":"https://t.co/sqIGa92MU5","expanded_url":"https://www.amazon.com/Sogrand-Solar-Powered-Hanging-Pathway/dp/B01D98YN7A/ref=sr_1_1?dchild=1&keywords=solar+flame+lights&m=A39PH15OSSYYUG&qid=1597473826&s=merchant-items&sr=1-1","display_url":"amazon.com/Sogrand-Solar-…","images":[{"url":"https://pbs.twimg.com/news_img/1371736743477530624/dsqnXao1?format=png&name=orig","width":600,"height":315},{"url":"https://pbs.twimg.com/news_img/1371736743477530624/dsqnXao1?format=png&name=150x150","width":150,"height":150}],"status":200,"title":"Solar Flame Torch Lights Outdoor Waterproof Tiki Torches Decorations Pathway Decorative Light Dancing Flickering Flames 4Pack Garden Landscape Lighting for Yard Path Patio Walkway Driveway","description":"Solar Flame Torch Lights Outdoor Waterproof Tiki Torches Decorations Pathway Decorative Light Dancing Flickering Flames 4Pack Garden Landscape Lighting for Yard Path Patio Walkway Driveway","unwound_url":"https://www.amazon.com/Sogrand-Solar-Powered-Hanging-Pathway/dp/B01D98YN7A/ref=sr_1_1?dchild=1&keywords=solar+flame+lights&m=A39PH15OSSYYUG&qid=1597473826&s=merchant-items&sr=1-1"},{"start":290,"end":313,"url":"https://t.co/AsNv38o9pI","expanded_url":"https://twitter.com/pari20230/status/1365552249536012290/photo/1","display_url":"pic.twitter.com/AsNv38o9pI"}],"mentions":[{"start":0,"end":16,"username":"SolarEnergyNews"},{"start":17,"end":32,"username":"BottleRockNapa"}],"annotations":[{"start":91,"end":96,"probability":0.6765,"type":"Organization","normalized_text":"Amazon"}]},"in_reply_to_user_id":"20832496","text":"@SolarEnergyNews @BottleRockNapa Hi guys, I would recommend a great Solar Lights seller on Amazon which I bought from and used for years, really got great fun and charming lighting atmosphere around house.\n \nHere is the beautiful solar flame lights I like so much : https://t.co/sqIGa92MU5 https://t.co/AsNv38o9pI","public_metrics":{"retweet_count":0,"reply_count":0,"like_count":0,"quote_count":0},"lang":"en","id":"1365552249536012290","author_id":"1324947861876846592","created_at":"2021-02-27T06:40:01.000Z","reply_settings":"everyone","source":"Twitter Web App"},{"entities":{"urls":[{"start":265,"end":288,"url":"https://t.co/aVa9cqSybm","expanded_url":"https://www.amazon.com/Sogrand-Security-Waterproof-Wireless-Lighting/dp/B01GE5IZEW/ref=sr_1_11?dchild=1&keywords=solar+post+lights&m=A39PH15OSSYYUG&qid=1597471815&s=merchant-items&sr=1-11","display_url":"amazon.com/Sogrand-Securi…"},{"start":289,"end":312,"url":"https://t.co/9EivM9ejHd","expanded_url":"https://twitter.com/RRoy2021/status/1365546545496481792/photo/1","display_url":"pic.twitter.com/9EivM9ejHd"}],"mentions":[{"start":0,"end":16,"username":"SolarEnergyNews"},{"start":17,"end":32,"username":"BottleRockNapa"}],"annotations":[{"start":91,"end":96,"probability":0.6801,"type":"Organization","normalized_text":"Amazon"}]},"in_reply_to_user_id":"20832496","text":"@SolarEnergyNews @BottleRockNapa Hi guys, I would recommend a great Solar Lights seller on Amazon which I bought from and used for years, really got great fun and charming lighting atmosphere around house.\n \nHere is the beautiful solar post lights I like so much : https://t.co/aVa9cqSybm https://t.co/9EivM9ejHd","public_metrics":{"retweet_count":0,"reply_count":0,"like_count":0,"quote_count":0},"lang":"en","id":"1365546545496481792","author_id":"1251101653173850112","created_at":"2021-02-27T06:17:21.000Z","reply_settings":"everyone","source":"Twitter Web App"},{"entities":{"urls":[{"start":191,"end":214,"url":"https://t.co/69qssianq7","expanded_url":"http://jamcellars.com/jhhpodcast","display_url":"jamcellars.com/jhhpodcast"},{"start":215,"end":238,"url":"https://t.co/apx5KC8CVz","expanded_url":"https://twitter.com/JaMCellars/status/1364773086902448131/video/1","display_url":"pic.twitter.com/apx5KC8CVz"}],"mentions":[{"start":85,"end":100,"username":"BottleRockNapa"},{"start":111,"end":127,"username":"littlehurricane"}],"hashtags":[{"start":53,"end":66,"tag":"JaMHappyHour"}],"annotations":[{"start":148,"end":152,"probability":0.5312,"type":"Organization","normalized_text":"Apple"}]},"text":"NEW PODCAST EPISODE! \uD83C\uDFA7 Tune in for episode 12 of the #JaMHappyHour Podcast featuring @BottleRockNapa  artists, @littlehurricane , now available on Apple and everywhere else podcasts live! \uD83C\uDF77\uD83C\uDFB6 https://t.co/69qssianq7 https://t.co/apx5KC8CVz","public_metrics":{"retweet_count":1,"reply_count":0,"like_count":4,"quote_count":0},"lang":"en","id":"1364773086902448131","author_id":"1245444188","created_at":"2021-02-25T03:03:54.000Z","reply_settings":"everyone","source":"Twitter Web App"},{"in_reply_to_user_id":"22018221","text":"@ThatEricAlper .@foofighters concert at @BottleRockNapa when the power was cut during Everlong. 40,000 people finished the song.","entities":{"mentions":[{"start":0,"end":14,"username":"ThatEricAlper"},{"start":16,"end":28,"username":"foofighters"},{"start":40,"end":55,"username":"BottleRockNapa"}],"annotations":[{"start":86,"end":93,"probability":0.3869,"type":"Organization","normalized_text":"Everlong"}]},"public_metrics":{"retweet_count":0,"reply_count":0,"like_count":0,"quote_count":0},"lang":"en","id":"1364642916191375362","author_id":"1170896934","created_at":"2021-02-24T18:26:39.000Z","reply_settings":"everyone","source":"Twitter for iPhone"},{"text":"\uD83C\uDFB6+\uD83C\uDF77=\uD83D\uDC9B \nPress play, sip back, and enjoy music festival JaMs poured by JaMCellars! A compilation of artists from our fav music fests including @BottleRockNapa, @TheOhanaFest, and @VoodooNola!","entities":{"mentions":[{"start":141,"end":156,"username":"BottleRockNapa"},{"start":158,"end":171,"username":"TheOhanaFest"},{"start":177,"end":188,"username":"VoodooNola"}],"annotations":[{"start":72,"end":81,"probability":0.5465,"type":"Person","normalized_text":"JaMCellars"}]},"public_metrics":{"retweet_count":0,"reply_count":0,"like_count":2,"quote_count":0},"lang":"en","id":"1363933715060060161","author_id":"1245444188","created_at":"2021-02-22T19:28:32.000Z","reply_settings":"everyone","source":"Twitter for Advertisers"},{"entities":{"urls":[{"start":196,"end":219,"url":"https://t.co/OTLQAvLVvP","expanded_url":"https://twitter.com/NMalliotakis/status/1363631328319700995","display_url":"twitter.com/NMalliotakis/s…"}],"mentions":[{"start":0,"end":15,"username":"BottleRockNapa"},{"start":16,"end":29,"username":"NapaVintners"},{"start":30,"end":43,"username":"NapaRegister"},{"start":44,"end":52,"username":"SkyNews"},{"start":53,"end":69,"username":"rashtrapatibhvn"},{"start":181,"end":195,"username":"SpeakerPelosi"}],"annotations":[{"start":154,"end":165,"probability":0.9981,"type":"Person","normalized_text":"Nancy Pelosi"}]},"in_reply_to_user_id":"1007391884","text":"@BottleRockNapa @NapaVintners @NapaRegister @SkyNews @rashtrapatibhvn All Napa residents, This is the Trash you support, cover for, hide, and get loaded. Nancy Pelosi is a disgrace @SpeakerPelosi https://t.co/OTLQAvLVvP","public_metrics":{"retweet_count":0,"reply_count":0,"like_count":0,"quote_count":0},"lang":"en","id":"1363724710693937152","author_id":"1048796553828229120","created_at":"2021-02-22T05:38:02.000Z","reply_settings":"everyone","source":"Twitter for iPhone"},{"entities":{"urls":[{"start":267,"end":290,"url":"https://t.co/Trb7akP3Hz","expanded_url":"https://www.amazon.com/Sogrand-Decorative-Decorations-Stainless-Landscape/dp/B07PGL39CZ/ref=sr_1_2?dchild=1&keywords=solar+garden+lights&m=A39PH15OSSYYUG&qid=1598234315&s=merchant-items&sr=1-2","display_url":"amazon.com/Sogrand-Decora…"},{"start":291,"end":314,"url":"https://t.co/QJMZK1MPog","expanded_url":"https://twitter.com/pari2060/status/1362273120518725638/photo/1","display_url":"pic.twitter.com/QJMZK1MPog"}],"mentions":[{"start":0,"end":16,"username":"SolarEnergyNews"},{"start":17,"end":32,"username":"BottleRockNapa"}],"annotations":[{"start":91,"end":96,"probability":0.6788,"type":"Organization","normalized_text":"Amazon"}]},"in_reply_to_user_id":"20832496","text":"@SolarEnergyNews @BottleRockNapa Hi guys, I would recommend a great Solar Lights seller on Amazon which I bought from and used for years, really got great fun and charming lighting atmosphere around house.\n \nHere is the beautiful solar garden lights I like so much : https://t.co/Trb7akP3Hz https://t.co/QJMZK1MPog","public_metrics":{"retweet_count":0,"reply_count":0,"like_count":0,"quote_count":0},"lang":"en","id":"1362273120518725638","author_id":"1324949231245778945","created_at":"2021-02-18T05:29:56.000Z","reply_settings":"everyone","source":"Twitter Web App"},{"entities":{"urls":[{"start":52,"end":75,"url":"https://t.co/UPQqKRbKwq","expanded_url":"https://edm.com/news/sexual-assault-victim-files-lawsuit-bottlerock-music-festival","display_url":"edm.com/news/sexual-as…"}],"mentions":[{"start":21,"end":36,"username":"BottleRockNapa"}]},"text":"Disturbing news from @BottleRockNapa 2019 festival \nhttps://t.co/UPQqKRbKwq","public_metrics":{"retweet_count":0,"reply_count":0,"like_count":2,"quote_count":0},"lang":"en","id":"1361425762784448512","author_id":"14841501","created_at":"2021-02-15T21:22:50.000Z","reply_settings":"everyone","source":"Twitter for iPhone"},{"entities":{"urls":[{"start":184,"end":207,"url":"https://t.co/S6Xtq68Hfx","expanded_url":"https://twitter.com/tfox1023/status/1359331199437660166","display_url":"twitter.com/tfox1023/statu…"}],"mentions":[{"start":0,"end":14,"username":"SpeakerPelosi"},{"start":15,"end":23,"username":"SkyNews"},{"start":24,"end":38,"username":"BreitbartNews"},{"start":39,"end":49,"username":"GOPLeader"},{"start":50,"end":54,"username":"DNC"},{"start":55,"end":70,"username":"BottleRockNapa"},{"start":71,"end":84,"username":"NapaVintners"},{"start":85,"end":98,"username":"NapaRegister"},{"start":99,"end":115,"username":"VisitNapaValley"},{"start":116,"end":123,"username":"NAPAWF"}],"hashtags":[{"start":165,"end":183,"tag":"boycottnapavalley"}],"annotations":[{"start":127,"end":133,"probability":0.9928,"type":"Place","normalized_text":"America"},{"start":158,"end":163,"probability":0.8743,"type":"Person","normalized_text":"Pelosi"}]},"in_reply_to_user_id":"15764644","text":"@SpeakerPelosi @SkyNews @BreitbartNews @GOPLeader @DNC @BottleRockNapa @NapaVintners @NapaRegister @VisitNapaValley @NAPAWF If America really wants to impact Pelosi #boycottnapavalley https://t.co/S6Xtq68Hfx","public_metrics":{"retweet_count":0,"reply_count":0,"like_count":0,"quote_count":0},"lang":"en","id":"1359337555011858434","author_id":"1048796553828229120","created_at":"2021-02-10T03:05:03.000Z","reply_settings":"everyone","source":"Twitter for iPhone"},{"text":"FS @LambeauField @NFL @Mets @PatrickMahomes @Chiefs @tkelce @WHO @Yankees @Marlins @CokeFlorida @pitbull @RandyMoss @clydecarson @jayrock @octaviaspencer @KapeashMusic @nyjets @BottleRockNapa @TechCrunch @mgmstudios @mackb236 @Wendys @Starbucks @NHL @JerryRice @nuggets @NewEraCap","entities":{"mentions":[{"start":3,"end":16,"username":"LambeauField"},{"start":17,"end":21,"username":"NFL"},{"start":22,"end":27,"username":"Mets"},{"start":28,"end":43,"username":"PatrickMahomes"},{"start":44,"end":51,"username":"Chiefs"},{"start":52,"end":59,"username":"tkelce"},{"start":60,"end":64,"username":"WHO"},{"start":65,"end":73,"username":"Yankees"},{"start":74,"end":82,"username":"Marlins"},{"start":83,"end":95,"username":"CokeFlorida"},{"start":96,"end":104,"username":"pitbull"},{"start":105,"end":115,"username":"RandyMoss"},{"start":116,"end":128,"username":"clydecarson"},{"start":129,"end":137,"username":"jayrock"},{"start":138,"end":153,"username":"octaviaspencer"},{"start":154,"end":167,"username":"KapeashMusic"},{"start":168,"end":175,"username":"nyjets"},{"start":176,"end":191,"username":"BottleRockNapa"},{"start":192,"end":203,"username":"TechCrunch"},{"start":204,"end":215,"username":"mgmstudios"},{"start":216,"end":225,"username":"mackb236"},{"start":226,"end":233,"username":"Wendys"},{"start":234,"end":244,"username":"Starbucks"},{"start":245,"end":249,"username":"NHL"},{"start":250,"end":260,"username":"JerryRice"},{"start":261,"end":269,"username":"nuggets"},{"start":270,"end":280,"username":"NewEraCap"}]},"public_metrics":{"retweet_count":1,"reply_count":0,"like_count":1,"quote_count":0},"lang":"und","id":"1358487433030082565","author_id":"3017407404","created_at":"2021-02-07T18:46:58.000Z","reply_settings":"everyone","source":"Twitter Web App"},{"entities":{"urls":[{"start":49,"end":72,"url":"https://t.co/CRN7PHk2Jc","expanded_url":"https://lizzielau.com/bottlerock-napa-valley-roadtrip/?utm_source=ReviveOldPost&utm_medium=social&utm_campaign=ReviveOldPost","display_url":"lizzielau.com/bottlerock-nap…"}],"mentions":[{"start":33,"end":48,"username":"BottleRockNapa"}],"hashtags":[{"start":23,"end":32,"tag":"roadtrip"},{"start":73,"end":80,"tag":"travel"}]},"text":"BottleRock Napa Valley #roadtrip @BottleRockNapa https://t.co/CRN7PHk2Jc #travel","public_metrics":{"retweet_count":0,"reply_count":0,"like_count":1,"quote_count":0},"lang":"tl","id":"1358091391402917889","author_id":"488798406","created_at":"2021-02-06T16:33:14.000Z","reply_settings":"everyone","source":"Revive Social App"},{"entities":{"urls":[{"start":273,"end":296,"url":"https://t.co/tY8icYNyx5","expanded_url":"https://twitter.com/pass_festival/status/1356453298363056131/photo/1","display_url":"pic.twitter.com/tY8icYNyx5"}],"mentions":[{"start":133,"end":148,"username":"BottleRockNapa"}],"hashtags":[{"start":151,"end":164,"tag":"festivalpass"},{"start":165,"end":178,"tag":"livelifelive"},{"start":179,"end":190,"tag":"liveevents"},{"start":191,"end":202,"tag":"goldenhour"},{"start":203,"end":218,"tag":"bottlerocknapa"},{"start":219,"end":240,"tag":"californiagoldenhour"},{"start":241,"end":254,"tag":"2021concerts"},{"start":255,"end":272,"tag":"foodandwineevent"}]},"text":"There is no better feeling than golden hour at a live show ☀️  Who agrees? We can almost feel the sun on our faces in this shot from @BottleRockNapa \n\n#festivalpass #livelifelive #liveevents #goldenhour #bottlerocknapa #californiagoldenhour #2021concerts #foodandwineevent https://t.co/tY8icYNyx5","public_metrics":{"retweet_count":0,"reply_count":0,"like_count":0,"quote_count":0},"lang":"en","id":"1356453298363056131","author_id":"1171511503364575232","created_at":"2021-02-02T04:04:02.000Z","reply_settings":"everyone","source":"Sprout Social"},{"text":"I’m ready @ChiliPeppers and see you @BottleRockNapa #2021 \uD83E\uDD13\uD83C\uDF77","entities":{"mentions":[{"start":10,"end":23,"username":"ChiliPeppers"},{"start":36,"end":51,"username":"BottleRockNapa"}]},"public_metrics":{"retweet_count":0,"reply_count":0,"like_count":0,"quote_count":0},"lang":"en","id":"1356322590571302912","author_id":"1356316757552734208","created_at":"2021-02-01T19:24:39.000Z","reply_settings":"everyone","source":"Twitter for iPhone"}],"meta":{"oldest_id":"1356322590571302912","newest_id":"1365795825935413253","result_count":15}}