{"data":[{"reply_settings":"everyone","in_reply_to_user_id":"20832496","entities":{"annotations":[{"start":91,"end":96,"probability":0.6759,"type":"Organization","normalized_text":"Amazon"}],"urls":[{"start":269,"end":292,"url":"https://t.co/ROnKTbH003","expanded_url":"https://www.amazon.com/Sogrand-Security-Waterproof-Wireless-Lighting/dp/B01GE5IZEW/ref=sr_1_8?dchild=1&keywords=solar+post+cap+lights&m=A39PH15OSSYYUG&qid=1597471661&s=merchant-items&sr=1-8","display_url":"amazon.com/Sogrand-Securi…"},{"start":293,"end":316,"url":"https://t.co/VV29xZ1aHC","expanded_url":"https://twitter.com/pari2060/status/1355445757269180417/photo/1","display_url":"pic.twitter.com/VV29xZ1aHC"}],"mentions":[{"start":0,"end":16,"username":"SolarEnergyNews"},{"start":17,"end":32,"username":"BottleRockNapa"}]},"source":"Twitter Web App","created_at":"2021-01-30T09:20:26.000Z","id":"1355445757269180417","public_metrics":{"retweet_count":0,"reply_count":0,"like_count":0,"quote_count":0},"text":"@SolarEnergyNews @BottleRockNapa Hi guys, I would recommend a great Solar Lights seller on Amazon which I bought from and used for years, really got great fun and charming lighting atmosphere around house.\n \nHere is the beautiful solar post cap lights I like so much : https://t.co/ROnKTbH003 https://t.co/VV29xZ1aHC","author_id":"1324949231245778945","lang":"en"},{"reply_settings":"everyone","in_reply_to_user_id":"20832496","entities":{"annotations":[{"start":91,"end":96,"probability":0.6801,"type":"Organization","normalized_text":"Amazon"}],"urls":[{"start":265,"end":288,"url":"https://t.co/7v9jjblhha","expanded_url":"https://www.amazon.com/So-grand-SS-SGD-SDL1501-Seasonal-Celebration/dp/B01LWI2TAM/ref=sr_1_2?dchild=1&keywords=solar+post+lights&m=A39PH15OSSYYUG&qid=1610228253&s=merchant-items&sr=1-2","display_url":"amazon.com/So-grand-SS-SG…"},{"start":289,"end":312,"url":"https://t.co/WRFImo7Zut","expanded_url":"https://twitter.com/pari56276/status/1355021370028122112/photo/1","display_url":"pic.twitter.com/WRFImo7Zut"}],"mentions":[{"start":0,"end":16,"username":"SolarEnergyNews"},{"start":17,"end":32,"username":"BottleRockNapa"}]},"source":"Twitter Web App","created_at":"2021-01-29T05:14:04.000Z","id":"1355021370028122112","public_metrics":{"retweet_count":0,"reply_count":0,"like_count":0,"quote_count":0},"text":"@SolarEnergyNews @BottleRockNapa Hi guys, I would recommend a great Solar Lights seller on Amazon which I bought from and used for years, really got great fun and charming lighting atmosphere around house.\n \nHere is the beautiful solar post lights I like so much : https://t.co/7v9jjblhha https://t.co/WRFImo7Zut","author_id":"1223134010500513792","lang":"en"},{"reply_settings":"everyone","in_reply_to_user_id":"1007391884","source":"Twitter for iPhone","created_at":"2021-01-26T08:58:20.000Z","id":"1353990646265077762","public_metrics":{"retweet_count":0,"reply_count":0,"like_count":0,"quote_count":0},"text":"@BottleRockNapa &gt;&gt;&gt; @sfoutsidelands and it’s not close","entities":{"mentions":[{"start":0,"end":15,"username":"BottleRockNapa"},{"start":29,"end":44,"username":"sfoutsidelands"}]},"author_id":"955210273870159872","lang":"en"},{"reply_settings":"everyone","in_reply_to_user_id":"124385869","source":"Twitter Web App","entities":{"urls":[{"start":206,"end":229,"url":"https://t.co/5RdgSMtNyO","expanded_url":"https://twitter.com/zwy8059/status/1353871542564777985/photo/1","display_url":"pic.twitter.com/5RdgSMtNyO"},{"start":230,"end":253,"url":"https://t.co/owB2fCzmpx","expanded_url":"https://twitter.com/zwy8059/status/1353563012024549376","display_url":"twitter.com/zwy8059/status…"}],"mentions":[{"start":0,"end":16,"username":"VisitNapaValley"},{"start":17,"end":32,"username":"BottleRockNapa"},{"start":33,"end":46,"username":"NAPAofficial"},{"start":47,"end":60,"username":"dianeldillon"},{"start":61,"end":74,"username":"BerkeleyHaas"},{"start":75,"end":89,"username":"NapaPorchfest"},{"start":90,"end":104,"username":"NAParksandRec"},{"start":105,"end":117,"username":"NapaSheriff"},{"start":118,"end":130,"username":"napawriters"},{"start":133,"end":146,"username":"dianeldillon"},{"start":147,"end":160,"username":"BeliatheSupe"}]},"created_at":"2021-01-26T01:05:04.000Z","id":"1353871542564777985","public_metrics":{"retweet_count":0,"reply_count":0,"like_count":0,"quote_count":0},"text":"@VisitNapaValley @BottleRockNapa @NAPAofficial @dianeldillon @BerkeleyHaas @NapaPorchfest @NAParksandRec @NapaSheriff @napawriters \n\n@dianeldillon @BeliatheSupe  i want grant help i am proving fund raising https://t.co/5RdgSMtNyO https://t.co/owB2fCzmpx","author_id":"2506115022","lang":"en"},{"reply_settings":"everyone","in_reply_to_user_id":"20832496","entities":{"annotations":[{"start":91,"end":96,"probability":0.6781,"type":"Organization","normalized_text":"Amazon"}],"urls":[{"start":271,"end":294,"url":"https://t.co/7S2RDBN6J7","expanded_url":"https://www.amazon.com/Sogrand-Security-Waterproof-Wireless-Lighting/dp/B01GE5IZEW/ref=sr_1_1?dchild=1&keywords=solar+fence+post+lights&m=A39PH15OSSYYUG&qid=1610372742&s=merchant-items&sr=1-1","display_url":"amazon.com/Sogrand-Securi…"},{"start":295,"end":318,"url":"https://t.co/G3QMTMK2j8","expanded_url":"https://twitter.com/pari20230/status/1353593160962875392/photo/1","display_url":"pic.twitter.com/G3QMTMK2j8"}],"mentions":[{"start":0,"end":16,"username":"SolarEnergyNews"},{"start":17,"end":32,"username":"BottleRockNapa"}]},"source":"Twitter Web App","created_at":"2021-01-25T06:38:52.000Z","id":"1353593160962875392","public_metrics":{"retweet_count":0,"reply_count":0,"like_count":0,"quote_count":0},"text":"@SolarEnergyNews @BottleRockNapa Hi guys, I would recommend a great Solar Lights seller on Amazon which I bought from and used for years, really got great fun and charming lighting atmosphere around house.\n \nHere is the beautiful Solar fence post lights I like so much : https://t.co/7S2RDBN6J7 https://t.co/G3QMTMK2j8","author_id":"1324947861876846592","lang":"en"},{"reply_settings":"everyone","in_reply_to_user_id":"1290826781990084610","source":"Twitter Web App","created_at":"2021-01-24T06:50:29.000Z","id":"1353233694429908992","public_metrics":{"retweet_count":0,"reply_count":0,"like_count":1,"quote_count":0},"text":"@amyisquitebusy @EricBoehlert @BottleRock @davematthewsbnd I had tickets - I have gone to every @BottleRockNapa!","entities":{"mentions":[{"start":0,"end":15,"username":"amyisquitebusy"},{"start":16,"end":29,"username":"EricBoehlert"},{"start":30,"end":41,"username":"BottleRock"},{"start":42,"end":58,"username":"davematthewsbnd"},{"start":96,"end":111,"username":"BottleRockNapa"}]},"author_id":"46554751","lang":"en"},{"reply_settings":"everyone","in_reply_to_user_id":"896005146","source":"Twitter for iPhone","created_at":"2021-01-21T02:25:46.000Z","id":"1352079913994473473","public_metrics":{"retweet_count":0,"reply_count":0,"like_count":0,"quote_count":0},"text":"@kayaubrianna They are crazy good- Saw them @BottleRockNapa","entities":{"mentions":[{"start":0,"end":13,"username":"kayaubrianna"},{"start":44,"end":59,"username":"BottleRockNapa"}]},"author_id":"468814665","lang":"en"},{"reply_settings":"everyone","in_reply_to_user_id":"922971694372864001","source":"Twitter Web App","created_at":"2021-01-19T08:46:38.000Z","id":"1351450986678681601","public_metrics":{"retweet_count":0,"reply_count":0,"like_count":0,"quote_count":0},"text":"@FreethyJacq @napacountyfire @NapaShelter @NapaPD @CityofNapa @CountyofNapa @PGE4Me @CHP_HQ @CHP_Napa @weatherchannel @NWS @NWSBayArea @BeniciaPD @FairfieldPolice @VallejoFire @BottleRockNapa @NatGeo @NWSSacramento @NWSCNRFC \uD83D\uDC4D","entities":{"mentions":[{"start":0,"end":12,"username":"FreethyJacq"},{"start":13,"end":28,"username":"napacountyfire"},{"start":29,"end":41,"username":"NapaShelter"},{"start":42,"end":49,"username":"NapaPD"},{"start":50,"end":61,"username":"CityofNapa"},{"start":62,"end":75,"username":"CountyofNapa"},{"start":76,"end":83,"username":"PGE4Me"},{"start":84,"end":91,"username":"CHP_HQ"},{"start":92,"end":101,"username":"CHP_Napa"},{"start":102,"end":117,"username":"weatherchannel"},{"start":118,"end":122,"username":"NWS"},{"start":123,"end":134,"username":"NWSBayArea"},{"start":135,"end":145,"username":"BeniciaPD"},{"start":146,"end":162,"username":"FairfieldPolice"},{"start":163,"end":175,"username":"VallejoFire"},{"start":176,"end":191,"username":"BottleRockNapa"},{"start":192,"end":199,"username":"NatGeo"},{"start":200,"end":214,"username":"NWSSacramento"},{"start":215,"end":224,"username":"NWSCNRFC"}]},"author_id":"410074223","lang":"und"},{"reply_settings":"everyone","in_reply_to_user_id":"20832496","entities":{"annotations":[{"start":91,"end":96,"probability":0.6759,"type":"Organization","normalized_text":"Amazon"}],"urls":[{"start":269,"end":292,"url":"https://t.co/zKASiIDBzw","expanded_url":"https://www.amazon.com/Sogrand-Security-Waterproof-Wireless-Lighting/dp/B01GE5IZEW/ref=sr_1_8?dchild=1&keywords=solar+post+cap+lights&m=A39PH15OSSYYUG&qid=1597471661&s=merchant-items&sr=1-8","display_url":"amazon.com/Sogrand-Securi…"},{"start":293,"end":316,"url":"https://t.co/FqnV7mEQ4T","expanded_url":"https://twitter.com/RRoy2021/status/1351445440764416005/photo/1","display_url":"pic.twitter.com/FqnV7mEQ4T"}],"mentions":[{"start":0,"end":16,"username":"SolarEnergyNews"},{"start":17,"end":32,"username":"BottleRockNapa"}]},"source":"Twitter Web App","created_at":"2021-01-19T08:24:36.000Z","id":"1351445440764416005","public_metrics":{"retweet_count":0,"reply_count":0,"like_count":0,"quote_count":0},"text":"@SolarEnergyNews @BottleRockNapa Hi guys, I would recommend a great Solar Lights seller on Amazon which I bought from and used for years, really got great fun and charming lighting atmosphere around house.\n \nHere is the beautiful solar post cap lights I like so much : https://t.co/zKASiIDBzw https://t.co/FqnV7mEQ4T","author_id":"1251101653173850112","lang":"en"},{"reply_settings":"everyone","in_reply_to_user_id":"20832496","entities":{"annotations":[{"start":91,"end":96,"probability":0.6801,"type":"Organization","normalized_text":"Amazon"}],"urls":[{"start":265,"end":288,"url":"https://t.co/IhH8X9T5F1","expanded_url":"https://www.amazon.com/Sogrand-Security-Waterproof-Wireless-Lighting/dp/B01GE5IZEW/ref=sr_1_11?dchild=1&keywords=solar+post+lights&m=A39PH15OSSYYUG&qid=1597471815&s=merchant-items&sr=1-11","display_url":"amazon.com/Sogrand-Securi…"},{"start":289,"end":312,"url":"https://t.co/hKHVgk2pDP","expanded_url":"https://twitter.com/pari20230/status/1351418451538001922/photo/1","display_url":"pic.twitter.com/hKHVgk2pDP"}],"mentions":[{"start":0,"end":16,"username":"SolarEnergyNews"},{"start":17,"end":32,"username":"BottleRockNapa"}]},"source":"Twitter Web App","created_at":"2021-01-19T06:37:21.000Z","id":"1351418451538001922","public_metrics":{"retweet_count":0,"reply_count":0,"like_count":0,"quote_count":0},"text":"@SolarEnergyNews @BottleRockNapa Hi guys, I would recommend a great Solar Lights seller on Amazon which I bought from and used for years, really got great fun and charming lighting atmosphere around house.\n \nHere is the beautiful solar post lights I like so much : https://t.co/IhH8X9T5F1 https://t.co/hKHVgk2pDP","author_id":"1324947861876846592","lang":"en"},{"reply_settings":"everyone","source":"Twitter for iPhone","entities":{"hashtags":[{"start":0,"end":10,"tag":"Spiritual"},{"start":11,"end":19,"tag":"Reading"},{"start":20,"end":29,"tag":"increase"},{"start":30,"end":35,"tag":"wind"},{"start":36,"end":42,"tag":"gusts"},{"start":43,"end":52,"tag":"velocity"},{"start":53,"end":61,"tag":"weather"},{"start":62,"end":67,"tag":"napa"}],"mentions":[{"start":68,"end":83,"username":"napacountyfire"},{"start":84,"end":96,"username":"NapaShelter"},{"start":97,"end":104,"username":"NapaPD"},{"start":105,"end":116,"username":"CityofNapa"},{"start":117,"end":130,"username":"CountyofNapa"},{"start":131,"end":138,"username":"PGE4Me"},{"start":139,"end":146,"username":"CHP_HQ"},{"start":147,"end":156,"username":"CHP_Napa"},{"start":157,"end":172,"username":"weatherchannel"},{"start":173,"end":177,"username":"NWS"},{"start":178,"end":189,"username":"NWSBayArea"},{"start":190,"end":200,"username":"BeniciaPD"},{"start":201,"end":217,"username":"FairfieldPolice"},{"start":218,"end":230,"username":"VallejoFire"},{"start":231,"end":246,"username":"BottleRockNapa"},{"start":247,"end":254,"username":"NatGeo"},{"start":255,"end":269,"username":"NWSSacramento"},{"start":270,"end":279,"username":"NWSCNRFC"}]},"created_at":"2021-01-19T05:27:37.000Z","id":"1351400903081791489","public_metrics":{"retweet_count":0,"reply_count":1,"like_count":0,"quote_count":0},"text":"#Spiritual #Reading #increase #wind #gusts #velocity #weather #napa @napacountyfire @NapaShelter @NapaPD @CityofNapa @CountyofNapa @PGE4Me @CHP_HQ @CHP_Napa @weatherchannel @NWS @NWSBayArea @BeniciaPD @FairfieldPolice @VallejoFire @BottleRockNapa @NatGeo @NWSSacramento @NWSCNRFC","author_id":"922971694372864001","lang":"und"},{"reply_settings":"everyone","in_reply_to_user_id":"185366038","source":"Twitter for iPhone","created_at":"2021-01-14T23:32:28.000Z","id":"1349861975350624258","public_metrics":{"retweet_count":0,"reply_count":0,"like_count":0,"quote_count":0},"text":"@Tommypage @bigdadd69086955 @BottleRockNapa","entities":{"mentions":[{"start":0,"end":10,"username":"Tommypage"},{"start":11,"end":27,"username":"bigdadd69086955"},{"start":28,"end":43,"username":"BottleRockNapa"}]},"author_id":"1251964405933203456","lang":"und"},{"reply_settings":"everyone","in_reply_to_user_id":"1007391884","source":"Twitter for iPhone","entities":{"urls":[{"start":16,"end":39,"url":"https://t.co/1QulOOnW8H","expanded_url":"https://twitter.com/AliviaBlount/status/1349813718436048896/photo/1","display_url":"pic.twitter.com/1QulOOnW8H"},{"start":16,"end":39,"url":"https://t.co/1QulOOnW8H","expanded_url":"https://twitter.com/AliviaBlount/status/1349813718436048896/photo/1","display_url":"pic.twitter.com/1QulOOnW8H"},{"start":16,"end":39,"url":"https://t.co/1QulOOnW8H","expanded_url":"https://twitter.com/AliviaBlount/status/1349813718436048896/photo/1","display_url":"pic.twitter.com/1QulOOnW8H"},{"start":16,"end":39,"url":"https://t.co/1QulOOnW8H","expanded_url":"https://twitter.com/AliviaBlount/status/1349813718436048896/photo/1","display_url":"pic.twitter.com/1QulOOnW8H"}],"mentions":[{"start":0,"end":15,"username":"BottleRockNapa"}]},"created_at":"2021-01-14T20:20:43.000Z","id":"1349813718436048896","public_metrics":{"retweet_count":0,"reply_count":0,"like_count":0,"quote_count":0},"text":"@BottleRockNapa https://t.co/1QulOOnW8H","geo":{"place_id":"07d9db6189887000"},"author_id":"1012842882011721728","lang":"und"},{"reply_settings":"everyone","entities":{"annotations":[{"start":34,"end":62,"probability":0.1551,"type":"Person","normalized_text":"John Popper of Blues Traveler"}],"hashtags":[{"start":0,"end":4,"tag":"TBT"}],"urls":[{"start":114,"end":137,"url":"https://t.co/3PUDcK3LMo","expanded_url":"https://rb.gy/nmcmdh","display_url":"rb.gy/nmcmdh"},{"start":138,"end":161,"url":"https://t.co/gMoQyv71y2","expanded_url":"https://twitter.com/Jaminthevan/status/1349762955563319297/video/1","display_url":"pic.twitter.com/gMoQyv71y2"}],"mentions":[{"start":8,"end":23,"username":"BottleRockNapa"}]},"source":"Twitter Web App","created_at":"2021-01-14T16:59:00.000Z","id":"1349762955563319297","public_metrics":{"retweet_count":0,"reply_count":0,"like_count":2,"quote_count":0},"text":"#TBT to @BottleRockNapa 2014 when John Popper of Blues Traveler farted in the van. Full set and interview up now: https://t.co/3PUDcK3LMo https://t.co/gMoQyv71y2","author_id":"241356544","lang":"en"},{"reply_settings":"everyone","in_reply_to_user_id":"20832496","entities":{"annotations":[{"start":91,"end":96,"probability":0.6636,"type":"Organization","normalized_text":"Amazon"}],"urls":[{"start":270,"end":293,"url":"https://t.co/yGp4h5pUz6","expanded_url":"https://www.amazon.com/Sogrand-Security-Waterproof-Wireless-Lighting/dp/B01GE5IZEW/ref=sr_1_1?dchild=1&keywords=solar+deck+post+lights&m=A39PH15OSSYYUG&qid=1610372941&s=merchant-items&sr=1-1","display_url":"amazon.com/Sogrand-Securi…"},{"start":294,"end":317,"url":"https://t.co/FRdaEGoj43","expanded_url":"https://twitter.com/pari56276/status/1349295681450647554/photo/1","display_url":"pic.twitter.com/FRdaEGoj43"}],"mentions":[{"start":0,"end":16,"username":"SolarEnergyNews"},{"start":17,"end":32,"username":"BottleRockNapa"}]},"source":"Twitter Web App","created_at":"2021-01-13T10:02:13.000Z","id":"1349295681450647554","public_metrics":{"retweet_count":0,"reply_count":0,"like_count":0,"quote_count":0},"text":"@SolarEnergyNews @BottleRockNapa Hi guys, I would recommend a great Solar Lights seller on Amazon which I bought from and used for years, really got great fun and charming lighting atmosphere around house.\n \nHere is the beautiful Solar deck post lights I like so much : https://t.co/yGp4h5pUz6 https://t.co/FRdaEGoj43","author_id":"1223134010500513792","lang":"en"},{"reply_settings":"everyone","in_reply_to_user_id":"20832496","entities":{"annotations":[{"start":91,"end":96,"probability":0.6781,"type":"Organization","normalized_text":"Amazon"}],"urls":[{"start":271,"end":294,"url":"https://t.co/UeENK5OKH6","expanded_url":"https://www.amazon.com/Sogrand-Outdoor-Lighting-Decorations-Waterproof/dp/B07CWG6XM8/ref=sr_1_2?dchild=1&keywords=solar+fence+post+lights&m=A39PH15OSSYYUG&qid=1610372848&s=merchant-items&sr=1-2","display_url":"amazon.com/Sogrand-Outdoo…"},{"start":295,"end":318,"url":"https://t.co/Dj9gjbnGvE","expanded_url":"https://twitter.com/pari20230/status/1349246216110972929/photo/1","display_url":"pic.twitter.com/Dj9gjbnGvE"}],"mentions":[{"start":0,"end":16,"username":"SolarEnergyNews"},{"start":17,"end":32,"username":"BottleRockNapa"}]},"source":"Twitter Web App","created_at":"2021-01-13T06:45:40.000Z","id":"1349246216110972929","public_metrics":{"retweet_count":0,"reply_count":0,"like_count":0,"quote_count":0},"text":"@SolarEnergyNews @BottleRockNapa Hi guys, I would recommend a great Solar Lights seller on Amazon which I bought from and used for years, really got great fun and charming lighting atmosphere around house.\n \nHere is the beautiful Solar fence post lights I like so much : https://t.co/UeENK5OKH6 https://t.co/Dj9gjbnGvE","author_id":"1324947861876846592","lang":"en"},{"reply_settings":"everyone","in_reply_to_user_id":"14278608","entities":{"annotations":[{"start":199,"end":207,"probability":0.5653,"type":"Person","normalized_text":"Americans"}],"mentions":[{"start":0,"end":13,"username":"originalspin"},{"start":14,"end":29,"username":"pronounced_ing"},{"start":78,"end":93,"username":"BottleRockNapa"}]},"source":"Twitter Web App","created_at":"2021-01-10T20:44:44.000Z","id":"1348370211678818304","public_metrics":{"retweet_count":0,"reply_count":0,"like_count":0,"quote_count":0},"text":"@originalspin @pronounced_ing I actually had to shell out for campgrounds for @BottleRockNapa in September.  Fingers crossed and prayers that we truly get this pandemic behind us and save our fellow Americans...fast!","author_id":"89321553","lang":"en"},{"reply_settings":"everyone","source":"Revive Social App","entities":{"hashtags":[{"start":23,"end":32,"tag":"roadtrip"},{"start":73,"end":80,"tag":"travel"}],"urls":[{"start":49,"end":72,"url":"https://t.co/CRN7PHk2Jc","expanded_url":"https://lizzielau.com/bottlerock-napa-valley-roadtrip/?utm_source=ReviveOldPost&utm_medium=social&utm_campaign=ReviveOldPost","display_url":"lizzielau.com/bottlerock-nap…","images":[{"url":"https://pbs.twimg.com/news_img/1378310223564267522/_aJpn2WO?format=jpg&name=orig","width":1200,"height":628},{"url":"https://pbs.twimg.com/news_img/1378310223564267522/_aJpn2WO?format=jpg&name=150x150","width":150,"height":150}],"status":200,"title":"BottleRock Napa Valley #roadtrip @BottleRockNapa","description":"BottleRock Napa Valley is a family friendly annual 3 day music festival held in May. The music, food, wine and vibe are all outstanding.","unwound_url":"https://lizzielau.com/bottlerock-napa-valley-roadtrip/?utm_source=ReviveOldPost&utm_medium=social&utm_campaign=ReviveOldPost"}],"mentions":[{"start":33,"end":48,"username":"BottleRockNapa"}]},"created_at":"2021-01-10T04:31:55.000Z","id":"1348125395296649217","public_metrics":{"retweet_count":1,"reply_count":0,"like_count":0,"quote_count":0},"text":"BottleRock Napa Valley #roadtrip @BottleRockNapa https://t.co/CRN7PHk2Jc #travel","author_id":"488798406","lang":"tl"},{"reply_settings":"everyone","in_reply_to_user_id":"1007391884","source":"Twitter for iPhone","created_at":"2021-01-09T17:46:39.000Z","id":"1347963006458630158","public_metrics":{"retweet_count":0,"reply_count":0,"like_count":0,"quote_count":0},"text":"@BottleRockNapa when are you announcing the lineup? We all need something to look forward to with everything going on....","entities":{"mentions":[{"start":0,"end":15,"username":"BottleRockNapa"}]},"author_id":"399135142","lang":"en"},{"reply_settings":"everyone","in_reply_to_user_id":"2954001207","source":"Twitter for iPhone","created_at":"2021-01-08T20:04:44.000Z","id":"1347635370138062849","public_metrics":{"retweet_count":0,"reply_count":0,"like_count":1,"quote_count":0},"text":"@SpringNuts_ @LukeStruts  @BottleRockNapa  brought the energy!!","entities":{"mentions":[{"start":0,"end":12,"username":"SpringNuts_"},{"start":13,"end":24,"username":"LukeStruts"},{"start":26,"end":41,"username":"BottleRockNapa"}]},"author_id":"862193131034337281","lang":"en"},{"reply_settings":"everyone","in_reply_to_user_id":"20832496","entities":{"annotations":[{"start":91,"end":96,"probability":0.6758,"type":"Organization","normalized_text":"Amazon"}],"urls":[{"start":267,"end":290,"url":"https://t.co/nZKJikVLXC","expanded_url":"https://www.amazon.com/Decorative-Waterproof-Landscape-Lighting-Stainless/dp/B07QNDCKRJ/ref=sr_1_2?dchild=1&keywords=solar+garden+lights&m=A39PH15OSSYYUG&qid=1608404132&s=merchant-items&sr=1-2","display_url":"amazon.com/Decorative-Wat…"},{"start":291,"end":314,"url":"https://t.co/Oeo8Zxk0Yf","expanded_url":"https://twitter.com/RRoy2021/status/1346788681835708416/photo/1","display_url":"pic.twitter.com/Oeo8Zxk0Yf"}],"mentions":[{"start":0,"end":16,"username":"SolarEnergyNews"},{"start":17,"end":32,"username":"BottleRockNapa"}]},"source":"Twitter Web App","created_at":"2021-01-06T12:00:18.000Z","id":"1346788681835708416","public_metrics":{"retweet_count":0,"reply_count":0,"like_count":0,"quote_count":0},"text":"@SolarEnergyNews @BottleRockNapa Hi guys, I would recommend a great Solar Lights seller on Amazon which I bought from and used for years, really got great fun and charming lighting atmosphere around house.\n \nHere is the beautiful Solar garden lights I like so much : https://t.co/nZKJikVLXC https://t.co/Oeo8Zxk0Yf","author_id":"1251101653173850112","lang":"en"},{"reply_settings":"everyone","in_reply_to_user_id":"20832496","entities":{"annotations":[{"start":91,"end":96,"probability":0.6801,"type":"Organization","normalized_text":"Amazon"}],"urls":[{"start":265,"end":288,"url":"https://t.co/WnT2ZqPAn4","expanded_url":"https://www.amazon.com/Sogrand-Outdoor-Lighting-Decorations-Waterproof/dp/B07CWG6XM8/ref=sr_1_3?dchild=1&keywords=solar+post+lights&m=A39PH15OSSYYUG&qid=1609203330&s=merchant-items&sr=1-3","display_url":"amazon.com/Sogrand-Outdoo…"},{"start":289,"end":312,"url":"https://t.co/5dFoqxO8RR","expanded_url":"https://twitter.com/pari2060/status/1346334249130086400/photo/1","display_url":"pic.twitter.com/5dFoqxO8RR"}],"mentions":[{"start":0,"end":16,"username":"SolarEnergyNews"},{"start":17,"end":32,"username":"BottleRockNapa"}]},"source":"Twitter Web App","created_at":"2021-01-05T05:54:33.000Z","id":"1346334249130086400","public_metrics":{"retweet_count":0,"reply_count":0,"like_count":0,"quote_count":0},"text":"@SolarEnergyNews @BottleRockNapa Hi guys, I would recommend a great Solar Lights seller on Amazon which I bought from and used for years, really got great fun and charming lighting atmosphere around house.\n \nHere is the beautiful solar post lights I like so much : https://t.co/WnT2ZqPAn4 https://t.co/5dFoqxO8RR","author_id":"1324949231245778945","lang":"en"}],"meta":{"oldest_id":"1346334249130086400","newest_id":"1355445757269180417","result_count":22}}