{"data":[{"id":"1287747118891843587","author_id":"20123238","lang":"en","entities":{"annotations":[{"start":59,"end":65,"probability":0.9795,"type":"Person","normalized_text":"Santana"}],"mentions":[{"start":0,"end":15,"username":"BottleRockNapa"},{"start":16,"end":27,"username":"JaMCellars"},{"start":28,"end":42,"username":"ElleKingMusic"}]},"text":"@BottleRockNapa @JaMCellars @ElleKingMusic Why did you cut Santana down to a 2 song set (slight exaggeration)? At least Muse didn't get edited.","source":"Twitter for Android","created_at":"2020-07-27T13:50:12.000Z","in_reply_to_user_id":"1007391884","reply_settings":"everyone","public_metrics":{"retweet_count":0,"reply_count":0,"like_count":0,"quote_count":0}},{"id":"1287132303257477120","author_id":"2358609954","lang":"en","text":"@BottleRockNapa @JaMCellars @ElleKingMusic I was there her set was peppered with some heavy rockabilly vibes fantastic","source":"Twitter for iPhone","entities":{"mentions":[{"start":0,"end":15,"username":"BottleRockNapa"},{"start":16,"end":27,"username":"JaMCellars"},{"start":28,"end":42,"username":"ElleKingMusic"}]},"created_at":"2020-07-25T21:07:09.000Z","in_reply_to_user_id":"1007391884","reply_settings":"everyone","public_metrics":{"retweet_count":0,"reply_count":0,"like_count":1,"quote_count":0}},{"id":"1287107853761875970","author_id":"59311659","lang":"en","text":"INTERVIEW: Twin XL (@wearetwinxl) rides 'Good' vibes all the way to a new act for its career musicians. Will they play @BottleRockNapa next May? | @CameronWalker ✏: me https://t.co/vzwVk2aIQx","source":"TweetDeck","entities":{"mentions":[{"start":20,"end":32,"username":"wearetwinxl"},{"start":119,"end":134,"username":"BottleRockNapa"},{"start":147,"end":161,"username":"CameronWalker"}],"urls":[{"start":168,"end":191,"url":"https://t.co/vzwVk2aIQx","expanded_url":"https://bit.ly/3fkV6cn","display_url":"bit.ly/3fkV6cn"}]},"created_at":"2020-07-25T19:30:00.000Z","reply_settings":"everyone","public_metrics":{"retweet_count":0,"reply_count":0,"like_count":1,"quote_count":0}},{"id":"1287084356385767426","author_id":"1044741391803404289","lang":"pt","text":"@BottleRockNapa @ChiliPeppers Talento BRASILEIRO...♥️\uD83C\uDFB6\n\n https://t.co/iKDy7JwN57","source":"Twitter for Android","entities":{"mentions":[{"start":0,"end":15,"username":"BottleRockNapa"},{"start":16,"end":29,"username":"ChiliPeppers"}],"urls":[{"start":57,"end":80,"url":"https://t.co/iKDy7JwN57","expanded_url":"https://twitter.com/Lionel_Leal/status/1286354949178368000/video/1","display_url":"pic.twitter.com/iKDy7JwN57"}]},"created_at":"2020-07-25T17:56:38.000Z","in_reply_to_user_id":"1007391884","reply_settings":"everyone","public_metrics":{"retweet_count":0,"reply_count":0,"like_count":0,"quote_count":0}},{"id":"1286896667921276929","author_id":"17606101","lang":"en","text":"@BottleRockNapa @NRateliff @SantanaCarlos Loved it! ❤","source":"Twitter for Android","entities":{"mentions":[{"start":0,"end":15,"username":"BottleRockNapa"},{"start":16,"end":26,"username":"NRateliff"},{"start":27,"end":41,"username":"SantanaCarlos"}]},"created_at":"2020-07-25T05:30:49.000Z","in_reply_to_user_id":"1007391884","reply_settings":"everyone","public_metrics":{"retweet_count":0,"reply_count":0,"like_count":1,"quote_count":0}},{"id":"1286883229560004609","author_id":"768505549","lang":"en","text":"@BottleRockNapa So sad to see this end. Has been a weekly positive end to many stressful work weeks. I have enjoyed my favorites and new fan to several groups. @LiveNation I hope we can continue this in some other format. Music uplifts the soul during these dark hours. Thanks to all the artists!","source":"Twitter for Android","entities":{"mentions":[{"start":0,"end":15,"username":"BottleRockNapa"},{"start":160,"end":171,"username":"LiveNation"}]},"created_at":"2020-07-25T04:37:25.000Z","in_reply_to_user_id":"1007391884","reply_settings":"everyone","public_metrics":{"retweet_count":0,"reply_count":1,"like_count":1,"quote_count":0}},{"id":"1286876127898808323","author_id":"1243982438377930752","lang":"und","text":"@BottleRockNapa","source":"Twitter for iPhone","entities":{"mentions":[{"start":0,"end":15,"username":"BottleRockNapa"}]},"created_at":"2020-07-25T04:09:12.000Z","in_reply_to_user_id":"1007391884","reply_settings":"everyone","public_metrics":{"retweet_count":0,"reply_count":0,"like_count":0,"quote_count":0}},{"id":"1286875590461595648","author_id":"119973814","lang":"en","text":"@BottleRockNapa @Webex @Cisco @SantanaCarlos @AJRBrothers @ElleKingMusic Best 4 hours so far and even the best @SantanaCarlos is still to come!","source":"Twitter for iPhone","entities":{"mentions":[{"start":0,"end":15,"username":"BottleRockNapa"},{"start":16,"end":22,"username":"Webex"},{"start":23,"end":29,"username":"Cisco"},{"start":30,"end":44,"username":"SantanaCarlos"},{"start":45,"end":57,"username":"AJRBrothers"},{"start":58,"end":72,"username":"ElleKingMusic"},{"start":111,"end":125,"username":"SantanaCarlos"}]},"created_at":"2020-07-25T04:07:04.000Z","in_reply_to_user_id":"1007391884","reply_settings":"everyone","public_metrics":{"retweet_count":0,"reply_count":1,"like_count":1,"quote_count":0}},{"id":"1286874426701570048","author_id":"17606101","lang":"en","entities":{"annotations":[{"start":45,"end":51,"probability":0.4215,"type":"Product","normalized_text":"YouTube"}],"mentions":[{"start":11,"end":21,"username":"NRateliff"},{"start":29,"end":44,"username":"BottleRockNapa"},{"start":72,"end":86,"username":"SantanaCarlos"}]},"text":"Jamming to @NRateliff on the @BottleRockNapa YouTube feed. \n❤❤❤❤\nNext...@SantanaCarlos","source":"Twitter for Android","created_at":"2020-07-25T04:02:26.000Z","reply_settings":"everyone","public_metrics":{"retweet_count":0,"reply_count":1,"like_count":2,"quote_count":0}},{"id":"1286835594677481472","author_id":"64108826","lang":"en","text":"to 7pm @BottleRockNapa https://t.co/MiVvIfA8u2","source":"Twitter Web App","entities":{"mentions":[{"start":7,"end":22,"username":"BottleRockNapa"}],"urls":[{"start":23,"end":46,"url":"https://t.co/MiVvIfA8u2","expanded_url":"https://sf.funcheap.com/online-concert-relive-bottlerock/","display_url":"sf.funcheap.com/online-concert…"}]},"created_at":"2020-07-25T01:28:08.000Z","in_reply_to_user_id":"64108826","reply_settings":"everyone","public_metrics":{"retweet_count":0,"reply_count":1,"like_count":1,"quote_count":0}},{"id":"1286813416795979776","author_id":"14156684","lang":"en","text":"11 streams starting now: live ones from @YoYo_Ma, @BillyStrings, @LizardsToronto, @Mandolin_Orange, @kevnkinney &amp; @Twiddlemusic, festival replays from @HookahvilleFest, @GovBallNYC, @BottleRockNapa, &amp; rebroadcasts from @SCI_Official &amp; @GratefulDead. Info @ https://t.co/U4tk7VinzJ","source":"TweetDeck","entities":{"mentions":[{"start":40,"end":48,"username":"YoYo_Ma"},{"start":50,"end":63,"username":"BillyStrings"},{"start":65,"end":80,"username":"LizardsToronto"},{"start":82,"end":98,"username":"Mandolin_Orange"},{"start":100,"end":111,"username":"kevnkinney"},{"start":118,"end":131,"username":"Twiddlemusic"},{"start":155,"end":171,"username":"HookahvilleFest"},{"start":173,"end":184,"username":"GovBallNYC"},{"start":186,"end":201,"username":"BottleRockNapa"},{"start":227,"end":240,"username":"SCI_Official"},{"start":247,"end":260,"username":"GratefulDead"}],"urls":[{"start":269,"end":292,"url":"https://t.co/U4tk7VinzJ","expanded_url":"https://bit.ly/2WU9Ckb","display_url":"bit.ly/2WU9Ckb"}]},"created_at":"2020-07-25T00:00:01.000Z","reply_settings":"everyone","public_metrics":{"retweet_count":1,"reply_count":0,"like_count":7,"quote_count":0}},{"id":"1286743662135779328","author_id":"3154587136","lang":"en","text":"@BottleRockNapa This is the last one?  Darn!  Would have loved to see a broadcast of @MidlandOfficial or @lizcoopermusic from BottleRock 2019.  Two of the best acts I saw last year, or really from any year.","source":"Twitter Web App","entities":{"mentions":[{"start":0,"end":15,"username":"BottleRockNapa"},{"start":85,"end":101,"username":"MidlandOfficial"},{"start":105,"end":120,"username":"lizcoopermusic"}]},"created_at":"2020-07-24T19:22:50.000Z","in_reply_to_user_id":"1007391884","reply_settings":"everyone","public_metrics":{"retweet_count":0,"reply_count":0,"like_count":2,"quote_count":0}},{"id":"1286740147984142336","author_id":"181299399","lang":"en","text":"(re)LIVE our 2018 show from @BottleRockNapa tonight! https://t.co/E5lr6gDdFu","source":"Twitter for iPhone","entities":{"mentions":[{"start":28,"end":43,"username":"BottleRockNapa"}],"urls":[{"start":53,"end":76,"url":"https://t.co/E5lr6gDdFu","expanded_url":"https://twitter.com/BottleRockNapa/status/1286707790602547202","display_url":"twitter.com/BottleRockNapa…"}]},"created_at":"2020-07-24T19:08:52.000Z","reply_settings":"everyone","public_metrics":{"retweet_count":1,"reply_count":0,"like_count":10,"quote_count":0}},{"id":"1286721350355296256","author_id":"1255542290774478852","lang":"pt","entities":{"annotations":[{"start":27,"end":44,"probability":0.7382,"type":"Person","normalized_text":"Nathaniel Rateliff"},{"start":165,"end":173,"probability":0.5547,"type":"Other","normalized_text":"Bate Papo"}],"mentions":[{"start":109,"end":124,"username":"BottleRockNapa"},{"start":134,"end":150,"username":"samanthaschmutz"},{"start":157,"end":166,"username":"criolomc"},{"start":247,"end":263,"username":"culturaemcasasp"}]},"text":"21h - BottleRock: Santana, Nathaniel Rateliff &amp; The Night Sweats, AJR, Lake Street Drive e More – Rock - @BottleRockNapa \n21h30 - @samanthaschmutz part. @criolomc – Bate Papo: Parcerias e momentos marcantes de suas carreiras e de suas vidas - @culturaemcasasp","source":"Twitter Web App","created_at":"2020-07-24T17:54:10.000Z","in_reply_to_user_id":"1255542290774478852","reply_settings":"everyone","public_metrics":{"retweet_count":0,"reply_count":1,"like_count":1,"quote_count":0}},{"id":"1286686586751475713","author_id":"16345596","lang":"en","text":"Check out our list of upcoming livestream concerts and events https://t.co/RMTnIR83nC @BottleRockNapa https://t.co/UqHTcGp0oD","source":"Twitter for iPhone","entities":{"mentions":[{"start":86,"end":101,"username":"BottleRockNapa"}],"urls":[{"start":62,"end":85,"url":"https://t.co/RMTnIR83nC","expanded_url":"https://bit.ly/3eV5rKX","display_url":"bit.ly/3eV5rKX","status":200,"unwound_url":"https://www.setlist.fm/news/07-20/livestream-concerts-events-for-the-week-of-july-20-4bd6afb2"},{"start":102,"end":125,"url":"https://t.co/UqHTcGp0oD","expanded_url":"https://twitter.com/setlistfm/status/1286686586751475713/photo/1","display_url":"pic.twitter.com/UqHTcGp0oD"}]},"created_at":"2020-07-24T15:36:02.000Z","reply_settings":"everyone","public_metrics":{"retweet_count":0,"reply_count":0,"like_count":1,"quote_count":0}},{"id":"1286680086264139776","author_id":"1192796961822445568","lang":"en","text":"@amazonmusic @Fluxpavilion @cmorganmusic @dldmexico @BottleRockNapa @cecilesalvant @realpinksweats And Sorry for the self promo https://t.co/XCvrCxnj6N","source":"Twitter for Android","entities":{"mentions":[{"start":0,"end":12,"username":"amazonmusic"},{"start":13,"end":26,"username":"Fluxpavilion"},{"start":27,"end":40,"username":"cmorganmusic"},{"start":41,"end":51,"username":"dldmexico"},{"start":52,"end":67,"username":"BottleRockNapa"},{"start":68,"end":82,"username":"cecilesalvant"},{"start":83,"end":98,"username":"realpinksweats"}],"urls":[{"start":128,"end":151,"url":"https://t.co/XCvrCxnj6N","expanded_url":"https://twitter.com/EEZAY3/status/1286680086264139776/photo/1","display_url":"pic.twitter.com/XCvrCxnj6N"}]},"created_at":"2020-07-24T15:10:12.000Z","in_reply_to_user_id":"1192796961822445568","reply_settings":"everyone","public_metrics":{"retweet_count":0,"reply_count":0,"like_count":0,"quote_count":0}},{"id":"1286679927379689479","author_id":"1192796961822445568","lang":"en","text":"@amazonmusic @Fluxpavilion @cmorganmusic @dldmexico @BottleRockNapa @cecilesalvant @realpinksweats Yeah I also dropped my(3rd) Album.. if you like CHILLED ELECTRONIC MUSIC check me out‼️‼️","source":"Twitter for Android","entities":{"mentions":[{"start":0,"end":12,"username":"amazonmusic"},{"start":13,"end":26,"username":"Fluxpavilion"},{"start":27,"end":40,"username":"cmorganmusic"},{"start":41,"end":51,"username":"dldmexico"},{"start":52,"end":67,"username":"BottleRockNapa"},{"start":68,"end":82,"username":"cecilesalvant"},{"start":83,"end":98,"username":"realpinksweats"}]},"created_at":"2020-07-24T15:09:34.000Z","in_reply_to_user_id":"14740219","reply_settings":"everyone","public_metrics":{"retweet_count":0,"reply_count":1,"like_count":0,"quote_count":0}},{"id":"1286677197009432576","author_id":"14740219","lang":"en","text":"Start the weekend off right #TogetherAtHome \uD83D\uDC9C\n\n➡️ https://t.co/hW717blI84\n\n\uD83D\uDC4B @Fluxpavilion \n\uD83D\uDC4B @cmorganmusic \n\uD83D\uDC4B @dldmexico \n\uD83D\uDC4B @BottleRockNapa \n\uD83D\uDC4B @cecilesalvant \n\uD83D\uDC4B @realpinksweats https://t.co/fsdVaPj6Mg","source":"Sprinklr","entities":{"mentions":[{"start":77,"end":90,"username":"Fluxpavilion"},{"start":94,"end":107,"username":"cmorganmusic"},{"start":111,"end":121,"username":"dldmexico"},{"start":125,"end":140,"username":"BottleRockNapa"},{"start":144,"end":158,"username":"cecilesalvant"},{"start":162,"end":177,"username":"realpinksweats"}],"urls":[{"start":50,"end":73,"url":"https://t.co/hW717blI84","expanded_url":"http://twitch.com/amazonmusic","display_url":"twitch.com/amazonmusic"},{"start":178,"end":201,"url":"https://t.co/fsdVaPj6Mg","expanded_url":"https://twitter.com/amazonmusic/status/1286677197009432576/photo/1","display_url":"pic.twitter.com/fsdVaPj6Mg"}],"hashtags":[{"start":28,"end":43,"tag":"TogetherAtHome"}]},"created_at":"2020-07-24T14:58:43.000Z","reply_settings":"everyone","public_metrics":{"retweet_count":2,"reply_count":1,"like_count":24,"quote_count":1}},{"id":"1286444696672391168","author_id":"2784955600","lang":"en","entities":{"annotations":[{"start":91,"end":108,"probability":0.5481,"type":"Organization","normalized_text":"Huntsville Alabama"}],"mentions":[{"start":0,"end":10,"username":"LVE_wines"},{"start":11,"end":26,"username":"BottleRockNapa"}]},"text":"@LVE_wines @BottleRockNapa @CardellGarris Studio Me We Can Make Millions, Billions.\uD83D\uDCB0\uD83D\uDC51\uD83C\uDFC6\uD83D\uDCCDHuntsville Alabama.","source":"Twitter for iPhone","created_at":"2020-07-23T23:34:51.000Z","in_reply_to_user_id":"936025832404824065","geo":{"place_id":"76c1bb41d3de7ff1"},"reply_settings":"everyone","public_metrics":{"retweet_count":0,"reply_count":0,"like_count":0,"quote_count":0}},{"id":"1286371753590026240","author_id":"723720694559694848","lang":"en","text":"INTERVIEW: Twin XL (@wearetwinxl) rides 'Good' vibes all the way to a new act for its career musicians. Will they play @BottleRockNapa in 2021? | @CameronWalker ✏: @RomiTheWriter https://t.co/GC0q5jszjN","source":"TweetDeck","entities":{"mentions":[{"start":20,"end":32,"username":"wearetwinxl"},{"start":119,"end":134,"username":"BottleRockNapa"},{"start":146,"end":160,"username":"CameronWalker"},{"start":164,"end":178,"username":"RomiTheWriter"}],"urls":[{"start":179,"end":202,"url":"https://t.co/GC0q5jszjN","expanded_url":"https://bit.ly/3fkV6cn","display_url":"bit.ly/3fkV6cn"}]},"created_at":"2020-07-23T18:45:00.000Z","reply_settings":"everyone","public_metrics":{"retweet_count":0,"reply_count":0,"like_count":0,"quote_count":0}},{"id":"1286219291293962245","author_id":"1223134010500513792","lang":"en","entities":{"annotations":[{"start":91,"end":96,"probability":0.6785,"type":"Organization","normalized_text":"Amazon"}],"mentions":[{"start":0,"end":16,"username":"SolarEnergyNews"},{"start":17,"end":32,"username":"BottleRockNapa"}],"urls":[{"start":267,"end":290,"url":"https://t.co/XlEPzlBV72","expanded_url":"https://www.amazon.com/Sogrand-Christmas-Decorations-Decorative-Waterproof/dp/B079HYY74N/ref=sr_1_4?dchild=1&keywords=solar+bollard+lights&m=A39PH15OSSYYUG&qid=1590625186&s=merchant-items&sr=1-4","display_url":"amazon.com/Sogrand-Christ…"},{"start":291,"end":314,"url":"https://t.co/87yUe40adA","expanded_url":"https://twitter.com/pari56276/status/1286219291293962245/photo/1","display_url":"pic.twitter.com/87yUe40adA"}]},"text":"@SolarEnergyNews @BottleRockNapa Hi guys, I would recommend a great Solar Lights seller on Amazon which I bought from and used for years, really got great fun and charming lighting atmosphere around house.\n \nHere is the beautiful Solar bollard lights I like so much: https://t.co/XlEPzlBV72 https://t.co/87yUe40adA","source":"Twitter Web App","created_at":"2020-07-23T08:39:10.000Z","in_reply_to_user_id":"20832496","reply_settings":"everyone","public_metrics":{"retweet_count":0,"reply_count":0,"like_count":0,"quote_count":0}},{"id":"1286092849268711425","author_id":"2506115022","lang":"und","text":"@CountyofNapa @BottleRockNapa @napacountyfire @NapaVintners @NapaWineAcademy @NapaParksandRec @NapaLandTrust @NapaLearns @NickCannon https://t.co/xZ1bWpSG85","source":"Twitter Web App","entities":{"mentions":[{"start":0,"end":13,"username":"CountyofNapa"},{"start":14,"end":29,"username":"BottleRockNapa"},{"start":30,"end":45,"username":"napacountyfire"},{"start":46,"end":59,"username":"NapaVintners"},{"start":60,"end":76,"username":"NapaWineAcademy"},{"start":77,"end":93,"username":"NapaParksandRec"},{"start":94,"end":108,"username":"NapaLandTrust"},{"start":109,"end":120,"username":"NapaLearns"},{"start":121,"end":132,"username":"NickCannon"}],"urls":[{"start":133,"end":156,"url":"https://t.co/xZ1bWpSG85","expanded_url":"https://twitter.com/zwy8059/status/1286092849268711425/photo/1","display_url":"pic.twitter.com/xZ1bWpSG85"},{"start":133,"end":156,"url":"https://t.co/xZ1bWpSG85","expanded_url":"https://twitter.com/zwy8059/status/1286092849268711425/photo/1","display_url":"pic.twitter.com/xZ1bWpSG85"},{"start":133,"end":156,"url":"https://t.co/xZ1bWpSG85","expanded_url":"https://twitter.com/zwy8059/status/1286092849268711425/photo/1","display_url":"pic.twitter.com/xZ1bWpSG85"}]},"created_at":"2020-07-23T00:16:44.000Z","in_reply_to_user_id":"284647406","reply_settings":"everyone","public_metrics":{"retweet_count":0,"reply_count":0,"like_count":0,"quote_count":0}},{"id":"1286050902680276992","author_id":"500997869","lang":"en","text":"(re)Live BottleRock and catch some of the best moments from our 2019 set LIVE on the @BottleRockNapa YouTube this Friday 7/24 at 5pm pacific! Subscribe + enable notifications so you don't miss it: https://t.co/FwBDR0LzX0 #reLIVEBottleRock https://t.co/yBeKpeLrCA","source":"Twitter Web App","entities":{"mentions":[{"start":85,"end":100,"username":"BottleRockNapa"}],"urls":[{"start":197,"end":220,"url":"https://t.co/FwBDR0LzX0","expanded_url":"https://bit.ly/relivebr","display_url":"bit.ly/relivebr"},{"start":239,"end":262,"url":"https://t.co/yBeKpeLrCA","expanded_url":"https://twitter.com/ChevyMetalRocks/status/1286050902680276992/photo/1","display_url":"pic.twitter.com/yBeKpeLrCA"}],"hashtags":[{"start":221,"end":238,"tag":"reLIVEBottleRock"}]},"created_at":"2020-07-22T21:30:03.000Z","reply_settings":"everyone","public_metrics":{"retweet_count":0,"reply_count":0,"like_count":9,"quote_count":0}},{"id":"1286024374294732800","author_id":"26540417","lang":"en","text":"(re)Live BottleRock and catch some of the best moments from our 2019 set LIVE on the @BottleRockNapa YouTube this Friday 7/24 at 5pm pacific! Subscribe + enable notifications so you don't miss it: https://t.co/mE3FYGqTO6 #reLIVEBottleRock https://t.co/lCxCp7j1ky","source":"Twitter Web App","entities":{"mentions":[{"start":85,"end":100,"username":"BottleRockNapa"}],"urls":[{"start":197,"end":220,"url":"https://t.co/mE3FYGqTO6","expanded_url":"https://bit.ly/relivebr","display_url":"bit.ly/relivebr"},{"start":239,"end":262,"url":"https://t.co/lCxCp7j1ky","expanded_url":"https://twitter.com/SantanaCarlos/status/1286024374294732800/photo/1","display_url":"pic.twitter.com/lCxCp7j1ky"}],"hashtags":[{"start":221,"end":238,"tag":"reLIVEBottleRock"}]},"created_at":"2020-07-22T19:44:38.000Z","reply_settings":"everyone","public_metrics":{"retweet_count":11,"reply_count":4,"like_count":51,"quote_count":1}},{"id":"1285994081567547399","author_id":"983410622732746757","lang":"en","text":"@TheRealACellist @lovelytheband @BottleRockNapa @allihagendorf @liammayclem i was also supposed to go june 4. and june 13. the rave on june 4 would’ve been my 3rd show\uD83D\uDE2D","source":"Twitter for iPhone","entities":{"mentions":[{"start":0,"end":16,"username":"TheRealACellist"},{"start":17,"end":31,"username":"lovelytheband"},{"start":32,"end":47,"username":"BottleRockNapa"},{"start":48,"end":62,"username":"allihagendorf"},{"start":63,"end":75,"username":"liammayclem"}]},"created_at":"2020-07-22T17:44:16.000Z","in_reply_to_user_id":"1254553525289353216","reply_settings":"everyone","public_metrics":{"retweet_count":0,"reply_count":0,"like_count":1,"quote_count":0}},{"id":"1285987915282083840","author_id":"1582315302","lang":"en","text":"@lovelytheband @BottleRockNapa @allihagendorf @liammayclem I miss this day so much \uD83D\uDE2D","source":"Twitter for iPhone","entities":{"mentions":[{"start":0,"end":14,"username":"lovelytheband"},{"start":15,"end":30,"username":"BottleRockNapa"},{"start":31,"end":45,"username":"allihagendorf"},{"start":46,"end":58,"username":"liammayclem"}]},"created_at":"2020-07-22T17:19:46.000Z","in_reply_to_user_id":"837161724440563712","reply_settings":"everyone","public_metrics":{"retweet_count":0,"reply_count":0,"like_count":0,"quote_count":0}},{"id":"1285982562158915585","author_id":"1254553525289353216","lang":"en","text":"@CoIIinsMitchy @lovelytheband @BottleRockNapa @allihagendorf @liammayclem You're so lucky. I was supposed to go on June 4th but they cancelled it because of COVID-19. :(","source":"Twitter Web App","entities":{"mentions":[{"start":15,"end":29,"username":"lovelytheband"},{"start":30,"end":45,"username":"BottleRockNapa"},{"start":46,"end":60,"username":"allihagendorf"},{"start":61,"end":73,"username":"liammayclem"}]},"created_at":"2020-07-22T16:58:29.000Z","in_reply_to_user_id":"983410622732746757","reply_settings":"everyone","public_metrics":{"retweet_count":0,"reply_count":1,"like_count":0,"quote_count":0}}],"meta":{"oldest_id":"1285982562158915585","newest_id":"1287747118891843587","result_count":27}}