{"data":[{"id":"1376040566668943365","lang":"en","entities":{"urls":[{"start":48,"end":71,"url":"https://t.co/YqECY35cx8","expanded_url":"https://youtu.be/7JVPv8Fwwp4","display_url":"youtu.be/7JVPv8Fwwp4"},{"start":277,"end":300,"url":"https://t.co/QiJ9ND9tNw","expanded_url":"https://twitter.com/ScannellGlenn/status/1376040566668943365/photo/1","display_url":"pic.twitter.com/QiJ9ND9tNw"}],"hashtags":[{"start":205,"end":215,"tag":"MusicCity"},{"start":216,"end":231,"tag":"advertisements"},{"start":232,"end":242,"tag":"rocknroll"},{"start":243,"end":249,"tag":"Alive"}],"mentions":[{"start":76,"end":84,"username":"YouTube"},{"start":85,"end":99,"username":"Erikamacedo08"},{"start":100,"end":116,"username":"MusicLov3rzMag_"},{"start":117,"end":131,"username":"RockNRollPics"},{"start":132,"end":145,"username":"DeltaHeavyUK"},{"start":146,"end":158,"username":"FinaoAlbums"},{"start":159,"end":174,"username":"BottleRockNapa"},{"start":175,"end":190,"username":"IArthur_Guitar"},{"start":191,"end":204,"username":"sweetrhythms"},{"start":250,"end":258,"username":"rs_book"},{"start":259,"end":272,"username":"Japan_kenpou"}]},"text":"KISS ALIVE II COMMERCIAL ON KISS JOURNAL WEB TV https://t.co/YqECY35cx8 via @YouTube @Erikamacedo08 @MusicLov3rzMag_ @RockNRollPics @DeltaHeavyUK @FinaoAlbums @BottleRockNapa @IArthur_Guitar @sweetrhythms #MusicCity #advertisements #rocknroll #Alive @rs_book @Japan_kenpou \uD83C\uDFB6\uD83D\uDCBF\uD83C\uDFB6 https://t.co/QiJ9ND9tNw","source":"Twitter for iPad","public_metrics":{"retweet_count":0,"reply_count":0,"like_count":4,"quote_count":0},"created_at":"2021-03-28T05:16:51.000Z","author_id":"2697680952","reply_settings":"everyone"},{"id":"1376014314193162241","lang":"en","entities":{"urls":[{"start":130,"end":153,"url":"https://t.co/MXYrnuA1lc","expanded_url":"https://ul.ink/X146-9H3R64_t","display_url":"ul.ink/X146-9H3R64_t"}],"hashtags":[{"start":31,"end":41,"tag":"ButterDay"},{"start":97,"end":114,"tag":"ButterChardonnay"}],"mentions":[{"start":45,"end":60,"username":"BottleRockNapa"},{"start":85,"end":96,"username":"JaMCellars"}]},"text":"Getaway with your bestie for a #ButterDay at @BottleRockNapa with presenting sponsor @JaMCellars #ButterChardonnay  ENTER TO WIN! https://t.co/MXYrnuA1lc","source":"Twitter Web App","public_metrics":{"retweet_count":0,"reply_count":0,"like_count":0,"quote_count":0},"created_at":"2021-03-28T03:32:32.000Z","author_id":"866511499258449920","reply_settings":"everyone"},{"id":"1376006903210344449","lang":"en","entities":{"urls":[{"start":130,"end":153,"url":"https://t.co/RJfAq0uWRF","expanded_url":"https://ul.ink/X14A-9H3QB6_t","display_url":"ul.ink/X14A-9H3QB6_t"}],"hashtags":[{"start":31,"end":41,"tag":"ButterDay"},{"start":97,"end":114,"tag":"ButterChardonnay"}],"mentions":[{"start":45,"end":60,"username":"BottleRockNapa"},{"start":85,"end":96,"username":"JaMCellars"}]},"text":"Getaway with your bestie for a #ButterDay at @BottleRockNapa with presenting sponsor @JaMCellars #ButterChardonnay  ENTER TO WIN! https://t.co/RJfAq0uWRF","source":"Twitter Web App","public_metrics":{"retweet_count":0,"reply_count":0,"like_count":0,"quote_count":0},"created_at":"2021-03-28T03:03:05.000Z","author_id":"866511499258449920","reply_settings":"everyone"},{"id":"1376005444062351360","lang":"en","entities":{"urls":[{"start":130,"end":153,"url":"https://t.co/YGIfPtlJdi","expanded_url":"https://ul.ink/X14C-9H3Q7W_t","display_url":"ul.ink/X14C-9H3Q7W_t"}],"hashtags":[{"start":31,"end":41,"tag":"ButterDay"},{"start":97,"end":114,"tag":"ButterChardonnay"}],"mentions":[{"start":45,"end":60,"username":"BottleRockNapa"},{"start":85,"end":96,"username":"JaMCellars"}]},"text":"Getaway with your bestie for a #ButterDay at @BottleRockNapa with presenting sponsor @JaMCellars #ButterChardonnay  ENTER TO WIN! https://t.co/YGIfPtlJdi","source":"Twitter Web App","public_metrics":{"retweet_count":0,"reply_count":0,"like_count":0,"quote_count":0},"created_at":"2021-03-28T02:57:17.000Z","author_id":"866511499258449920","reply_settings":"everyone"},{"id":"1376001933572444161","lang":"en","entities":{"urls":[{"start":130,"end":153,"url":"https://t.co/550p8Co33b","expanded_url":"https://ul.ink/X14E-9H3PRY_t","display_url":"ul.ink/X14E-9H3PRY_t"}],"hashtags":[{"start":31,"end":41,"tag":"ButterDay"},{"start":97,"end":114,"tag":"ButterChardonnay"}],"mentions":[{"start":45,"end":60,"username":"BottleRockNapa"},{"start":85,"end":96,"username":"JaMCellars"}]},"text":"Getaway with your bestie for a #ButterDay at @BottleRockNapa with presenting sponsor @JaMCellars #ButterChardonnay  ENTER TO WIN! https://t.co/550p8Co33b","source":"Twitter Web App","public_metrics":{"retweet_count":0,"reply_count":0,"like_count":0,"quote_count":0},"created_at":"2021-03-28T02:43:20.000Z","author_id":"16811880","reply_settings":"everyone"},{"id":"1375902795388354560","lang":"en","entities":{"urls":[{"start":88,"end":111,"url":"https://t.co/AZnEx2BcXK","expanded_url":"https://califor.us/2018/01/08/the-bottlerocknapa-lineup-is-in-with-brunomars-thekillers-muse-and-many/","display_url":"califor.us/2018/01/08/the…"},{"start":112,"end":135,"url":"https://t.co/V3JhwJwh7X","expanded_url":"https://twitter.com/cali4us/status/1375902795388354560/photo/1","display_url":"pic.twitter.com/V3JhwJwh7X"}],"hashtags":[{"start":39,"end":49,"tag":"BrunoMars"},{"start":51,"end":62,"tag":"TheKillers"},{"start":70,"end":75,"tag":"Muse"}],"mentions":[{"start":4,"end":19,"username":"BottleRockNapa"}]},"text":"The @BottleRockNapa lineup is in! With #BrunoMars, #TheKillers, &amp; #Muse and many… - https://t.co/AZnEx2BcXK https://t.co/V3JhwJwh7X","source":"Cali for us","public_metrics":{"retweet_count":0,"reply_count":0,"like_count":0,"quote_count":0},"created_at":"2021-03-27T20:09:24.000Z","author_id":"737234010401832960","reply_settings":"everyone"},{"id":"1375893893816934407","lang":"en","entities":{"urls":[{"start":130,"end":153,"url":"https://t.co/cFHlKZuCgF","expanded_url":"https://ul.ink/X144-9H39RE_t","display_url":"ul.ink/X144-9H39RE_t"}],"hashtags":[{"start":31,"end":41,"tag":"ButterDay"},{"start":97,"end":114,"tag":"ButterChardonnay"}],"mentions":[{"start":45,"end":60,"username":"BottleRockNapa"},{"start":85,"end":96,"username":"JaMCellars"}]},"text":"Getaway with your bestie for a #ButterDay at @BottleRockNapa with presenting sponsor @JaMCellars #ButterChardonnay  ENTER TO WIN! https://t.co/cFHlKZuCgF","source":"Twitter Web App","public_metrics":{"retweet_count":0,"reply_count":0,"like_count":0,"quote_count":0},"created_at":"2021-03-27T19:34:01.000Z","author_id":"248270245","reply_settings":"everyone"},{"id":"1375875668496457728","lang":"en","in_reply_to_user_id":"9855382","entities":{"urls":[{"start":205,"end":228,"url":"https://t.co/6Pd5GkpBnW","expanded_url":"https://twitter.com/zwy8059/status/1375874984984256516","display_url":"twitter.com/zwy8059/status…"}],"mentions":[{"start":0,"end":12,"username":"SenateFloor"},{"start":13,"end":24,"username":"HouseFloor"},{"start":25,"end":29,"username":"NFL"},{"start":30,"end":34,"username":"MLB"},{"start":35,"end":39,"username":"NBA"},{"start":40,"end":48,"username":"ncaawbb"},{"start":49,"end":54,"username":"NCAA"},{"start":55,"end":58,"username":"VP"},{"start":59,"end":74,"username":"BottleRockNapa"},{"start":75,"end":88,"username":"Napa_Library"},{"start":89,"end":101,"username":"RepThompson"},{"start":102,"end":115,"username":"RepKarenBass"}]},"text":"@SenateFloor @HouseFloor @NFL @MLB @NBA @ncaawbb @NCAA @VP @BottleRockNapa @Napa_Library @RepThompson @RepKarenBass \nto remember the Gov of IN &amp; his leadership..But i knew about this before leon did.. https://t.co/6Pd5GkpBnW","source":"Twitter Web App","public_metrics":{"retweet_count":0,"reply_count":0,"like_count":0,"quote_count":1},"created_at":"2021-03-27T18:21:36.000Z","author_id":"2506115022","reply_settings":"everyone"},{"id":"1375776807320948739","lang":"en","entities":{"urls":[{"start":130,"end":153,"url":"https://t.co/4p6SWoRXKh","expanded_url":"https://ul.ink/X14C-9H2FX6_t","display_url":"ul.ink/X14C-9H2FX6_t"}],"hashtags":[{"start":31,"end":41,"tag":"ButterDay"},{"start":97,"end":114,"tag":"ButterChardonnay"}],"mentions":[{"start":45,"end":60,"username":"BottleRockNapa"},{"start":85,"end":96,"username":"JaMCellars"}]},"text":"Getaway with your bestie for a #ButterDay at @BottleRockNapa with presenting sponsor @JaMCellars #ButterChardonnay  ENTER TO WIN! https://t.co/4p6SWoRXKh","source":"Twitter Web App","public_metrics":{"retweet_count":0,"reply_count":0,"like_count":0,"quote_count":0},"created_at":"2021-03-27T11:48:46.000Z","author_id":"293075675","reply_settings":"everyone"},{"id":"1375768219890368514","lang":"en","entities":{"urls":[{"start":130,"end":153,"url":"https://t.co/h1ihRXQabC","expanded_url":"https://ul.ink/X148-9H2E4G_t","display_url":"ul.ink/X148-9H2E4G_t"}],"hashtags":[{"start":31,"end":41,"tag":"ButterDay"},{"start":97,"end":114,"tag":"ButterChardonnay"}],"mentions":[{"start":45,"end":60,"username":"BottleRockNapa"},{"start":85,"end":96,"username":"JaMCellars"}]},"text":"Getaway with your bestie for a #ButterDay at @BottleRockNapa with presenting sponsor @JaMCellars #ButterChardonnay  ENTER TO WIN! https://t.co/h1ihRXQabC","source":"Twitter Web App","public_metrics":{"retweet_count":0,"reply_count":0,"like_count":0,"quote_count":0},"created_at":"2021-03-27T11:14:38.000Z","author_id":"1017390478797492224","reply_settings":"everyone"},{"id":"1375763196892614657","lang":"en","entities":{"urls":[{"start":130,"end":153,"url":"https://t.co/DEkZ6vPKOA","expanded_url":"https://ul.ink/X146-9H2DDJ_t","display_url":"ul.ink/X146-9H2DDJ_t"}],"hashtags":[{"start":31,"end":41,"tag":"ButterDay"},{"start":97,"end":114,"tag":"ButterChardonnay"}],"mentions":[{"start":45,"end":60,"username":"BottleRockNapa"},{"start":85,"end":96,"username":"JaMCellars"}]},"text":"Getaway with your bestie for a #ButterDay at @BottleRockNapa with presenting sponsor @JaMCellars #ButterChardonnay  ENTER TO WIN! https://t.co/DEkZ6vPKOA","source":"Twitter Web App","public_metrics":{"retweet_count":0,"reply_count":0,"like_count":0,"quote_count":0},"created_at":"2021-03-27T10:54:41.000Z","author_id":"1017390478797492224","reply_settings":"everyone"},{"id":"1375613016578867200","lang":"en","entities":{"urls":[{"start":130,"end":153,"url":"https://t.co/CqkKWhMjyV","expanded_url":"https://ul.ink/X14C-9H1YHJ_t","display_url":"ul.ink/X14C-9H1YHJ_t"}],"hashtags":[{"start":31,"end":41,"tag":"ButterDay"},{"start":97,"end":114,"tag":"ButterChardonnay"}],"mentions":[{"start":45,"end":60,"username":"BottleRockNapa"},{"start":85,"end":96,"username":"JaMCellars"}]},"text":"Getaway with your bestie for a #ButterDay at @BottleRockNapa with presenting sponsor @JaMCellars #ButterChardonnay  ENTER TO WIN! https://t.co/CqkKWhMjyV","source":"Twitter Web App","public_metrics":{"retweet_count":0,"reply_count":0,"like_count":0,"quote_count":0},"created_at":"2021-03-27T00:57:55.000Z","author_id":"1212737900833472513","reply_settings":"everyone"},{"id":"1375602809282904068","lang":"en","entities":{"urls":[{"start":130,"end":153,"url":"https://t.co/yxtb7NeQDx","expanded_url":"https://ul.ink/X14A-9H1W9Y_t","display_url":"ul.ink/X14A-9H1W9Y_t"}],"hashtags":[{"start":31,"end":41,"tag":"ButterDay"},{"start":97,"end":114,"tag":"ButterChardonnay"}],"mentions":[{"start":45,"end":60,"username":"BottleRockNapa"},{"start":85,"end":96,"username":"JaMCellars"}]},"text":"Getaway with your bestie for a #ButterDay at @BottleRockNapa with presenting sponsor @JaMCellars #ButterChardonnay  ENTER TO WIN! https://t.co/yxtb7NeQDx","source":"Twitter for iPhone","public_metrics":{"retweet_count":0,"reply_count":0,"like_count":0,"quote_count":0},"created_at":"2021-03-27T00:17:21.000Z","author_id":"2647429325","reply_settings":"everyone"},{"id":"1375536519444856833","lang":"en","entities":{"urls":[{"start":130,"end":153,"url":"https://t.co/lA9vsM5lZ7","expanded_url":"https://ul.ink/X144-9H0T9A_t","display_url":"ul.ink/X144-9H0T9A_t"}],"hashtags":[{"start":31,"end":41,"tag":"ButterDay"},{"start":97,"end":114,"tag":"ButterChardonnay"}],"mentions":[{"start":45,"end":60,"username":"BottleRockNapa"},{"start":85,"end":96,"username":"JaMCellars"}]},"text":"Getaway with your bestie for a #ButterDay at @BottleRockNapa with presenting sponsor @JaMCellars #ButterChardonnay  ENTER TO WIN! https://t.co/lA9vsM5lZ7","source":"Twitter Web App","public_metrics":{"retweet_count":0,"reply_count":0,"like_count":0,"quote_count":0},"created_at":"2021-03-26T19:53:57.000Z","author_id":"248270245","reply_settings":"everyone"},{"id":"1375529111565836291","lang":"en","entities":{"urls":[{"start":130,"end":153,"url":"https://t.co/fWpFS9OQDs","expanded_url":"https://ul.ink/X14E-9H0R1G_t","display_url":"ul.ink/X14E-9H0R1G_t"}],"hashtags":[{"start":31,"end":41,"tag":"ButterDay"},{"start":97,"end":114,"tag":"ButterChardonnay"}],"mentions":[{"start":45,"end":60,"username":"BottleRockNapa"},{"start":85,"end":96,"username":"JaMCellars"}]},"text":"Getaway with your bestie for a #ButterDay at @BottleRockNapa with presenting sponsor @JaMCellars #ButterChardonnay  ENTER TO WIN! https://t.co/fWpFS9OQDs","source":"Twitter for Android","public_metrics":{"retweet_count":0,"reply_count":0,"like_count":0,"quote_count":0},"created_at":"2021-03-26T19:24:30.000Z","author_id":"87281989","reply_settings":"everyone"},{"id":"1375439585363296257","lang":"en","entities":{"urls":[{"start":130,"end":153,"url":"https://t.co/hQ3lYKbTO0","expanded_url":"https://ul.ink/X148-9GZH0R_t","display_url":"ul.ink/X148-9GZH0R_t"}],"hashtags":[{"start":31,"end":41,"tag":"ButterDay"},{"start":97,"end":114,"tag":"ButterChardonnay"}],"mentions":[{"start":45,"end":60,"username":"BottleRockNapa"},{"start":85,"end":96,"username":"JaMCellars"}]},"text":"Getaway with your bestie for a #ButterDay at @BottleRockNapa with presenting sponsor @JaMCellars #ButterChardonnay  ENTER TO WIN! https://t.co/hQ3lYKbTO0","source":"Twitter Web App","public_metrics":{"retweet_count":0,"reply_count":0,"like_count":1,"quote_count":0},"created_at":"2021-03-26T13:28:46.000Z","author_id":"1017390478797492224","reply_settings":"everyone"},{"id":"1375434676274348033","lang":"en","entities":{"urls":[{"start":130,"end":153,"url":"https://t.co/llO9OwASsp","expanded_url":"https://ul.ink/X146-9GZDEY_t","display_url":"ul.ink/X146-9GZDEY_t"}],"hashtags":[{"start":31,"end":41,"tag":"ButterDay"},{"start":97,"end":114,"tag":"ButterChardonnay"}],"mentions":[{"start":45,"end":60,"username":"BottleRockNapa"},{"start":85,"end":96,"username":"JaMCellars"}]},"text":"Getaway with your bestie for a #ButterDay at @BottleRockNapa with presenting sponsor @JaMCellars #ButterChardonnay  ENTER TO WIN! https://t.co/llO9OwASsp","source":"Twitter Web App","public_metrics":{"retweet_count":0,"reply_count":0,"like_count":1,"quote_count":0},"created_at":"2021-03-26T13:09:15.000Z","author_id":"1017390478797492224","reply_settings":"everyone"},{"id":"1375268146542706690","lang":"en","entities":{"urls":[{"start":130,"end":153,"url":"https://t.co/6E87ECtRTH","expanded_url":"https://ul.ink/X14E-9GYBRT_t","display_url":"ul.ink/X14E-9GYBRT_t"}],"hashtags":[{"start":31,"end":41,"tag":"ButterDay"},{"start":97,"end":114,"tag":"ButterChardonnay"}],"mentions":[{"start":45,"end":60,"username":"BottleRockNapa"},{"start":85,"end":96,"username":"JaMCellars"}]},"text":"Getaway with your bestie for a #ButterDay at @BottleRockNapa with presenting sponsor @JaMCellars #ButterChardonnay  ENTER TO WIN! https://t.co/6E87ECtRTH","source":"Twitter Web App","public_metrics":{"retweet_count":0,"reply_count":0,"like_count":1,"quote_count":0},"created_at":"2021-03-26T02:07:32.000Z","author_id":"16811880","reply_settings":"everyone"},{"id":"1375225464986341376","lang":"en","in_reply_to_user_id":"1007391884","entities":{"urls":[{"start":31,"end":54,"url":"https://t.co/JWjOofjkI9","expanded_url":"https://twitter.com/Velma85393694/status/1375225464986341376/photo/1","display_url":"pic.twitter.com/JWjOofjkI9"}],"mentions":[{"start":0,"end":15,"username":"BottleRockNapa"}]},"text":"@BottleRockNapa lineup when... https://t.co/JWjOofjkI9","source":"Twitter Web App","public_metrics":{"retweet_count":0,"reply_count":0,"like_count":0,"quote_count":0},"created_at":"2021-03-25T23:17:55.000Z","author_id":"1367366772026863618","reply_settings":"everyone"},{"id":"1375170597693616131","lang":"en","entities":{"urls":[{"start":130,"end":153,"url":"https://t.co/6SAI5xVzqF","expanded_url":"https://ul.ink/X144-9GX2NY_t","display_url":"ul.ink/X144-9GX2NY_t"}],"hashtags":[{"start":31,"end":41,"tag":"ButterDay"},{"start":97,"end":114,"tag":"ButterChardonnay"}],"mentions":[{"start":45,"end":60,"username":"BottleRockNapa"},{"start":85,"end":96,"username":"JaMCellars"}]},"text":"Getaway with your bestie for a #ButterDay at @BottleRockNapa with presenting sponsor @JaMCellars #ButterChardonnay  ENTER TO WIN! https://t.co/6SAI5xVzqF","source":"Twitter Web App","public_metrics":{"retweet_count":0,"reply_count":0,"like_count":1,"quote_count":0},"created_at":"2021-03-25T19:39:54.000Z","author_id":"248270245","reply_settings":"everyone"},{"id":"1375139050030575624","lang":"en","entities":{"urls":[{"start":130,"end":153,"url":"https://t.co/IiSGh6S8Jt","expanded_url":"https://ul.ink/X14E-9GWQ3E_t","display_url":"ul.ink/X14E-9GWQ3E_t"}],"hashtags":[{"start":31,"end":41,"tag":"ButterDay"},{"start":97,"end":114,"tag":"ButterChardonnay"}],"mentions":[{"start":45,"end":60,"username":"BottleRockNapa"},{"start":85,"end":96,"username":"JaMCellars"}]},"text":"Getaway with your bestie for a #ButterDay at @BottleRockNapa with presenting sponsor @JaMCellars #ButterChardonnay  ENTER TO WIN! https://t.co/IiSGh6S8Jt","source":"Twitter for Android","public_metrics":{"retweet_count":1,"reply_count":0,"like_count":1,"quote_count":0},"created_at":"2021-03-25T17:34:33.000Z","author_id":"87281989","reply_settings":"everyone"},{"id":"1375098912227254274","lang":"en","entities":{"urls":[{"start":134,"end":157,"url":"https://t.co/qrTiKl2kcm","expanded_url":"https://backl.ink/145901790","display_url":"backl.ink/145901790"}],"mentions":[{"start":71,"end":79,"username":"Spotify"},{"start":82,"end":95,"username":"LatinGRAMMYs"},{"start":98,"end":113,"username":"BottleRockNapa"},{"start":116,"end":131,"username":"sfoutsidelands"}]},"text":"Pre-save isra’s new upcoming single “Guerra”. Share with your people! ⁦@Spotify⁩ ⁦@LatinGRAMMYs⁩ ⁦@BottleRockNapa⁩ ⁦@sfoutsidelands⁩  https://t.co/qrTiKl2kcm","source":"Twitter for iPhone","public_metrics":{"retweet_count":0,"reply_count":0,"like_count":0,"quote_count":0},"created_at":"2021-03-25T14:55:03.000Z","author_id":"38232151","reply_settings":"everyone"},{"id":"1375060451004968962","lang":"en","entities":{"urls":[{"start":130,"end":153,"url":"https://t.co/WDlWYXb2oo","expanded_url":"https://ul.ink/X148-9GVEH6_t","display_url":"ul.ink/X148-9GVEH6_t"}],"hashtags":[{"start":31,"end":41,"tag":"ButterDay"},{"start":97,"end":114,"tag":"ButterChardonnay"}],"mentions":[{"start":45,"end":60,"username":"BottleRockNapa"},{"start":85,"end":96,"username":"JaMCellars"}]},"text":"Getaway with your bestie for a #ButterDay at @BottleRockNapa with presenting sponsor @JaMCellars #ButterChardonnay  ENTER TO WIN! https://t.co/WDlWYXb2oo","source":"Twitter Web App","public_metrics":{"retweet_count":0,"reply_count":0,"like_count":1,"quote_count":0},"created_at":"2021-03-25T12:22:13.000Z","author_id":"1017390478797492224","reply_settings":"everyone"},{"id":"1375059460742381568","lang":"en","entities":{"urls":[{"start":130,"end":153,"url":"https://t.co/Gp5GqSqRsG","expanded_url":"https://ul.ink/X146-9GVDYE_t","display_url":"ul.ink/X146-9GVDYE_t"}],"hashtags":[{"start":31,"end":41,"tag":"ButterDay"},{"start":97,"end":114,"tag":"ButterChardonnay"}],"mentions":[{"start":45,"end":60,"username":"BottleRockNapa"},{"start":85,"end":96,"username":"JaMCellars"}]},"text":"Getaway with your bestie for a #ButterDay at @BottleRockNapa with presenting sponsor @JaMCellars #ButterChardonnay  ENTER TO WIN! https://t.co/Gp5GqSqRsG","source":"Twitter Web App","public_metrics":{"retweet_count":0,"reply_count":0,"like_count":1,"quote_count":0},"created_at":"2021-03-25T12:18:17.000Z","author_id":"1017390478797492224","reply_settings":"everyone"},{"id":"1374921673745522691","lang":"en","entities":{"urls":[{"start":130,"end":153,"url":"https://t.co/YpjMVkzlyw","expanded_url":"https://ul.ink/X14E-9GTS6G_t","display_url":"ul.ink/X14E-9GTS6G_t"}],"hashtags":[{"start":31,"end":41,"tag":"ButterDay"},{"start":97,"end":114,"tag":"ButterChardonnay"}],"mentions":[{"start":45,"end":60,"username":"BottleRockNapa"},{"start":85,"end":96,"username":"JaMCellars"}]},"text":"Getaway with your bestie for a #ButterDay at @BottleRockNapa with presenting sponsor @JaMCellars #ButterChardonnay  ENTER TO WIN! https://t.co/YpjMVkzlyw","source":"Twitter Web App","public_metrics":{"retweet_count":0,"reply_count":0,"like_count":1,"quote_count":0},"created_at":"2021-03-25T03:10:46.000Z","author_id":"16811880","reply_settings":"everyone"},{"id":"1374760358003417089","lang":"en","in_reply_to_user_id":"1007391884","text":"@BottleRockNapa ....patiently waiting for any news. Will we be getting some updates soon?","source":"Twitter for iPhone","public_metrics":{"retweet_count":0,"reply_count":0,"like_count":0,"quote_count":0},"entities":{"mentions":[{"start":0,"end":15,"username":"BottleRockNapa"}]},"created_at":"2021-03-24T16:29:45.000Z","author_id":"23408837","reply_settings":"everyone"},{"id":"1374699731385991168","lang":"en","entities":{"urls":[{"start":130,"end":153,"url":"https://t.co/1Gz8WLsH1o","expanded_url":"https://ul.ink/X14P-9GQPJP_t","display_url":"ul.ink/X14P-9GQPJP_t"}],"hashtags":[{"start":31,"end":41,"tag":"ButterDay"},{"start":97,"end":114,"tag":"ButterChardonnay"}],"mentions":[{"start":45,"end":60,"username":"BottleRockNapa"},{"start":85,"end":96,"username":"JaMCellars"}]},"text":"Getaway with your bestie for a #ButterDay at @BottleRockNapa with presenting sponsor @JaMCellars #ButterChardonnay  ENTER TO WIN! https://t.co/1Gz8WLsH1o","source":"Twitter Web App","public_metrics":{"retweet_count":0,"reply_count":0,"like_count":0,"quote_count":0},"created_at":"2021-03-24T12:28:51.000Z","author_id":"916037405987233792","reply_settings":"everyone"},{"id":"1374678433465298946","lang":"en","entities":{"urls":[{"start":130,"end":153,"url":"https://t.co/59ieLkfzPU","expanded_url":"https://ul.ink/X148-9GQA70_t","display_url":"ul.ink/X148-9GQA70_t"}],"hashtags":[{"start":31,"end":41,"tag":"ButterDay"},{"start":97,"end":114,"tag":"ButterChardonnay"}],"mentions":[{"start":45,"end":60,"username":"BottleRockNapa"},{"start":85,"end":96,"username":"JaMCellars"}]},"text":"Getaway with your bestie for a #ButterDay at @BottleRockNapa with presenting sponsor @JaMCellars #ButterChardonnay  ENTER TO WIN! https://t.co/59ieLkfzPU","source":"Twitter Web App","public_metrics":{"retweet_count":0,"reply_count":0,"like_count":0,"quote_count":0},"created_at":"2021-03-24T11:04:13.000Z","author_id":"1017390478797492224","reply_settings":"everyone"},{"id":"1374674124514164736","lang":"en","entities":{"urls":[{"start":130,"end":153,"url":"https://t.co/y3SBIuFSod","expanded_url":"https://ul.ink/X146-9GQ8Q4_t","display_url":"ul.ink/X146-9GQ8Q4_t"}],"hashtags":[{"start":31,"end":41,"tag":"ButterDay"},{"start":97,"end":114,"tag":"ButterChardonnay"}],"mentions":[{"start":45,"end":60,"username":"BottleRockNapa"},{"start":85,"end":96,"username":"JaMCellars"}]},"text":"Getaway with your bestie for a #ButterDay at @BottleRockNapa with presenting sponsor @JaMCellars #ButterChardonnay  ENTER TO WIN! https://t.co/y3SBIuFSod","source":"Twitter Web App","public_metrics":{"retweet_count":0,"reply_count":0,"like_count":0,"quote_count":0},"created_at":"2021-03-24T10:47:06.000Z","author_id":"1017390478797492224","reply_settings":"everyone"},{"id":"1374555338968604674","lang":"en","entities":{"urls":[{"start":130,"end":153,"url":"https://t.co/Hbl8Y9sxXR","expanded_url":"https://ul.ink/X14E-9GPWQ4_t","display_url":"ul.ink/X14E-9GPWQ4_t"}],"hashtags":[{"start":31,"end":41,"tag":"ButterDay"},{"start":97,"end":114,"tag":"ButterChardonnay"}],"mentions":[{"start":45,"end":60,"username":"BottleRockNapa"},{"start":85,"end":96,"username":"JaMCellars"}]},"text":"Getaway with your bestie for a #ButterDay at @BottleRockNapa with presenting sponsor @JaMCellars #ButterChardonnay  ENTER TO WIN! https://t.co/Hbl8Y9sxXR","source":"Twitter Web App","public_metrics":{"retweet_count":0,"reply_count":0,"like_count":0,"quote_count":0},"created_at":"2021-03-24T02:55:05.000Z","author_id":"16811880","reply_settings":"everyone"},{"id":"1374535253977628679","lang":"en","entities":{"urls":[{"start":130,"end":153,"url":"https://t.co/bitRSFz4KI","expanded_url":"https://ul.ink/X146-9GPRME_t","display_url":"ul.ink/X146-9GPRME_t"}],"hashtags":[{"start":31,"end":41,"tag":"ButterDay"},{"start":97,"end":114,"tag":"ButterChardonnay"}],"mentions":[{"start":45,"end":60,"username":"BottleRockNapa"},{"start":85,"end":96,"username":"JaMCellars"}]},"text":"Getaway with your bestie for a #ButterDay at @BottleRockNapa with presenting sponsor @JaMCellars #ButterChardonnay  ENTER TO WIN! https://t.co/bitRSFz4KI","source":"Twitter for iPhone","public_metrics":{"retweet_count":0,"reply_count":0,"like_count":0,"quote_count":0},"created_at":"2021-03-24T01:35:16.000Z","author_id":"1359676813010698248","reply_settings":"everyone"},{"id":"1374437061747376128","lang":"en","entities":{"urls":[{"start":130,"end":153,"url":"https://t.co/R08OI4EJt4","expanded_url":"https://ul.ink/X144-9GNAHC_t","display_url":"ul.ink/X144-9GNAHC_t"}],"hashtags":[{"start":31,"end":41,"tag":"ButterDay"},{"start":97,"end":114,"tag":"ButterChardonnay"}],"mentions":[{"start":45,"end":60,"username":"BottleRockNapa"},{"start":85,"end":96,"username":"JaMCellars"}]},"text":"Getaway with your bestie for a #ButterDay at @BottleRockNapa with presenting sponsor @JaMCellars #ButterChardonnay  ENTER TO WIN! https://t.co/R08OI4EJt4","source":"Twitter Web App","public_metrics":{"retweet_count":0,"reply_count":0,"like_count":0,"quote_count":0},"created_at":"2021-03-23T19:05:05.000Z","author_id":"248270245","reply_settings":"everyone"},{"id":"1374383596648099849","lang":"en","entities":{"urls":[{"start":130,"end":153,"url":"https://t.co/tuJwrFKU4g","expanded_url":"https://ul.ink/X144-9GMQ0R_t","display_url":"ul.ink/X144-9GMQ0R_t"}],"hashtags":[{"start":31,"end":41,"tag":"ButterDay"},{"start":97,"end":114,"tag":"ButterChardonnay"}],"mentions":[{"start":45,"end":60,"username":"BottleRockNapa"},{"start":85,"end":96,"username":"JaMCellars"}]},"text":"Getaway with your bestie for a #ButterDay at @BottleRockNapa with presenting sponsor @JaMCellars #ButterChardonnay  ENTER TO WIN! https://t.co/tuJwrFKU4g","source":"Twitter Web App","public_metrics":{"retweet_count":0,"reply_count":0,"like_count":0,"quote_count":0},"created_at":"2021-03-23T15:32:38.000Z","author_id":"1212737900833472513","reply_settings":"everyone"},{"id":"1374314646505721858","lang":"en","entities":{"urls":[{"start":130,"end":153,"url":"https://t.co/7fchK896lA","expanded_url":"https://ul.ink/X148-9GKM4M_t","display_url":"ul.ink/X148-9GKM4M_t"}],"hashtags":[{"start":31,"end":41,"tag":"ButterDay"},{"start":97,"end":114,"tag":"ButterChardonnay"}],"mentions":[{"start":45,"end":60,"username":"BottleRockNapa"},{"start":85,"end":96,"username":"JaMCellars"}]},"text":"Getaway with your bestie for a #ButterDay at @BottleRockNapa with presenting sponsor @JaMCellars #ButterChardonnay  ENTER TO WIN! https://t.co/7fchK896lA","source":"Twitter Web App","public_metrics":{"retweet_count":0,"reply_count":0,"like_count":0,"quote_count":0},"created_at":"2021-03-23T10:58:39.000Z","author_id":"1017390478797492224","reply_settings":"everyone"},{"id":"1374313435865960449","lang":"en","entities":{"urls":[{"start":130,"end":153,"url":"https://t.co/Bt1cSfPa1K","expanded_url":"https://ul.ink/X146-9GKKQG_t","display_url":"ul.ink/X146-9GKKQG_t"}],"hashtags":[{"start":31,"end":41,"tag":"ButterDay"},{"start":97,"end":114,"tag":"ButterChardonnay"}],"mentions":[{"start":45,"end":60,"username":"BottleRockNapa"},{"start":85,"end":96,"username":"JaMCellars"}]},"text":"Getaway with your bestie for a #ButterDay at @BottleRockNapa with presenting sponsor @JaMCellars #ButterChardonnay  ENTER TO WIN! https://t.co/Bt1cSfPa1K","source":"Twitter Web App","public_metrics":{"retweet_count":0,"reply_count":0,"like_count":0,"quote_count":0},"created_at":"2021-03-23T10:53:51.000Z","author_id":"1017390478797492224","reply_settings":"everyone"},{"id":"1374174045722279938","lang":"en","entities":{"urls":[{"start":130,"end":153,"url":"https://t.co/QLsuEAHlZG","expanded_url":"https://ul.ink/X14E-9GK4GJ_t","display_url":"ul.ink/X14E-9GK4GJ_t"}],"hashtags":[{"start":31,"end":41,"tag":"ButterDay"},{"start":97,"end":114,"tag":"ButterChardonnay"}],"mentions":[{"start":45,"end":60,"username":"BottleRockNapa"},{"start":85,"end":96,"username":"JaMCellars"}]},"text":"Getaway with your bestie for a #ButterDay at @BottleRockNapa with presenting sponsor @JaMCellars #ButterChardonnay  ENTER TO WIN! https://t.co/QLsuEAHlZG","source":"Twitter Web App","public_metrics":{"retweet_count":0,"reply_count":0,"like_count":1,"quote_count":0},"created_at":"2021-03-23T01:39:58.000Z","author_id":"16811880","reply_settings":"everyone"},{"id":"1374091515589505033","lang":"en","entities":{"urls":[{"start":130,"end":153,"url":"https://t.co/i0ZuRrI9y0","expanded_url":"https://ul.ink/X144-9GHYG0_t","display_url":"ul.ink/X144-9GHYG0_t"}],"hashtags":[{"start":31,"end":41,"tag":"ButterDay"},{"start":97,"end":114,"tag":"ButterChardonnay"}],"mentions":[{"start":45,"end":60,"username":"BottleRockNapa"},{"start":85,"end":96,"username":"JaMCellars"}]},"text":"Getaway with your bestie for a #ButterDay at @BottleRockNapa with presenting sponsor @JaMCellars #ButterChardonnay  ENTER TO WIN! https://t.co/i0ZuRrI9y0","source":"Twitter Web App","public_metrics":{"retweet_count":0,"reply_count":0,"like_count":0,"quote_count":0},"created_at":"2021-03-22T20:12:01.000Z","author_id":"248270245","reply_settings":"everyone"},{"id":"1374055181202173957","lang":"en","entities":{"urls":[{"start":84,"end":107,"url":"https://t.co/4mpTUMGztk","expanded_url":"https://califor.us/2019/01/07/you-can-find-us-front-row-at-visitnapavalleys-bottlerocknapa-who-else-cant/","display_url":"califor.us/2019/01/07/you…"},{"start":108,"end":131,"url":"https://t.co/SA2jmzcxXW","expanded_url":"https://twitter.com/cali4us/status/1374055181202173957/photo/1","display_url":"pic.twitter.com/SA2jmzcxXW"}],"mentions":[{"start":29,"end":45,"username":"VisitNapaValley"},{"start":48,"end":63,"username":"BottleRockNapa"}]},"text":"You can find us front row at @visitnapavalley’s @bottlerocknapa! Who else can’t … - https://t.co/4mpTUMGztk https://t.co/SA2jmzcxXW","source":"Cali for us","public_metrics":{"retweet_count":0,"reply_count":0,"like_count":0,"quote_count":0},"created_at":"2021-03-22T17:47:38.000Z","author_id":"737234010401832960","reply_settings":"everyone"},{"id":"1373992304227270664","lang":"en","entities":{"urls":[{"start":130,"end":153,"url":"https://t.co/gCu53eeQMW","expanded_url":"https://ul.ink/X148-9GB17W_t","display_url":"ul.ink/X148-9GB17W_t"}],"hashtags":[{"start":31,"end":41,"tag":"ButterDay"},{"start":97,"end":114,"tag":"ButterChardonnay"}],"mentions":[{"start":45,"end":60,"username":"BottleRockNapa"},{"start":85,"end":96,"username":"JaMCellars"}]},"text":"Getaway with your bestie for a #ButterDay at @BottleRockNapa with presenting sponsor @JaMCellars #ButterChardonnay  ENTER TO WIN! https://t.co/gCu53eeQMW","source":"Twitter Web App","public_metrics":{"retweet_count":0,"reply_count":0,"like_count":0,"quote_count":0},"created_at":"2021-03-22T13:37:47.000Z","author_id":"1212737900833472513","reply_settings":"everyone"},{"id":"1373969739094048768","lang":"en","entities":{"urls":[{"start":130,"end":153,"url":"https://t.co/cXdTCa8q7r","expanded_url":"https://ul.ink/X146-9GG8ZG_t","display_url":"ul.ink/X146-9GG8ZG_t"}],"hashtags":[{"start":31,"end":41,"tag":"ButterDay"},{"start":97,"end":114,"tag":"ButterChardonnay"}],"mentions":[{"start":45,"end":60,"username":"BottleRockNapa"},{"start":85,"end":96,"username":"JaMCellars"}]},"text":"Getaway with your bestie for a #ButterDay at @BottleRockNapa with presenting sponsor @JaMCellars #ButterChardonnay  ENTER TO WIN! https://t.co/cXdTCa8q7r","source":"Twitter Web App","public_metrics":{"retweet_count":0,"reply_count":0,"like_count":0,"quote_count":0},"created_at":"2021-03-22T12:08:07.000Z","author_id":"1017390478797492224","reply_settings":"everyone"},{"id":"1373957464069001227","lang":"en","entities":{"urls":[{"start":130,"end":153,"url":"https://t.co/yiqZE3pdFV","expanded_url":"https://ul.ink/X14C-9GG3NA_t","display_url":"ul.ink/X14C-9GG3NA_t"}],"hashtags":[{"start":31,"end":41,"tag":"ButterDay"},{"start":97,"end":114,"tag":"ButterChardonnay"}],"mentions":[{"start":45,"end":60,"username":"BottleRockNapa"},{"start":85,"end":96,"username":"JaMCellars"}]},"text":"Getaway with your bestie for a #ButterDay at @BottleRockNapa with presenting sponsor @JaMCellars #ButterChardonnay  ENTER TO WIN! https://t.co/yiqZE3pdFV","source":"Twitter for iPhone","public_metrics":{"retweet_count":0,"reply_count":0,"like_count":0,"quote_count":0},"created_at":"2021-03-22T11:19:20.000Z","author_id":"67490611","reply_settings":"everyone"},{"id":"1373805438383370241","lang":"en","entities":{"urls":[{"start":130,"end":153,"url":"https://t.co/lLUtcDQJkk","expanded_url":"https://ul.ink/X14E-9GFG6W_t","display_url":"ul.ink/X14E-9GFG6W_t"}],"hashtags":[{"start":31,"end":41,"tag":"ButterDay"},{"start":97,"end":114,"tag":"ButterChardonnay"}],"mentions":[{"start":45,"end":60,"username":"BottleRockNapa"},{"start":85,"end":96,"username":"JaMCellars"}]},"text":"Getaway with your bestie for a #ButterDay at @BottleRockNapa with presenting sponsor @JaMCellars #ButterChardonnay  ENTER TO WIN! https://t.co/lLUtcDQJkk","source":"Twitter Web App","public_metrics":{"retweet_count":0,"reply_count":0,"like_count":1,"quote_count":0},"created_at":"2021-03-22T01:15:15.000Z","author_id":"16811880","reply_settings":"everyone"},{"id":"1373772951493955587","lang":"en","entities":{"urls":[{"start":0,"end":23,"url":"https://t.co/kQnJdno13i","expanded_url":"https://ul.ink/X14C-9GF7Q8","display_url":"ul.ink/X14C-9GF7Q8"},{"start":154,"end":177,"url":"https://t.co/QLth1s8MgH","expanded_url":"https://ul.ink/X14C-9GF7Q8_t","display_url":"ul.ink/X14C-9GF7Q8_t"}],"hashtags":[{"start":55,"end":65,"tag":"ButterDay"},{"start":121,"end":138,"tag":"ButterChardonnay"}],"mentions":[{"start":69,"end":84,"username":"BottleRockNapa"},{"start":109,"end":120,"username":"JaMCellars"}]},"text":"https://t.co/kQnJdno13i\nGetaway with your bestie for a #ButterDay at @BottleRockNapa with presenting sponsor @JaMCellars #ButterChardonnay  ENTER TO WIN! https://t.co/QLth1s8MgH","source":"Twitter Web App","public_metrics":{"retweet_count":0,"reply_count":0,"like_count":1,"quote_count":0},"created_at":"2021-03-21T23:06:09.000Z","author_id":"328748097","reply_settings":"everyone"},{"id":"1373710063370702854","lang":"en","entities":{"urls":[{"start":130,"end":153,"url":"https://t.co/pLn6VAQoDd","expanded_url":"https://ul.ink/X144-9GERP6_t","display_url":"ul.ink/X144-9GERP6_t"}],"hashtags":[{"start":31,"end":41,"tag":"ButterDay"},{"start":97,"end":114,"tag":"ButterChardonnay"}],"mentions":[{"start":45,"end":60,"username":"BottleRockNapa"},{"start":85,"end":96,"username":"JaMCellars"}]},"text":"Getaway with your bestie for a #ButterDay at @BottleRockNapa with presenting sponsor @JaMCellars #ButterChardonnay  ENTER TO WIN! https://t.co/pLn6VAQoDd","source":"Twitter Web App","public_metrics":{"retweet_count":0,"reply_count":0,"like_count":0,"quote_count":0},"created_at":"2021-03-21T18:56:16.000Z","author_id":"248270245","reply_settings":"everyone"},{"id":"1373619425912487942","lang":"en","entities":{"urls":[{"start":130,"end":153,"url":"https://t.co/OUIpnrsznr","expanded_url":"https://ul.ink/X14M-9GDZ2M_t","display_url":"ul.ink/X14M-9GDZ2M_t"}],"hashtags":[{"start":31,"end":41,"tag":"ButterDay"},{"start":97,"end":114,"tag":"ButterChardonnay"}],"mentions":[{"start":45,"end":60,"username":"BottleRockNapa"},{"start":85,"end":96,"username":"JaMCellars"}]},"text":"Getaway with your bestie for a #ButterDay at @BottleRockNapa with presenting sponsor @JaMCellars #ButterChardonnay  ENTER TO WIN! https://t.co/OUIpnrsznr","source":"Twitter Web App","public_metrics":{"retweet_count":0,"reply_count":0,"like_count":0,"quote_count":0},"created_at":"2021-03-21T12:56:06.000Z","author_id":"844536842049507328","reply_settings":"everyone"},{"id":"1373618377286168580","lang":"en","entities":{"urls":[{"start":130,"end":153,"url":"https://t.co/Mj3BxMVeOg","expanded_url":"https://ul.ink/X14P-9GDYQ6_t","display_url":"ul.ink/X14P-9GDYQ6_t"}],"hashtags":[{"start":31,"end":41,"tag":"ButterDay"},{"start":97,"end":114,"tag":"ButterChardonnay"}],"mentions":[{"start":45,"end":60,"username":"BottleRockNapa"},{"start":85,"end":96,"username":"JaMCellars"}]},"text":"Getaway with your bestie for a #ButterDay at @BottleRockNapa with presenting sponsor @JaMCellars #ButterChardonnay  ENTER TO WIN! https://t.co/Mj3BxMVeOg","source":"Twitter Web App","public_metrics":{"retweet_count":0,"reply_count":0,"like_count":0,"quote_count":0},"created_at":"2021-03-21T12:51:56.000Z","author_id":"844536842049507328","reply_settings":"everyone"},{"id":"1373472209436602368","lang":"en","entities":{"urls":[{"start":130,"end":153,"url":"https://t.co/2vXmwXDHLi","expanded_url":"https://ul.ink/X14E-9GDDEW_t","display_url":"ul.ink/X14E-9GDDEW_t"}],"hashtags":[{"start":31,"end":41,"tag":"ButterDay"},{"start":97,"end":114,"tag":"ButterChardonnay"}],"mentions":[{"start":45,"end":60,"username":"BottleRockNapa"},{"start":85,"end":96,"username":"JaMCellars"}]},"text":"Getaway with your bestie for a #ButterDay at @BottleRockNapa with presenting sponsor @JaMCellars #ButterChardonnay  ENTER TO WIN! https://t.co/2vXmwXDHLi","source":"Twitter Web App","public_metrics":{"retweet_count":0,"reply_count":0,"like_count":0,"quote_count":0},"created_at":"2021-03-21T03:11:07.000Z","author_id":"16811880","reply_settings":"everyone"},{"id":"1373364556270034952","lang":"en","entities":{"urls":[{"start":130,"end":153,"url":"https://t.co/QIDFAwEueY","expanded_url":"https://ul.ink/X144-9GCN4J_t","display_url":"ul.ink/X144-9GCN4J_t"}],"hashtags":[{"start":31,"end":41,"tag":"ButterDay"},{"start":97,"end":114,"tag":"ButterChardonnay"}],"mentions":[{"start":45,"end":60,"username":"BottleRockNapa"},{"start":85,"end":96,"username":"JaMCellars"}]},"text":"Getaway with your bestie for a #ButterDay at @BottleRockNapa with presenting sponsor @JaMCellars #ButterChardonnay  ENTER TO WIN! https://t.co/QIDFAwEueY","source":"Twitter Web App","public_metrics":{"retweet_count":0,"reply_count":0,"like_count":0,"quote_count":0},"created_at":"2021-03-20T20:03:20.000Z","author_id":"248270245","reply_settings":"everyone"},{"id":"1373322966566637578","lang":"en","entities":{"urls":[{"start":258,"end":281,"url":"https://t.co/HjDDGeDMO1","expanded_url":"https://twitter.com/hushconcerts/status/1373322966566637578/photo/1","display_url":"pic.twitter.com/HjDDGeDMO1"}],"hashtags":[{"start":44,"end":56,"tag":"HUSHconcert"},{"start":138,"end":149,"tag":"HUSHphones"},{"start":152,"end":164,"tag":"silentdisco"},{"start":165,"end":177,"tag":"silentparty"},{"start":178,"end":191,"tag":"HUSHconcerts"},{"start":192,"end":203,"tag":"HUSHphones"},{"start":204,"end":221,"tag":"silentdiscoparty"},{"start":222,"end":235,"tag":"silentevents"},{"start":236,"end":257,"tag":"silentheadphoneparty"}],"mentions":[{"start":71,"end":86,"username":"BottleRockNapa"}]},"text":"Tag a friend you would like to experience a #HUSHconcert with; ours is @BottleRockNapa \uD83D\uDC83 What song would you want to hear playing in your #HUSHphones?\n\n#silentdisco #silentparty #HUSHconcerts #HUSHphones #silentdiscoparty #silentevents #silentheadphoneparty https://t.co/HjDDGeDMO1","source":"Sprout Social","public_metrics":{"retweet_count":0,"reply_count":0,"like_count":1,"quote_count":0},"created_at":"2021-03-20T17:18:04.000Z","author_id":"17207764","reply_settings":"everyone"},{"id":"1373253974636310534","lang":"en","entities":{"urls":[{"start":130,"end":153,"url":"https://t.co/RrjmJ11dKp","expanded_url":"https://ul.ink/X148-9GBQCC_t","display_url":"ul.ink/X148-9GBQCC_t"}],"hashtags":[{"start":31,"end":41,"tag":"ButterDay"},{"start":97,"end":114,"tag":"ButterChardonnay"}],"mentions":[{"start":45,"end":60,"username":"BottleRockNapa"},{"start":85,"end":96,"username":"JaMCellars"}]},"text":"Getaway with your bestie for a #ButterDay at @BottleRockNapa with presenting sponsor @JaMCellars #ButterChardonnay  ENTER TO WIN! https://t.co/RrjmJ11dKp","source":"Twitter Web App","public_metrics":{"retweet_count":0,"reply_count":0,"like_count":0,"quote_count":0},"created_at":"2021-03-20T12:43:56.000Z","author_id":"1017390478797492224","reply_settings":"everyone"},{"id":"1373248487870103555","lang":"en","entities":{"urls":[{"start":130,"end":153,"url":"https://t.co/7QFcuyVhiV","expanded_url":"https://ul.ink/X146-9GBNP2_t","display_url":"ul.ink/X146-9GBNP2_t"}],"hashtags":[{"start":31,"end":41,"tag":"ButterDay"},{"start":97,"end":114,"tag":"ButterChardonnay"}],"mentions":[{"start":45,"end":60,"username":"BottleRockNapa"},{"start":85,"end":96,"username":"JaMCellars"}]},"text":"Getaway with your bestie for a #ButterDay at @BottleRockNapa with presenting sponsor @JaMCellars #ButterChardonnay  ENTER TO WIN! https://t.co/7QFcuyVhiV","source":"Twitter Web App","public_metrics":{"retweet_count":0,"reply_count":0,"like_count":0,"quote_count":0},"created_at":"2021-03-20T12:22:07.000Z","author_id":"1017390478797492224","reply_settings":"everyone"},{"id":"1373104842491764737","lang":"en","entities":{"urls":[{"start":130,"end":153,"url":"https://t.co/ombUxa8KNr","expanded_url":"https://ul.ink/X14E-9GB50W_t","display_url":"ul.ink/X14E-9GB50W_t"}],"hashtags":[{"start":31,"end":41,"tag":"ButterDay"},{"start":97,"end":114,"tag":"ButterChardonnay"}],"mentions":[{"start":45,"end":60,"username":"BottleRockNapa"},{"start":85,"end":96,"username":"JaMCellars"}]},"text":"Getaway with your bestie for a #ButterDay at @BottleRockNapa with presenting sponsor @JaMCellars #ButterChardonnay  ENTER TO WIN! https://t.co/ombUxa8KNr","source":"Twitter Web App","public_metrics":{"retweet_count":0,"reply_count":0,"like_count":0,"quote_count":0},"created_at":"2021-03-20T02:51:20.000Z","author_id":"16811880","reply_settings":"everyone"},{"id":"1373091541632290816","lang":"en","entities":{"urls":[{"start":130,"end":153,"url":"https://t.co/gCu53eeQMW","expanded_url":"https://ul.ink/X148-9GB17W_t","display_url":"ul.ink/X148-9GB17W_t"}],"hashtags":[{"start":31,"end":41,"tag":"ButterDay"},{"start":97,"end":114,"tag":"ButterChardonnay"}],"mentions":[{"start":45,"end":60,"username":"BottleRockNapa"},{"start":85,"end":96,"username":"JaMCellars"}]},"text":"Getaway with your bestie for a #ButterDay at @BottleRockNapa with presenting sponsor @JaMCellars #ButterChardonnay  ENTER TO WIN! https://t.co/gCu53eeQMW","source":"Twitter Web App","public_metrics":{"retweet_count":0,"reply_count":0,"like_count":0,"quote_count":0},"created_at":"2021-03-20T01:58:28.000Z","author_id":"1212737900833472513","reply_settings":"everyone"},{"id":"1373067057693089800","lang":"en","entities":{"urls":[{"start":130,"end":153,"url":"https://t.co/CAaEBUaAKc","expanded_url":"https://ul.ink/X144-9GASZE_t","display_url":"ul.ink/X144-9GASZE_t"}],"hashtags":[{"start":31,"end":41,"tag":"ButterDay"},{"start":97,"end":114,"tag":"ButterChardonnay"}],"mentions":[{"start":45,"end":60,"username":"BottleRockNapa"},{"start":85,"end":96,"username":"JaMCellars"}]},"text":"Getaway with your bestie for a #ButterDay at @BottleRockNapa with presenting sponsor @JaMCellars #ButterChardonnay  ENTER TO WIN! https://t.co/CAaEBUaAKc","source":"Twitter Web App","public_metrics":{"retweet_count":0,"reply_count":0,"like_count":0,"quote_count":0},"created_at":"2021-03-20T00:21:11.000Z","author_id":"1212737900833472513","reply_settings":"everyone"},{"id":"1373041264287879170","lang":"en","entities":{"urls":[{"start":130,"end":153,"url":"https://t.co/TaGSHGwFQV","expanded_url":"https://ul.ink/X148-9GAH5Y_t","display_url":"ul.ink/X148-9GAH5Y_t"}],"hashtags":[{"start":31,"end":41,"tag":"ButterDay"},{"start":97,"end":114,"tag":"ButterChardonnay"}],"mentions":[{"start":45,"end":60,"username":"BottleRockNapa"},{"start":85,"end":96,"username":"JaMCellars"}]},"text":"Getaway with your bestie for a #ButterDay at @BottleRockNapa with presenting sponsor @JaMCellars #ButterChardonnay  ENTER TO WIN! https://t.co/TaGSHGwFQV","source":"Twitter Web App","public_metrics":{"retweet_count":0,"reply_count":0,"like_count":0,"quote_count":0},"created_at":"2021-03-19T22:38:41.000Z","author_id":"93757369","reply_settings":"everyone"},{"id":"1373013762320502787","lang":"en","entities":{"urls":[{"start":130,"end":153,"url":"https://t.co/n6fyDhVEkh","expanded_url":"https://ul.ink/X144-9GA4DJ_t","display_url":"ul.ink/X144-9GA4DJ_t"}],"hashtags":[{"start":31,"end":41,"tag":"ButterDay"},{"start":97,"end":114,"tag":"ButterChardonnay"}],"mentions":[{"start":45,"end":60,"username":"BottleRockNapa"},{"start":85,"end":96,"username":"JaMCellars"}]},"text":"Getaway with your bestie for a #ButterDay at @BottleRockNapa with presenting sponsor @JaMCellars #ButterChardonnay  ENTER TO WIN! https://t.co/n6fyDhVEkh","source":"Twitter Web App","public_metrics":{"retweet_count":0,"reply_count":0,"like_count":0,"quote_count":0},"created_at":"2021-03-19T20:49:24.000Z","author_id":"248270245","reply_settings":"everyone"},{"id":"1372877022343610375","lang":"en","entities":{"urls":[{"start":130,"end":153,"url":"https://t.co/5mhX8wqsJE","expanded_url":"https://ul.ink/X148-9G7WRC_t","display_url":"ul.ink/X148-9G7WRC_t"}],"hashtags":[{"start":31,"end":41,"tag":"ButterDay"},{"start":97,"end":114,"tag":"ButterChardonnay"}],"mentions":[{"start":45,"end":60,"username":"BottleRockNapa"},{"start":85,"end":96,"username":"JaMCellars"}]},"text":"Getaway with your bestie for a #ButterDay at @BottleRockNapa with presenting sponsor @JaMCellars #ButterChardonnay  ENTER TO WIN! https://t.co/5mhX8wqsJE","source":"Twitter Web App","public_metrics":{"retweet_count":0,"reply_count":0,"like_count":0,"quote_count":0},"created_at":"2021-03-19T11:46:03.000Z","author_id":"1017390478797492224","reply_settings":"everyone"},{"id":"1372874778491691009","lang":"en","entities":{"urls":[{"start":130,"end":153,"url":"https://t.co/7sdnQLuFRy","expanded_url":"https://ul.ink/X146-9G7VT2_t","display_url":"ul.ink/X146-9G7VT2_t"}],"hashtags":[{"start":31,"end":41,"tag":"ButterDay"},{"start":97,"end":114,"tag":"ButterChardonnay"}],"mentions":[{"start":45,"end":60,"username":"BottleRockNapa"},{"start":85,"end":96,"username":"JaMCellars"}]},"text":"Getaway with your bestie for a #ButterDay at @BottleRockNapa with presenting sponsor @JaMCellars #ButterChardonnay  ENTER TO WIN! https://t.co/7sdnQLuFRy","source":"Twitter Web App","public_metrics":{"retweet_count":0,"reply_count":0,"like_count":0,"quote_count":0},"created_at":"2021-03-19T11:37:08.000Z","author_id":"1017390478797492224","reply_settings":"everyone"},{"id":"1372750079472197636","lang":"en","entities":{"urls":[{"start":161,"end":184,"url":"https://t.co/yUQIniaYtL","expanded_url":"https://twitter.com/GROUPLOVE/status/1372693084635594753","display_url":"twitter.com/GROUPLOVE/stat…"}],"mentions":[{"start":28,"end":43,"username":"BottleRockNapa"}]},"text":"This album takes me back to @BottleRockNapa '13. Never heard of em just wandered up and wow, they rocked our socks off. Signed copy in the mail, no NFTs needed. https://t.co/yUQIniaYtL","source":"Twitter Web App","public_metrics":{"retweet_count":0,"reply_count":0,"like_count":0,"quote_count":0},"created_at":"2021-03-19T03:21:38.000Z","author_id":"3044891","reply_settings":"everyone"},{"id":"1372748776952107015","lang":"en","entities":{"urls":[{"start":130,"end":153,"url":"https://t.co/iJTbXSaIYe","expanded_url":"https://ul.ink/X14E-9G77YA_t","display_url":"ul.ink/X14E-9G77YA_t"}],"hashtags":[{"start":31,"end":41,"tag":"ButterDay"},{"start":97,"end":114,"tag":"ButterChardonnay"}],"mentions":[{"start":45,"end":60,"username":"BottleRockNapa"},{"start":85,"end":96,"username":"JaMCellars"}]},"text":"Getaway with your bestie for a #ButterDay at @BottleRockNapa with presenting sponsor @JaMCellars #ButterChardonnay  ENTER TO WIN! https://t.co/iJTbXSaIYe","source":"Twitter Web App","public_metrics":{"retweet_count":0,"reply_count":0,"like_count":0,"quote_count":0},"created_at":"2021-03-19T03:16:27.000Z","author_id":"16811880","reply_settings":"everyone"},{"id":"1372627131344240642","lang":"en","entities":{"urls":[{"start":130,"end":153,"url":"https://t.co/1Iranq6lq8","expanded_url":"https://ul.ink/X144-9G5BGE_t","display_url":"ul.ink/X144-9G5BGE_t"}],"hashtags":[{"start":31,"end":41,"tag":"ButterDay"},{"start":97,"end":114,"tag":"ButterChardonnay"}],"mentions":[{"start":45,"end":60,"username":"BottleRockNapa"},{"start":85,"end":96,"username":"JaMCellars"}]},"text":"Getaway with your bestie for a #ButterDay at @BottleRockNapa with presenting sponsor @JaMCellars #ButterChardonnay  ENTER TO WIN! https://t.co/1Iranq6lq8","source":"Twitter Web App","public_metrics":{"retweet_count":0,"reply_count":0,"like_count":0,"quote_count":0},"created_at":"2021-03-18T19:13:04.000Z","author_id":"248270245","reply_settings":"everyone"},{"id":"1372616383196925952","lang":"en","in_reply_to_user_id":"107565813","text":"@freddy_1 @BottleRockNapa Some of best laughs I have ever had lol \uD83D\uDE06","source":"Twitter for iPhone","public_metrics":{"retweet_count":0,"reply_count":0,"like_count":1,"quote_count":0},"entities":{"mentions":[{"start":0,"end":9,"username":"freddy_1"},{"start":10,"end":25,"username":"BottleRockNapa"}]},"created_at":"2021-03-18T18:30:22.000Z","author_id":"125901873","reply_settings":"everyone"},{"id":"1372603704650518528","lang":"en","in_reply_to_user_id":"125901873","text":"@wastedjp @BottleRockNapa Yes yes \uD83D\uDC40","source":"Twitter for iPad","public_metrics":{"retweet_count":0,"reply_count":0,"like_count":0,"quote_count":0},"entities":{"mentions":[{"start":0,"end":9,"username":"wastedjp"},{"start":10,"end":25,"username":"BottleRockNapa"}]},"created_at":"2021-03-18T17:39:59.000Z","author_id":"818861432850653185","reply_settings":"everyone"},{"geo":{"place_id":"e3505917a639e8ec"},"id":"1372602121988624387","lang":"und","in_reply_to_user_id":"1007391884","text":"@BottleRockNapa \uD83D\uDC40","source":"Twitter for iPhone","public_metrics":{"retweet_count":0,"reply_count":2,"like_count":2,"quote_count":0},"entities":{"mentions":[{"start":0,"end":15,"username":"BottleRockNapa"}]},"created_at":"2021-03-18T17:33:42.000Z","author_id":"125901873","reply_settings":"everyone"},{"id":"1372583616283344903","lang":"en","entities":{"urls":[{"start":130,"end":153,"url":"https://t.co/9P6L7br8By","expanded_url":"https://ul.ink/X148-9G4RN4_t","display_url":"ul.ink/X148-9G4RN4_t"}],"hashtags":[{"start":31,"end":41,"tag":"ButterDay"},{"start":97,"end":114,"tag":"ButterChardonnay"}],"mentions":[{"start":45,"end":60,"username":"BottleRockNapa"},{"start":85,"end":96,"username":"JaMCellars"}]},"text":"Getaway with your bestie for a #ButterDay at @BottleRockNapa with presenting sponsor @JaMCellars #ButterChardonnay  ENTER TO WIN! https://t.co/9P6L7br8By","source":"Twitter for Android","public_metrics":{"retweet_count":0,"reply_count":0,"like_count":0,"quote_count":0},"created_at":"2021-03-18T16:20:10.000Z","author_id":"1135277611582742528","reply_settings":"everyone"},{"id":"1372583347986255872","lang":"en","entities":{"urls":[{"start":130,"end":153,"url":"https://t.co/WNZ0qRl8Ey","expanded_url":"https://ul.ink/X146-9G4REJ_t","display_url":"ul.ink/X146-9G4REJ_t"}],"hashtags":[{"start":31,"end":41,"tag":"ButterDay"},{"start":97,"end":114,"tag":"ButterChardonnay"}],"mentions":[{"start":45,"end":60,"username":"BottleRockNapa"},{"start":85,"end":96,"username":"JaMCellars"}]},"text":"Getaway with your bestie for a #ButterDay at @BottleRockNapa with presenting sponsor @JaMCellars #ButterChardonnay  ENTER TO WIN! https://t.co/WNZ0qRl8Ey","source":"Twitter for Android","public_metrics":{"retweet_count":0,"reply_count":0,"like_count":0,"quote_count":0},"created_at":"2021-03-18T16:19:06.000Z","author_id":"1135277611582742528","reply_settings":"everyone"},{"id":"1372492962987393027","lang":"en","entities":{"urls":[{"start":130,"end":153,"url":"https://t.co/e5jGtBWYss","expanded_url":"https://ul.ink/X148-9G35A4_t","display_url":"ul.ink/X148-9G35A4_t"}],"hashtags":[{"start":31,"end":41,"tag":"ButterDay"},{"start":97,"end":114,"tag":"ButterChardonnay"}],"mentions":[{"start":45,"end":60,"username":"BottleRockNapa"},{"start":85,"end":96,"username":"JaMCellars"}]},"text":"Getaway with your bestie for a #ButterDay at @BottleRockNapa with presenting sponsor @JaMCellars #ButterChardonnay  ENTER TO WIN! https://t.co/e5jGtBWYss","source":"Twitter Web App","public_metrics":{"retweet_count":0,"reply_count":0,"like_count":0,"quote_count":0},"created_at":"2021-03-18T10:19:56.000Z","author_id":"1017390478797492224","reply_settings":"everyone"},{"id":"1372490314393513985","lang":"en","entities":{"urls":[{"start":130,"end":153,"url":"https://t.co/SKPVWBXocf","expanded_url":"https://ul.ink/X146-9G34N4_t","display_url":"ul.ink/X146-9G34N4_t"}],"hashtags":[{"start":31,"end":41,"tag":"ButterDay"},{"start":97,"end":114,"tag":"ButterChardonnay"}],"mentions":[{"start":45,"end":60,"username":"BottleRockNapa"},{"start":85,"end":96,"username":"JaMCellars"}]},"text":"Getaway with your bestie for a #ButterDay at @BottleRockNapa with presenting sponsor @JaMCellars #ButterChardonnay  ENTER TO WIN! https://t.co/SKPVWBXocf","source":"Twitter Web App","public_metrics":{"retweet_count":0,"reply_count":0,"like_count":0,"quote_count":0},"created_at":"2021-03-18T10:09:25.000Z","author_id":"1017390478797492224","reply_settings":"everyone"},{"id":"1372382982078656512","lang":"en","entities":{"urls":[{"start":130,"end":153,"url":"https://t.co/Qo3qh57w8h","expanded_url":"https://ul.ink/X14E-9G2QCP_t","display_url":"ul.ink/X14E-9G2QCP_t"}],"hashtags":[{"start":31,"end":41,"tag":"ButterDay"},{"start":97,"end":114,"tag":"ButterChardonnay"}],"mentions":[{"start":45,"end":60,"username":"BottleRockNapa"},{"start":85,"end":96,"username":"JaMCellars"}]},"text":"Getaway with your bestie for a #ButterDay at @BottleRockNapa with presenting sponsor @JaMCellars #ButterChardonnay  ENTER TO WIN! https://t.co/Qo3qh57w8h","source":"Twitter Web App","public_metrics":{"retweet_count":0,"reply_count":0,"like_count":0,"quote_count":0},"created_at":"2021-03-18T03:02:55.000Z","author_id":"16811880","reply_settings":"everyone"},{"id":"1372287105607602188","lang":"en","entities":{"urls":[{"start":130,"end":153,"url":"https://t.co/7tWPuwoHVL","expanded_url":"https://ul.ink/X14P-9G1D94_t","display_url":"ul.ink/X14P-9G1D94_t"}],"hashtags":[{"start":31,"end":41,"tag":"ButterDay"},{"start":97,"end":114,"tag":"ButterChardonnay"}],"mentions":[{"start":45,"end":60,"username":"BottleRockNapa"},{"start":85,"end":96,"username":"JaMCellars"}]},"text":"Getaway with your bestie for a #ButterDay at @BottleRockNapa with presenting sponsor @JaMCellars #ButterChardonnay  ENTER TO WIN! https://t.co/7tWPuwoHVL","source":"Twitter Web App","public_metrics":{"retweet_count":0,"reply_count":0,"like_count":0,"quote_count":0},"created_at":"2021-03-17T20:41:56.000Z","author_id":"916037405987233792","reply_settings":"everyone"},{"id":"1372269843731394563","lang":"en","entities":{"urls":[{"start":131,"end":154,"url":"https://t.co/cpCSgzJqT7","expanded_url":"https://ul.ink/X144-9G0ZXM_t","display_url":"ul.ink/X144-9G0ZXM_t"}],"hashtags":[{"start":31,"end":41,"tag":"ButterDay"},{"start":97,"end":114,"tag":"ButterChardonnay"}],"mentions":[{"start":45,"end":60,"username":"BottleRockNapa"},{"start":85,"end":96,"username":"JaMCellars"}]},"text":"Getaway with your bestie for a #ButterDay at @BottleRockNapa with presenting sponsor @JaMCellars #ButterChardonnay  ENTER TO WIN! \nhttps://t.co/cpCSgzJqT7","source":"Twitter Web App","public_metrics":{"retweet_count":0,"reply_count":0,"like_count":0,"quote_count":0},"created_at":"2021-03-17T19:33:20.000Z","author_id":"248270245","reply_settings":"everyone"},{"id":"1372252524640632832","lang":"en","entities":{"urls":[{"start":130,"end":153,"url":"https://t.co/3WHwNLmdHY","expanded_url":"https://ul.ink/X148-9G0T5M_t","display_url":"ul.ink/X148-9G0T5M_t"}],"hashtags":[{"start":31,"end":41,"tag":"ButterDay"},{"start":97,"end":114,"tag":"ButterChardonnay"}],"mentions":[{"start":45,"end":60,"username":"BottleRockNapa"},{"start":85,"end":96,"username":"JaMCellars"}]},"text":"Getaway with your bestie for a #ButterDay at @BottleRockNapa with presenting sponsor @JaMCellars #ButterChardonnay  ENTER TO WIN! https://t.co/3WHwNLmdHY","source":"Twitter Web App","public_metrics":{"retweet_count":0,"reply_count":0,"like_count":0,"quote_count":0},"created_at":"2021-03-17T18:24:31.000Z","author_id":"20507464","reply_settings":"everyone"},{"id":"1372152477689262084","lang":"en","entities":{"urls":[{"start":130,"end":153,"url":"https://t.co/j07he9Kmd4","expanded_url":"https://ul.ink/X148-9FZ8XT_t","display_url":"ul.ink/X148-9FZ8XT_t"}],"hashtags":[{"start":31,"end":41,"tag":"ButterDay"},{"start":97,"end":114,"tag":"ButterChardonnay"}],"mentions":[{"start":45,"end":60,"username":"BottleRockNapa"},{"start":85,"end":96,"username":"JaMCellars"}]},"text":"Getaway with your bestie for a #ButterDay at @BottleRockNapa with presenting sponsor @JaMCellars #ButterChardonnay  ENTER TO WIN! https://t.co/j07he9Kmd4","source":"Twitter Web App","public_metrics":{"retweet_count":0,"reply_count":0,"like_count":0,"quote_count":0},"created_at":"2021-03-17T11:46:58.000Z","author_id":"1017390478797492224","reply_settings":"everyone"},{"id":"1372147819239383043","lang":"en","entities":{"urls":[{"start":130,"end":153,"url":"https://t.co/eHvDxzmp6O","expanded_url":"https://ul.ink/X146-9FZ7CM_t","display_url":"ul.ink/X146-9FZ7CM_t"}],"hashtags":[{"start":31,"end":41,"tag":"ButterDay"},{"start":97,"end":114,"tag":"ButterChardonnay"}],"mentions":[{"start":45,"end":60,"username":"BottleRockNapa"},{"start":85,"end":96,"username":"JaMCellars"}]},"text":"Getaway with your bestie for a #ButterDay at @BottleRockNapa with presenting sponsor @JaMCellars #ButterChardonnay  ENTER TO WIN! https://t.co/eHvDxzmp6O","source":"Twitter Web App","public_metrics":{"retweet_count":0,"reply_count":0,"like_count":0,"quote_count":0},"created_at":"2021-03-17T11:28:28.000Z","author_id":"1017390478797492224","reply_settings":"everyone"},{"id":"1372071256854499328","lang":"en","entities":{"urls":[{"start":130,"end":153,"url":"https://t.co/0ORRo4YJrh","expanded_url":"https://ul.ink/X14M-9FYWXM_t","display_url":"ul.ink/X14M-9FYWXM_t"}],"hashtags":[{"start":31,"end":41,"tag":"ButterDay"},{"start":97,"end":114,"tag":"ButterChardonnay"}],"mentions":[{"start":45,"end":60,"username":"BottleRockNapa"},{"start":85,"end":96,"username":"JaMCellars"}]},"text":"Getaway with your bestie for a #ButterDay at @BottleRockNapa with presenting sponsor @JaMCellars #ButterChardonnay  ENTER TO WIN! https://t.co/0ORRo4YJrh","source":"Twitter Web App","public_metrics":{"retweet_count":0,"reply_count":0,"like_count":0,"quote_count":0},"created_at":"2021-03-17T06:24:14.000Z","author_id":"4279997714","reply_settings":"everyone"},{"id":"1372060935880380419","lang":"en","entities":{"urls":[{"start":130,"end":153,"url":"https://t.co/aH5zyfhtPA","expanded_url":"https://ul.ink/X14E-9FYW0G_t","display_url":"ul.ink/X14E-9FYW0G_t"}],"hashtags":[{"start":31,"end":41,"tag":"ButterDay"},{"start":97,"end":114,"tag":"ButterChardonnay"}],"mentions":[{"start":45,"end":60,"username":"BottleRockNapa"},{"start":85,"end":96,"username":"JaMCellars"}]},"text":"Getaway with your bestie for a #ButterDay at @BottleRockNapa with presenting sponsor @JaMCellars #ButterChardonnay  ENTER TO WIN! https://t.co/aH5zyfhtPA","source":"Twitter Web App","public_metrics":{"retweet_count":0,"reply_count":0,"like_count":0,"quote_count":0},"created_at":"2021-03-17T05:43:13.000Z","author_id":"16811880","reply_settings":"everyone"},{"id":"1371988932813029385","lang":"en","in_reply_to_user_id":"1007391884","text":"@BottleRockNapa @Ammesq1 No, September. I have plane tickets. Right????","source":"Twitter for Android","public_metrics":{"retweet_count":0,"reply_count":1,"like_count":0,"quote_count":0},"entities":{"mentions":[{"start":0,"end":15,"username":"BottleRockNapa"},{"start":16,"end":24,"username":"Ammesq1"}]},"created_at":"2021-03-17T00:57:06.000Z","author_id":"27213765","reply_settings":"everyone"},{"id":"1371917372483854345","lang":"en","entities":{"urls":[{"start":130,"end":153,"url":"https://t.co/T4Yjf70i3v","expanded_url":"https://ul.ink/X14E-9FX2X8_t","display_url":"ul.ink/X14E-9FX2X8_t"}],"hashtags":[{"start":31,"end":41,"tag":"ButterDay"},{"start":97,"end":114,"tag":"ButterChardonnay"}],"mentions":[{"start":45,"end":60,"username":"BottleRockNapa"},{"start":85,"end":96,"username":"JaMCellars"}]},"text":"Getaway with your bestie for a #ButterDay at @BottleRockNapa with presenting sponsor @JaMCellars #ButterChardonnay  ENTER TO WIN! https://t.co/T4Yjf70i3v","source":"Twitter for iPhone","public_metrics":{"retweet_count":0,"reply_count":0,"like_count":0,"quote_count":0},"created_at":"2021-03-16T20:12:45.000Z","author_id":"184118055","reply_settings":"everyone"},{"id":"1371907310403137543","lang":"en","entities":{"urls":[{"start":131,"end":154,"url":"https://t.co/ylroZ48rg4","expanded_url":"https://ul.ink/X144-9FWYHY_t","display_url":"ul.ink/X144-9FWYHY_t"}],"hashtags":[{"start":31,"end":41,"tag":"ButterDay"},{"start":97,"end":114,"tag":"ButterChardonnay"}],"mentions":[{"start":45,"end":60,"username":"BottleRockNapa"},{"start":85,"end":96,"username":"JaMCellars"}]},"text":"Getaway with your bestie for a #ButterDay at @BottleRockNapa with presenting sponsor @JaMCellars #ButterChardonnay  ENTER TO WIN! \nhttps://t.co/ylroZ48rg4","source":"Twitter Web App","public_metrics":{"retweet_count":0,"reply_count":0,"like_count":0,"quote_count":0},"created_at":"2021-03-16T19:32:46.000Z","author_id":"248270245","reply_settings":"everyone"},{"geo":{"place_id":"3b77caf94bfc81fe"},"id":"1371903302632271873","lang":"en","in_reply_to_user_id":"281875398","text":"@The_Age_G @Bonnaroo @BottleRockNapa Thanks AJ","source":"Twitter for iPhone","public_metrics":{"retweet_count":0,"reply_count":0,"like_count":0,"quote_count":0},"entities":{"mentions":[{"start":0,"end":10,"username":"The_Age_G"},{"start":11,"end":20,"username":"Bonnaroo"},{"start":21,"end":36,"username":"BottleRockNapa"}],"annotations":[{"start":44,"end":45,"probability":0.5679,"type":"Person","normalized_text":"AJ"}]},"created_at":"2021-03-16T19:16:50.000Z","author_id":"24465329","reply_settings":"everyone"},{"geo":{"place_id":"3b77caf94bfc81fe"},"id":"1371900877028487168","lang":"en","in_reply_to_user_id":"281875398","text":"@The_Age_G @Bonnaroo @BottleRockNapa Dude I know!","source":"Twitter for iPhone","public_metrics":{"retweet_count":0,"reply_count":1,"like_count":0,"quote_count":0},"entities":{"mentions":[{"start":0,"end":10,"username":"The_Age_G"},{"start":11,"end":20,"username":"Bonnaroo"},{"start":21,"end":36,"username":"BottleRockNapa"}]},"created_at":"2021-03-16T19:07:12.000Z","author_id":"24465329","reply_settings":"everyone"},{"geo":{"place_id":"3b77caf94bfc81fe"},"id":"1371892562714271744","lang":"en","text":"Dear @Bonnaroo &amp; @BottleRockNapa please don’t make your festivals the same weekend. \uD83D\uDE4F\uD83C\uDFFE After over a year of not having you, my heart &amp; my budget can’t handle it. \n\nI know your demographics are different. But for those of us that work both of your festivals, I don’t want to choose","source":"Twitter for iPhone","public_metrics":{"retweet_count":1,"reply_count":1,"like_count":2,"quote_count":0},"entities":{"mentions":[{"start":5,"end":14,"username":"Bonnaroo"},{"start":21,"end":36,"username":"BottleRockNapa"}]},"created_at":"2021-03-16T18:34:10.000Z","author_id":"24465329","reply_settings":"everyone"},{"id":"1371857216748326915","lang":"en","entities":{"urls":[{"start":130,"end":153,"url":"https://t.co/HjJ0HiGt2o","expanded_url":"https://ul.ink/X148-9FWAQM_t","display_url":"ul.ink/X148-9FWAQM_t"}],"hashtags":[{"start":31,"end":41,"tag":"ButterDay"},{"start":97,"end":114,"tag":"ButterChardonnay"}],"mentions":[{"start":45,"end":60,"username":"BottleRockNapa"},{"start":85,"end":96,"username":"JaMCellars"}]},"text":"Getaway with your bestie for a #ButterDay at @BottleRockNapa with presenting sponsor @JaMCellars #ButterChardonnay  ENTER TO WIN! https://t.co/HjJ0HiGt2o","source":"Twitter Web App","public_metrics":{"retweet_count":0,"reply_count":0,"like_count":0,"quote_count":0},"created_at":"2021-03-16T16:13:43.000Z","author_id":"1017390478797492224","reply_settings":"everyone"},{"id":"1371854290868961280","lang":"en","entities":{"urls":[{"start":130,"end":153,"url":"https://t.co/XOAJxGn9Ok","expanded_url":"https://ul.ink/X146-9FW9DC_t","display_url":"ul.ink/X146-9FW9DC_t"}],"hashtags":[{"start":31,"end":41,"tag":"ButterDay"},{"start":97,"end":114,"tag":"ButterChardonnay"}],"mentions":[{"start":45,"end":60,"username":"BottleRockNapa"},{"start":85,"end":96,"username":"JaMCellars"}]},"text":"Getaway with your bestie for a #ButterDay at @BottleRockNapa with presenting sponsor @JaMCellars #ButterChardonnay  ENTER TO WIN! https://t.co/XOAJxGn9Ok","source":"Twitter Web App","public_metrics":{"retweet_count":0,"reply_count":0,"like_count":0,"quote_count":0},"created_at":"2021-03-16T16:02:05.000Z","author_id":"1017390478797492224","reply_settings":"everyone"},{"id":"1371815923078815748","lang":"en","entities":{"urls":[{"start":130,"end":153,"url":"https://t.co/xm1PBLBj06","expanded_url":"https://ul.ink/X14G-9FVHM2_t","display_url":"ul.ink/X14G-9FVHM2_t"}],"hashtags":[{"start":31,"end":41,"tag":"ButterDay"},{"start":97,"end":114,"tag":"ButterChardonnay"}],"mentions":[{"start":45,"end":60,"username":"BottleRockNapa"},{"start":85,"end":96,"username":"JaMCellars"}]},"text":"Getaway with your bestie for a #ButterDay at @BottleRockNapa with presenting sponsor @JaMCellars #ButterChardonnay  ENTER TO WIN! https://t.co/xm1PBLBj06","source":"Twitter Web App","public_metrics":{"retweet_count":0,"reply_count":0,"like_count":0,"quote_count":0},"created_at":"2021-03-16T13:29:37.000Z","author_id":"1328087570585149440","reply_settings":"everyone"},{"id":"1371701458412969984","lang":"en","entities":{"urls":[{"start":130,"end":153,"url":"https://t.co/itgcXKDopz","expanded_url":"https://ul.ink/X14M-9FTGBG_t","display_url":"ul.ink/X14M-9FTGBG_t"}],"hashtags":[{"start":31,"end":41,"tag":"ButterDay"},{"start":97,"end":114,"tag":"ButterChardonnay"}],"mentions":[{"start":45,"end":60,"username":"BottleRockNapa"},{"start":85,"end":96,"username":"JaMCellars"}]},"text":"Getaway with your bestie for a #ButterDay at @BottleRockNapa with presenting sponsor @JaMCellars #ButterChardonnay  ENTER TO WIN! https://t.co/itgcXKDopz","source":"Twitter Web App","public_metrics":{"retweet_count":0,"reply_count":0,"like_count":0,"quote_count":0},"created_at":"2021-03-16T05:54:47.000Z","author_id":"4279997714","reply_settings":"everyone"},{"id":"1371687695035027461","lang":"en","entities":{"urls":[{"start":130,"end":153,"url":"https://t.co/msP8dp7xf2","expanded_url":"https://ul.ink/X144-9FTF5G_t","display_url":"ul.ink/X144-9FTF5G_t"}],"hashtags":[{"start":31,"end":41,"tag":"ButterDay"},{"start":97,"end":114,"tag":"ButterChardonnay"}],"mentions":[{"start":45,"end":60,"username":"BottleRockNapa"},{"start":85,"end":96,"username":"JaMCellars"}]},"text":"Getaway with your bestie for a #ButterDay at @BottleRockNapa with presenting sponsor @JaMCellars #ButterChardonnay  ENTER TO WIN! https://t.co/msP8dp7xf2","source":"Twitter Web App","public_metrics":{"retweet_count":0,"reply_count":0,"like_count":0,"quote_count":0},"created_at":"2021-03-16T05:00:05.000Z","author_id":"4279997714","reply_settings":"everyone"},{"id":"1371686297425870848","lang":"en","entities":{"urls":[{"start":130,"end":153,"url":"https://t.co/nrRGTVlLEz","expanded_url":"https://ul.ink/X14P-9FTEZA_t","display_url":"ul.ink/X14P-9FTEZA_t"}],"hashtags":[{"start":31,"end":41,"tag":"ButterDay"},{"start":97,"end":114,"tag":"ButterChardonnay"}],"mentions":[{"start":45,"end":60,"username":"BottleRockNapa"},{"start":85,"end":96,"username":"JaMCellars"}]},"text":"Getaway with your bestie for a #ButterDay at @BottleRockNapa with presenting sponsor @JaMCellars #ButterChardonnay  ENTER TO WIN! https://t.co/nrRGTVlLEz","source":"Twitter Web App","public_metrics":{"retweet_count":0,"reply_count":0,"like_count":0,"quote_count":0},"created_at":"2021-03-16T04:54:32.000Z","author_id":"4279997714","reply_settings":"everyone"},{"id":"1371671508616151040","lang":"en","in_reply_to_user_id":"1007391884","text":"@BottleRockNapa lineup when??? like this tweet if stevie nicks is gonna be there??????","source":"Twitter Web App","public_metrics":{"retweet_count":0,"reply_count":0,"like_count":0,"quote_count":0},"entities":{"mentions":[{"start":0,"end":15,"username":"BottleRockNapa"}],"annotations":[{"start":50,"end":61,"probability":0.9916,"type":"Person","normalized_text":"stevie nicks"}]},"created_at":"2021-03-16T03:55:46.000Z","author_id":"1367366772026863618","reply_settings":"everyone"},{"id":"1371649320299204611","lang":"en","entities":{"urls":[{"start":130,"end":153,"url":"https://t.co/fVModmiwaq","expanded_url":"https://ul.ink/X14P-9FT6PC_t","display_url":"ul.ink/X14P-9FT6PC_t"}],"hashtags":[{"start":31,"end":41,"tag":"ButterDay"},{"start":97,"end":114,"tag":"ButterChardonnay"}],"mentions":[{"start":45,"end":60,"username":"BottleRockNapa"},{"start":85,"end":96,"username":"JaMCellars"}]},"text":"Getaway with your bestie for a #ButterDay at @BottleRockNapa with presenting sponsor @JaMCellars #ButterChardonnay  ENTER TO WIN! https://t.co/fVModmiwaq","source":"Twitter Web App","public_metrics":{"retweet_count":0,"reply_count":0,"like_count":0,"quote_count":0},"created_at":"2021-03-16T02:27:36.000Z","author_id":"26984468","reply_settings":"everyone"},{"id":"1371593129032359939","lang":"en","entities":{"urls":[{"start":130,"end":153,"url":"https://t.co/A0pT7unJom","expanded_url":"https://ul.ink/X14A-9FSFNY_t","display_url":"ul.ink/X14A-9FSFNY_t"}],"hashtags":[{"start":31,"end":41,"tag":"ButterDay"},{"start":97,"end":114,"tag":"ButterChardonnay"}],"mentions":[{"start":45,"end":60,"username":"BottleRockNapa"},{"start":85,"end":96,"username":"JaMCellars"}]},"text":"Getaway with your bestie for a #ButterDay at @BottleRockNapa with presenting sponsor @JaMCellars #ButterChardonnay  ENTER TO WIN! https://t.co/A0pT7unJom","source":"Twitter Web App","public_metrics":{"retweet_count":0,"reply_count":0,"like_count":0,"quote_count":0},"created_at":"2021-03-15T22:44:19.000Z","author_id":"772794319","reply_settings":"everyone"},{"id":"1371537691595190273","lang":"en","entities":{"urls":[{"start":130,"end":153,"url":"https://t.co/YJANBTiqpQ","expanded_url":"https://ul.ink/X14E-9FRD4M_t","display_url":"ul.ink/X14E-9FRD4M_t"}],"hashtags":[{"start":31,"end":41,"tag":"ButterDay"},{"start":97,"end":114,"tag":"ButterChardonnay"}],"mentions":[{"start":45,"end":60,"username":"BottleRockNapa"},{"start":85,"end":96,"username":"JaMCellars"}]},"text":"Getaway with your bestie for a #ButterDay at @BottleRockNapa with presenting sponsor @JaMCellars #ButterChardonnay  ENTER TO WIN! https://t.co/YJANBTiqpQ","source":"Twitter Web App","public_metrics":{"retweet_count":0,"reply_count":0,"like_count":0,"quote_count":0},"created_at":"2021-03-15T19:04:02.000Z","author_id":"1328087570585149440","reply_settings":"everyone"},{"id":"1371532314325442565","lang":"en","entities":{"urls":[{"start":130,"end":153,"url":"https://t.co/CSnQA4wrFE","expanded_url":"https://ul.ink/X14E-9FRBAM_t","display_url":"ul.ink/X14E-9FRBAM_t"}],"hashtags":[{"start":31,"end":41,"tag":"ButterDay"},{"start":97,"end":114,"tag":"ButterChardonnay"}],"mentions":[{"start":45,"end":60,"username":"BottleRockNapa"},{"start":85,"end":96,"username":"JaMCellars"}]},"text":"Getaway with your bestie for a #ButterDay at @BottleRockNapa with presenting sponsor @JaMCellars #ButterChardonnay  ENTER TO WIN! https://t.co/CSnQA4wrFE","source":"Twitter Web App","public_metrics":{"retweet_count":0,"reply_count":0,"like_count":0,"quote_count":0},"created_at":"2021-03-15T18:42:40.000Z","author_id":"41030589","reply_settings":"everyone"},{"id":"1371531522705068032","lang":"en","entities":{"urls":[{"start":131,"end":154,"url":"https://t.co/02nAuSdIK0","expanded_url":"https://ul.ink/X144-9FRB1E_t","display_url":"ul.ink/X144-9FRB1E_t","images":[{"url":"https://pbs.twimg.com/news_img/1371531524907151360/KsBXMXz-?format=jpg&name=orig","width":5000,"height":2625},{"url":"https://pbs.twimg.com/news_img/1371531524907151360/KsBXMXz-?format=jpg&name=150x150","width":150,"height":150}],"status":200,"title":"Win a #ButterDay Getaway to BottleRock Napa Valley","description":"Flights, Hotel and 3-Day GA Passes. Enter Here!","unwound_url":"https://ul.ink/X144-9FRB1E_t"}],"hashtags":[{"start":31,"end":41,"tag":"ButterDay"},{"start":97,"end":114,"tag":"ButterChardonnay"}],"mentions":[{"start":45,"end":60,"username":"BottleRockNapa"},{"start":85,"end":96,"username":"JaMCellars"}]},"text":"Getaway with your bestie for a #ButterDay at @BottleRockNapa with presenting sponsor @JaMCellars #ButterChardonnay  ENTER TO WIN! \nhttps://t.co/02nAuSdIK0","source":"Twitter Web App","public_metrics":{"retweet_count":0,"reply_count":0,"like_count":0,"quote_count":0},"created_at":"2021-03-15T18:39:31.000Z","author_id":"248270245","reply_settings":"everyone"},{"id":"1371438486432141313","lang":"en","entities":{"urls":[{"start":130,"end":153,"url":"https://t.co/vu7fdGmXHl","expanded_url":"https://ul.ink/X14C-9FQ11C_t","display_url":"ul.ink/X14C-9FQ11C_t"}],"hashtags":[{"start":31,"end":41,"tag":"ButterDay"},{"start":97,"end":114,"tag":"ButterChardonnay"}],"mentions":[{"start":45,"end":60,"username":"BottleRockNapa"},{"start":85,"end":96,"username":"JaMCellars"}]},"text":"Getaway with your bestie for a #ButterDay at @BottleRockNapa with presenting sponsor @JaMCellars #ButterChardonnay  ENTER TO WIN! https://t.co/vu7fdGmXHl","source":"Twitter Web App","public_metrics":{"retweet_count":0,"reply_count":0,"like_count":0,"quote_count":0},"created_at":"2021-03-15T12:29:49.000Z","author_id":"297454353","reply_settings":"everyone"},{"id":"1371426462310539268","lang":"en","entities":{"urls":[{"start":130,"end":153,"url":"https://t.co/mSUVBe5Rlx","expanded_url":"https://ul.ink/X148-9FPVR4_t","display_url":"ul.ink/X148-9FPVR4_t"}],"hashtags":[{"start":31,"end":41,"tag":"ButterDay"},{"start":97,"end":114,"tag":"ButterChardonnay"}],"mentions":[{"start":45,"end":60,"username":"BottleRockNapa"},{"start":85,"end":96,"username":"JaMCellars"}]},"text":"Getaway with your bestie for a #ButterDay at @BottleRockNapa with presenting sponsor @JaMCellars #ButterChardonnay  ENTER TO WIN! https://t.co/mSUVBe5Rlx","source":"Twitter Web App","public_metrics":{"retweet_count":0,"reply_count":0,"like_count":0,"quote_count":0},"created_at":"2021-03-15T11:42:03.000Z","author_id":"1017390478797492224","reply_settings":"everyone"},{"id":"1371421443137933320","lang":"en","entities":{"urls":[{"start":130,"end":153,"url":"https://t.co/MgwAAbjoDx","expanded_url":"https://ul.ink/X146-9FPTBG_t","display_url":"ul.ink/X146-9FPTBG_t"}],"hashtags":[{"start":31,"end":41,"tag":"ButterDay"},{"start":97,"end":114,"tag":"ButterChardonnay"}],"mentions":[{"start":45,"end":60,"username":"BottleRockNapa"},{"start":85,"end":96,"username":"JaMCellars"}]},"text":"Getaway with your bestie for a #ButterDay at @BottleRockNapa with presenting sponsor @JaMCellars #ButterChardonnay  ENTER TO WIN! https://t.co/MgwAAbjoDx","source":"Twitter Web App","public_metrics":{"retweet_count":0,"reply_count":0,"like_count":0,"quote_count":0},"created_at":"2021-03-15T11:22:06.000Z","author_id":"1017390478797492224","reply_settings":"everyone"},{"id":"1371182657200128002","lang":"tl","entities":{"urls":[{"start":49,"end":72,"url":"https://t.co/CRN7PHk2Jc","expanded_url":"https://lizzielau.com/bottlerock-napa-valley-roadtrip/?utm_source=ReviveOldPost&utm_medium=social&utm_campaign=ReviveOldPost","display_url":"lizzielau.com/bottlerock-nap…"}],"hashtags":[{"start":23,"end":32,"tag":"roadtrip"},{"start":73,"end":80,"tag":"travel"}],"mentions":[{"start":33,"end":48,"username":"BottleRockNapa"}]},"text":"BottleRock Napa Valley #roadtrip @BottleRockNapa https://t.co/CRN7PHk2Jc #travel","source":"Revive Social App","public_metrics":{"retweet_count":0,"reply_count":0,"like_count":2,"quote_count":0},"created_at":"2021-03-14T19:33:15.000Z","author_id":"488798406","reply_settings":"everyone"},{"id":"1370977938498224130","lang":"en","in_reply_to_user_id":"1485946812","text":"@silksonic at @BottleRockNapa thoughts?????","source":"Twitter for iPhone","public_metrics":{"retweet_count":0,"reply_count":0,"like_count":0,"quote_count":0},"entities":{"mentions":[{"start":0,"end":10,"username":"silksonic"},{"start":14,"end":29,"username":"BottleRockNapa"}]},"created_at":"2021-03-14T05:59:46.000Z","author_id":"562596728","reply_settings":"everyone"},{"id":"1370947705929932801","lang":"en","in_reply_to_user_id":"1007391884","entities":{"urls":[{"start":210,"end":233,"url":"https://t.co/JAQ9zg1bLE","expanded_url":"https://www.instagram.com/p/CMYosdZMPdx/?igshid=1xiucz7ba43du","display_url":"instagram.com/p/CMYosdZMPdx/…"}],"hashtags":[{"start":162,"end":172,"tag":"goodvibes"},{"start":173,"end":181,"tag":"healing"},{"start":182,"end":188,"tag":"peace"},{"start":189,"end":194,"tag":"love"},{"start":195,"end":201,"tag":"unity"},{"start":202,"end":209,"tag":"family"}],"mentions":[{"start":0,"end":15,"username":"BottleRockNapa"},{"start":26,"end":36,"username":"SnoopDogg"}]},"text":"@bottlerocknapa throwback @snoopdogg #like#follow#mjp#musicjunkiepress#bands#cool#awesome#amazing#rocker#rocknroll#snoopdogg#bands#cool#awesome#amazing#rocknroll #goodvibes #healing #peace #love #unity #family https://t.co/JAQ9zg1bLE","source":"Instagram","public_metrics":{"retweet_count":0,"reply_count":0,"like_count":1,"quote_count":0},"created_at":"2021-03-14T03:59:38.000Z","author_id":"27266937","reply_settings":"everyone"}],"meta":{"oldest_id":"1370947705929932801","newest_id":"1376040566668943365","result_count":100,"next_token":"7140dibdnow9c7btw3w3xupy30eacqrajtf8bb0h2y4a9"}}