{"data":[{"text":"to continue off my own tweet... I was supposed to see her for the first time this year at @BottleRockNapa because I won vip tickets... and it got cancelled because of covid. I can only hope to one day see plastic hearts live vip with @MileyCyrus on the stage in front of me ❤️","public_metrics":{"retweet_count":0,"reply_count":0,"like_count":1,"quote_count":0},"entities":{"mentions":[{"start":90,"end":105,"username":"BottleRockNapa"},{"start":234,"end":245,"username":"MileyCyrus"}]},"source":"Twitter for iPhone","created_at":"2020-11-30T03:53:51.000Z","author_id":"355964511","lang":"en","id":"1333257911548579842","in_reply_to_user_id":"355964511","reply_settings":"everyone"},{"text":"@BottleRockNapa Wake Up! Why We Need a Recount.  Did Covid Prevent the Vote? To continue a 5 decade legacy of inept gvt.-Vote NO!","public_metrics":{"retweet_count":0,"reply_count":0,"like_count":0,"quote_count":0},"entities":{"mentions":[{"start":0,"end":15,"username":"BottleRockNapa"}]},"source":"Twitter Web App","created_at":"2020-11-28T08:09:35.000Z","author_id":"87798720","lang":"en","id":"1332597492416872449","in_reply_to_user_id":"1007391884","reply_settings":"everyone"},{"text":"This black Friday I'm supporting my favorite music festivals and musicians by purchasing fangirl amounts of merchandise to add to all that I already proudly own\uD83D\uDE05\n\nI'm thankful for @sfoutsidelands @BottleRockNapa @coachella @DermotKennedy @florencemachine @dcfc @headandtheheart","public_metrics":{"retweet_count":0,"reply_count":0,"like_count":1,"quote_count":0},"entities":{"mentions":[{"start":180,"end":195,"username":"sfoutsidelands"},{"start":196,"end":211,"username":"BottleRockNapa"},{"start":212,"end":222,"username":"coachella"},{"start":223,"end":237,"username":"DermotKennedy"},{"start":238,"end":254,"username":"florencemachine"},{"start":255,"end":260,"username":"dcfc"},{"start":261,"end":277,"username":"headandtheheart"}]},"source":"Twitter Web App","created_at":"2020-11-27T18:50:26.000Z","author_id":"1304617574018113542","lang":"en","id":"1332396378723553281","reply_settings":"everyone"},{"text":"@SolarEnergyNews @BottleRockNapa Hi guys, I would recommend a great Solar Lights seller on Amazon which I bought from and used for years, really got great fun and charming lighting atmosphere around house.\n \nHere is the beautiful Solar landscape lighting I like so much : https://t.co/4lFBnwX8VB https://t.co/yQsMcacnBR","public_metrics":{"retweet_count":0,"reply_count":0,"like_count":0,"quote_count":0},"entities":{"mentions":[{"start":0,"end":16,"username":"SolarEnergyNews"},{"start":17,"end":32,"username":"BottleRockNapa"}],"urls":[{"start":272,"end":295,"url":"https://t.co/4lFBnwX8VB","expanded_url":"https://www.amazon.com/Sogrand-Solar-Powered-Hanging-Pathway/dp/B01D98YN7A/ref=sr_1_2?dchild=1&keywords=solar+landscape+lighting&m=A39PH15OSSYYUG&qid=1598234205&s=merchant-items&sr=1-2","display_url":"amazon.com/Sogrand-Solar-…"},{"start":296,"end":319,"url":"https://t.co/yQsMcacnBR","expanded_url":"https://twitter.com/RRoy2021/status/1332237403642228737/photo/1","display_url":"pic.twitter.com/yQsMcacnBR"}],"annotations":[{"start":91,"end":96,"probability":0.6537,"type":"Organization","normalized_text":"Amazon"}]},"source":"Twitter Web App","created_at":"2020-11-27T08:18:43.000Z","author_id":"1251101653173850112","lang":"en","id":"1332237403642228737","in_reply_to_user_id":"20832496","reply_settings":"everyone"},{"text":"@DynamicWebPaige Still holding on to tickets for both @BottleRockNapa and @sfoutsidelands \n\nNot sure yet who the lineup will end up being but at this point I don’t care...\n\nSafety First and music festivals are among the least important things we need back right now but definitely missed.","public_metrics":{"retweet_count":0,"reply_count":0,"like_count":1,"quote_count":0},"entities":{"mentions":[{"start":0,"end":16,"username":"DynamicWebPaige"},{"start":54,"end":69,"username":"BottleRockNapa"},{"start":74,"end":89,"username":"sfoutsidelands"}]},"source":"Twitter for iPhone","created_at":"2020-11-26T19:32:46.000Z","author_id":"48309000","lang":"en","id":"1332044647875547136","in_reply_to_user_id":"18104734","reply_settings":"everyone"},{"text":"@NapaRegister @BottleRockNapa @NapaShelter @dianeldillon @BeliatheSupe @BottleRockNapa @NAParksandRec https://t.co/bYnanfav99","public_metrics":{"retweet_count":0,"reply_count":0,"like_count":0,"quote_count":0},"entities":{"mentions":[{"start":0,"end":13,"username":"NapaRegister"},{"start":14,"end":29,"username":"BottleRockNapa"},{"start":30,"end":42,"username":"NapaShelter"},{"start":43,"end":56,"username":"dianeldillon"},{"start":57,"end":70,"username":"BeliatheSupe"},{"start":71,"end":86,"username":"BottleRockNapa"},{"start":87,"end":101,"username":"NAParksandRec"}],"urls":[{"start":102,"end":125,"url":"https://t.co/bYnanfav99","expanded_url":"https://twitter.com/zwy8059/status/1331880563016298499","display_url":"twitter.com/zwy8059/status…"}]},"source":"Twitter Web App","created_at":"2020-11-26T08:42:41.000Z","author_id":"2506115022","lang":"und","id":"1331881045357019139","in_reply_to_user_id":"20558644","reply_settings":"everyone"},{"text":"@BottleRockNapa @kiwi_loves_you_ Well that would have been great to know a few days ago. Already asked for a refund and at this point won’t be purchasing tickets in the future . This should have been addressed in the original statement/email.","public_metrics":{"retweet_count":0,"reply_count":1,"like_count":0,"quote_count":0},"entities":{"mentions":[{"start":0,"end":15,"username":"BottleRockNapa"},{"start":16,"end":32,"username":"kiwi_loves_you_"}]},"source":"Twitter for iPhone","created_at":"2020-11-25T23:15:00.000Z","author_id":"51234310","lang":"en","id":"1331738184271552515","in_reply_to_user_id":"1007391884","reply_settings":"everyone"},{"text":"@hannahbrad @metalachi @BottleRockNapa Right before @OneRepublic","public_metrics":{"retweet_count":0,"reply_count":0,"like_count":1,"quote_count":0},"entities":{"mentions":[{"start":0,"end":11,"username":"hannahbrad"},{"start":12,"end":22,"username":"metalachi"},{"start":23,"end":38,"username":"BottleRockNapa"},{"start":52,"end":64,"username":"OneRepublic"}]},"source":"Twitter for Android","created_at":"2020-11-25T22:26:43.000Z","author_id":"495166651","lang":"en","id":"1331726033326796800","in_reply_to_user_id":"25630667","reply_settings":"everyone"},{"text":"@ajmoyal @metalachi @BottleRockNapa AHHHHHH \uD83E\uDD70\uD83E\uDD70\uD83E\uDD70\uD83E\uDD70","public_metrics":{"retweet_count":0,"reply_count":1,"like_count":1,"quote_count":0},"entities":{"mentions":[{"start":0,"end":8,"username":"ajmoyal"},{"start":9,"end":19,"username":"metalachi"},{"start":20,"end":35,"username":"BottleRockNapa"}]},"source":"Twitter for iPhone","created_at":"2020-11-25T16:59:36.000Z","author_id":"25630667","lang":"und","id":"1331643710581338112","in_reply_to_user_id":"495166651","reply_settings":"everyone"},{"text":"@hannahbrad @metalachi It was @BottleRockNapa and we got engaged ❤ https://t.co/rPzs9Z3LZH","public_metrics":{"retweet_count":0,"reply_count":1,"like_count":2,"quote_count":0},"entities":{"mentions":[{"start":0,"end":11,"username":"hannahbrad"},{"start":12,"end":22,"username":"metalachi"},{"start":30,"end":45,"username":"BottleRockNapa"}],"urls":[{"start":67,"end":90,"url":"https://t.co/rPzs9Z3LZH","expanded_url":"https://twitter.com/ajmoyal/status/1331642380806627329/photo/1","display_url":"pic.twitter.com/rPzs9Z3LZH"}]},"source":"Twitter for Android","created_at":"2020-11-25T16:54:18.000Z","author_id":"495166651","lang":"en","id":"1331642380806627329","in_reply_to_user_id":"25630667","reply_settings":"everyone"},{"entities":{"hashtags":[{"start":147,"end":163,"tag":"wewillrockagain"},{"start":164,"end":174,"tag":"livemusic"},{"start":175,"end":189,"tag":"WearADamnMask"}],"mentions":[{"start":44,"end":56,"username":"foofighters"},{"start":122,"end":137,"username":"BottleRockNapa"}],"annotations":[{"start":0,"end":2,"probability":0.765,"type":"Other","normalized_text":"God"},{"start":65,"end":79,"probability":0.8579,"type":"Place","normalized_text":"Wembley Stadium"}]},"text":"God damn it I miss live music. Watching the @foofighters show at Wembley Stadium from 2008 trying to relive their show at @BottleRockNapa in 2017. #wewillrockagain #livemusic #WearADamnMask","public_metrics":{"retweet_count":0,"reply_count":0,"like_count":1,"quote_count":0},"source":"Twitter for iPhone","created_at":"2020-11-25T03:15:05.000Z","author_id":"148782602","lang":"en","id":"1331436218064650240","reply_settings":"everyone"},{"text":".@BottleRockNapa be like, click here to request a refund. And the link, doesn't even work. What a joke. https://t.co/npj1TQdVB1","public_metrics":{"retweet_count":0,"reply_count":1,"like_count":0,"quote_count":0},"entities":{"mentions":[{"start":1,"end":16,"username":"BottleRockNapa"}],"urls":[{"start":104,"end":127,"url":"https://t.co/npj1TQdVB1","expanded_url":"https://twitter.com/jenzfc/status/1330946666355036160/photo/1","display_url":"pic.twitter.com/npj1TQdVB1"}]},"source":"Twitter Web App","created_at":"2020-11-23T18:49:47.000Z","author_id":"20523684","lang":"en","id":"1330946666355036160","reply_settings":"everyone"},{"text":"It is uncertain if this year’s headliners — @ChiliPeppers, @davematthewsbnd and @StevieNicks — will be on the bill for the new dates. A spokesperson for @BottleRockNapa said the updated festival lineup will be announced early next year. \n\nvia @MusicSF https://t.co/bDHpnaZ6bb","public_metrics":{"retweet_count":0,"reply_count":0,"like_count":0,"quote_count":0},"entities":{"mentions":[{"start":44,"end":57,"username":"ChiliPeppers"},{"start":59,"end":75,"username":"davematthewsbnd"},{"start":80,"end":92,"username":"StevieNicks"},{"start":153,"end":168,"username":"BottleRockNapa"},{"start":243,"end":251,"username":"MusicSF"}],"urls":[{"start":252,"end":275,"url":"https://t.co/bDHpnaZ6bb","expanded_url":"https://trib.al/2HiVtR8","display_url":"trib.al/2HiVtR8"}]},"source":"SocialFlow","created_at":"2020-11-23T18:37:33.000Z","author_id":"369722197","lang":"en","id":"1330943585785688064","reply_settings":"everyone"},{"text":".@BottleRockNapa was originally scheduled for May 22-24 at the Napa Valley Expo but postponed until Oct. 2-4, before the promoters pushed it out to May 28-30, 2021. Will this new date stick? \uD83E\uDD18 \uD83C\uDF77\n\nRead more here: \nvia @MusicSF https://t.co/KpgFt3s0HD","public_metrics":{"retweet_count":0,"reply_count":0,"like_count":2,"quote_count":0},"entities":{"mentions":[{"start":1,"end":16,"username":"BottleRockNapa"},{"start":217,"end":225,"username":"MusicSF"}],"urls":[{"start":226,"end":249,"url":"https://t.co/KpgFt3s0HD","expanded_url":"https://trib.al/pJQ74Zz","display_url":"trib.al/pJQ74Zz"}],"annotations":[{"start":63,"end":78,"probability":0.8294,"type":"Place","normalized_text":"Napa Valley Expo"}]},"source":"SocialFlow","created_at":"2020-11-21T23:32:50.000Z","author_id":"369722197","lang":"en","id":"1330293123180883973","reply_settings":"everyone"},{"entities":{"hashtags":[{"start":23,"end":32,"tag":"roadtrip"},{"start":73,"end":80,"tag":"travel"}],"mentions":[{"start":33,"end":48,"username":"BottleRockNapa"}],"urls":[{"start":49,"end":72,"url":"https://t.co/CRN7PHk2Jc","expanded_url":"https://lizzielau.com/bottlerock-napa-valley-roadtrip/?utm_source=ReviveOldPost&utm_medium=social&utm_campaign=ReviveOldPost","display_url":"lizzielau.com/bottlerock-nap…"}]},"text":"BottleRock Napa Valley #roadtrip @BottleRockNapa https://t.co/CRN7PHk2Jc #travel","public_metrics":{"retweet_count":0,"reply_count":0,"like_count":0,"quote_count":0},"source":"Revive Social App","created_at":"2020-11-21T12:33:49.000Z","author_id":"488798406","lang":"tl","id":"1330127275594043401","reply_settings":"everyone"},{"text":"It is uncertain if this year’s headliners — @ChiliPeppers, @davematthewsbnd and @StevieNicks — will be on the bill for the new dates. A spokesperson for @BottleRockNapa said the updated festival lineup will be announced early next year. \n\nvia @MusicSF https://t.co/O8bpWuvWLc","public_metrics":{"retweet_count":0,"reply_count":0,"like_count":0,"quote_count":0},"entities":{"mentions":[{"start":44,"end":57,"username":"ChiliPeppers"},{"start":59,"end":75,"username":"davematthewsbnd"},{"start":80,"end":92,"username":"StevieNicks"},{"start":153,"end":168,"username":"BottleRockNapa"},{"start":243,"end":251,"username":"MusicSF"}],"urls":[{"start":252,"end":275,"url":"https://t.co/O8bpWuvWLc","expanded_url":"https://trib.al/0WSL0Pk","display_url":"trib.al/0WSL0Pk"}]},"source":"SocialFlow","created_at":"2020-11-20T21:34:59.000Z","author_id":"369722197","lang":"en","id":"1329901075965554689","reply_settings":"everyone"},{"text":"@kiwi_loves_you_ @BottleRockNapa @futurenostalgik just get your refund when you get the chance you can buy tickets again if/when the lineup is announced. otherwise they could be holding on to your money for a while...","public_metrics":{"retweet_count":0,"reply_count":0,"like_count":0,"quote_count":0},"entities":{"mentions":[{"start":0,"end":16,"username":"kiwi_loves_you_"},{"start":17,"end":32,"username":"BottleRockNapa"}]},"source":"Twitter Web App","created_at":"2020-11-20T07:17:30.000Z","author_id":"153978014","lang":"en","id":"1329685281075724288","in_reply_to_user_id":"1427066258","reply_settings":"everyone"},{"text":"@SFC_Datebook @BottleRockNapa @MusicSF Good times, like the old Cal Jam 78!","public_metrics":{"retweet_count":0,"reply_count":0,"like_count":0,"quote_count":0},"entities":{"mentions":[{"start":0,"end":13,"username":"SFC_Datebook"},{"start":14,"end":29,"username":"BottleRockNapa"},{"start":30,"end":38,"username":"MusicSF"}]},"source":"Twitter Web App","created_at":"2020-11-20T03:35:14.000Z","author_id":"776503480144031744","lang":"en","id":"1329629348425510917","in_reply_to_user_id":"369722197","reply_settings":"everyone"},{"text":"ICYMI: @BottleRockNapa once again moved the date for the three-day outdoor concert from Memorial Day weekend to Labor Day weekend for 2021. \uD83C\uDFB8\uD83D\uDCC5\n\nRead more here: \nvia @MusicSF https://t.co/2j7n9aY1Hq","public_metrics":{"retweet_count":0,"reply_count":1,"like_count":1,"quote_count":0},"entities":{"mentions":[{"start":7,"end":22,"username":"BottleRockNapa"},{"start":165,"end":173,"username":"MusicSF"}],"urls":[{"start":174,"end":197,"url":"https://t.co/2j7n9aY1Hq","expanded_url":"https://trib.al/EG2co7E","display_url":"trib.al/EG2co7E"}],"annotations":[{"start":88,"end":99,"probability":0.8219,"type":"Other","normalized_text":"Memorial Day"},{"start":112,"end":120,"probability":0.5217,"type":"Other","normalized_text":"Labor Day"}]},"source":"SocialFlow","created_at":"2020-11-20T03:33:12.000Z","author_id":"369722197","lang":"en","id":"1329628836657389571","reply_settings":"everyone"},{"entities":{"hashtags":[{"start":117,"end":126,"tag":"StaySafe"}],"mentions":[{"start":19,"end":31,"username":"citizencope"},{"start":82,"end":97,"username":"BottleRockNapa"}],"urls":[{"start":127,"end":150,"url":"https://t.co/gdDZrD0D4C","expanded_url":"https://twitter.com/madcaps/status/1329543404016033793/photo/1","display_url":"pic.twitter.com/gdDZrD0D4C"},{"start":127,"end":150,"url":"https://t.co/gdDZrD0D4C","expanded_url":"https://twitter.com/madcaps/status/1329543404016033793/photo/1","display_url":"pic.twitter.com/gdDZrD0D4C"},{"start":127,"end":150,"url":"https://t.co/gdDZrD0D4C","expanded_url":"https://twitter.com/madcaps/status/1329543404016033793/photo/1","display_url":"pic.twitter.com/gdDZrD0D4C"},{"start":127,"end":150,"url":"https://t.co/gdDZrD0D4C","expanded_url":"https://twitter.com/madcaps/status/1329543404016033793/photo/1","display_url":"pic.twitter.com/gdDZrD0D4C"}],"annotations":[{"start":98,"end":111,"probability":0.616,"type":"Organization","normalized_text":"Clarence & Co."}]},"text":"Decompressing with @citizencope and missing you boys. Loved getting to see you at @BottleRockNapa Clarence &amp; Co. #StaySafe https://t.co/gdDZrD0D4C","public_metrics":{"retweet_count":0,"reply_count":0,"like_count":0,"quote_count":0},"source":"Twitter for Android","created_at":"2020-11-19T21:53:43.000Z","author_id":"90767699","lang":"en","id":"1329543404016033793","reply_settings":"everyone"},{"entities":{"hashtags":[{"start":66,"end":73,"tag":"repost"},{"start":190,"end":201,"tag":"covidsucks"},{"start":202,"end":217,"tag":"livemusicrocks"}],"mentions":[{"start":102,"end":117,"username":"BottleRockNapa"},{"start":140,"end":144,"username":"the"}],"urls":[{"start":220,"end":243,"url":"https://t.co/PE8Bm0gfu7","expanded_url":"https://twitter.com/DrumChannel/status/1329422490360287232/video/1","display_url":"pic.twitter.com/PE8Bm0gfu7"}]},"text":"Check out kick-ass 16-year old Drum Channel fan @kai_drums_415! \uD83D\uDCA5 #repost • @kai_drums_415 Gonna miss @bottlerocknapa festival in 2020 with @the.alive —Looking forward to playing in 2021 \uD83D\uDCA5\uD83D\uDE80\uD83D\uDCA5#covidsucks #livemusicrocks \uD83E\uDD1F https://t.co/PE8Bm0gfu7","public_metrics":{"retweet_count":3,"reply_count":0,"like_count":26,"quote_count":1},"source":"Buffer","created_at":"2020-11-19T13:53:15.000Z","author_id":"16148277","lang":"en","id":"1329422490360287232","reply_settings":"everyone"},{"text":"@BottleRockNapa  your refund link on your website aren’t working","public_metrics":{"retweet_count":0,"reply_count":0,"like_count":0,"quote_count":0},"entities":{"mentions":[{"start":0,"end":15,"username":"BottleRockNapa"}]},"source":"Twitter for iPhone","created_at":"2020-11-19T02:45:39.000Z","author_id":"51234310","lang":"en","id":"1329254480261496834","in_reply_to_user_id":"1007391884","reply_settings":"everyone"},{"text":"@1NamedLeemur @CLakotich86 @BottleRockNapa @ChiliPeppers We couldn’t risk the @ChiliPeppers not being there so i canceled for a refund! sorry! @TheGreatWax https://t.co/jBMh5LlpAn","public_metrics":{"retweet_count":0,"reply_count":0,"like_count":0,"quote_count":0},"entities":{"mentions":[{"start":0,"end":13,"username":"1NamedLeemur"},{"start":14,"end":26,"username":"CLakotich86"},{"start":27,"end":42,"username":"BottleRockNapa"},{"start":43,"end":56,"username":"ChiliPeppers"},{"start":78,"end":91,"username":"ChiliPeppers"},{"start":143,"end":155,"username":"TheGreatWax"}],"urls":[{"start":156,"end":179,"url":"https://t.co/jBMh5LlpAn","expanded_url":"https://twitter.com/t0r14/status/1329139078705549312/photo/1","display_url":"pic.twitter.com/jBMh5LlpAn"}]},"source":"Twitter for iPhone","created_at":"2020-11-18T19:07:05.000Z","geo":{"place_id":"a75bc1fb166cd594"},"author_id":"39944028","lang":"en","id":"1329139078705549312","in_reply_to_user_id":"39944028","reply_settings":"everyone"},{"text":"@1NamedLeemur @CLakotich86 @BottleRockNapa @ChiliPeppers Same here!","public_metrics":{"retweet_count":0,"reply_count":1,"like_count":0,"quote_count":0},"entities":{"mentions":[{"start":0,"end":13,"username":"1NamedLeemur"},{"start":14,"end":26,"username":"CLakotich86"},{"start":27,"end":42,"username":"BottleRockNapa"},{"start":43,"end":56,"username":"ChiliPeppers"}]},"source":"Twitter for iPhone","created_at":"2020-11-18T18:42:37.000Z","geo":{"place_id":"a75bc1fb166cd594"},"author_id":"39944028","lang":"en","id":"1329132921282727937","in_reply_to_user_id":"128361543","reply_settings":"everyone"},{"text":"@CLakotich86 @BottleRockNapa @1NamedLeemur @ChiliPeppers SAME","public_metrics":{"retweet_count":0,"reply_count":0,"like_count":0,"quote_count":0},"entities":{"mentions":[{"start":0,"end":12,"username":"CLakotich86"},{"start":13,"end":28,"username":"BottleRockNapa"},{"start":29,"end":42,"username":"1NamedLeemur"},{"start":43,"end":56,"username":"ChiliPeppers"}]},"source":"Twitter for iPhone","created_at":"2020-11-18T18:42:24.000Z","geo":{"place_id":"a75bc1fb166cd594"},"author_id":"39944028","lang":"en","id":"1329132866760892417","in_reply_to_user_id":"1327369910046007297","reply_settings":"everyone"},{"text":".@BottleRockNapa was originally scheduled for May 22-24 at the Napa Valley Expo but postponed until Oct. 2-4, before the promoters pushed it out to May 28-30, 2021. Will this new date stick? \uD83E\uDD18 \uD83C\uDF77\n\nRead more here: \nvia @MusicSF https://t.co/BAh1jtBuGK","public_metrics":{"retweet_count":0,"reply_count":0,"like_count":1,"quote_count":0},"entities":{"mentions":[{"start":1,"end":16,"username":"BottleRockNapa"},{"start":217,"end":225,"username":"MusicSF"}],"urls":[{"start":226,"end":249,"url":"https://t.co/BAh1jtBuGK","expanded_url":"https://trib.al/ePjkonN","display_url":"trib.al/ePjkonN"}],"annotations":[{"start":63,"end":78,"probability":0.8294,"type":"Place","normalized_text":"Napa Valley Expo"}]},"source":"SocialFlow","created_at":"2020-11-18T16:33:20.000Z","author_id":"369722197","lang":"en","id":"1329100387450806274","reply_settings":"everyone"},{"text":"@BottleRockNapa @futurenostalgik that’s total BS. you guys should really accommodate refunds AFTER announcing the lineup since tickets are not cheap at all. There’s tons of people upset about this","public_metrics":{"retweet_count":0,"reply_count":2,"like_count":0,"quote_count":0},"entities":{"mentions":[{"start":0,"end":15,"username":"BottleRockNapa"}]},"source":"Twitter for iPhone","created_at":"2020-11-18T16:18:29.000Z","author_id":"1427066258","lang":"en","id":"1329096650858455041","in_reply_to_user_id":"1007391884","reply_settings":"everyone"},{"text":"@CLakotich86 @BottleRockNapa @1NamedLeemur @ChiliPeppers same here. I’m pretty upset. They never said they were going to change the lineup and STILL won’t say so","public_metrics":{"retweet_count":0,"reply_count":1,"like_count":0,"quote_count":0},"entities":{"mentions":[{"start":0,"end":12,"username":"CLakotich86"},{"start":13,"end":28,"username":"BottleRockNapa"},{"start":29,"end":42,"username":"1NamedLeemur"},{"start":43,"end":56,"username":"ChiliPeppers"}]},"source":"Twitter for iPhone","created_at":"2020-11-18T16:16:36.000Z","author_id":"1427066258","lang":"en","id":"1329096177275453454","in_reply_to_user_id":"1327369910046007297","reply_settings":"everyone"},{"text":"@SolarEnergyNews @BottleRockNapa Hi guys, I would recommend a great Solar Lights seller on Amazon which I bought from and used for years, really got great fun and charming lighting atmosphere around house.\n \nHere is the beautiful Solar garden lights I like so much : https://t.co/Joai3N8GFu https://t.co/l28hMk22WQ","public_metrics":{"retweet_count":0,"reply_count":0,"like_count":0,"quote_count":0},"entities":{"mentions":[{"start":0,"end":16,"username":"SolarEnergyNews"},{"start":17,"end":32,"username":"BottleRockNapa"}],"urls":[{"start":267,"end":290,"url":"https://t.co/Joai3N8GFu","expanded_url":"https://www.amazon.com/Sogrand-Decorative-Decorations-Stainless-Landscape/dp/B07PGL39CZ/ref=sr_1_2?dchild=1&keywords=solar+garden+lights&m=A39PH15OSSYYUG&qid=1598234315&s=merchant-items&sr=1-2","display_url":"amazon.com/Sogrand-Decora…"},{"start":291,"end":314,"url":"https://t.co/l28hMk22WQ","expanded_url":"https://twitter.com/pari56276/status/1328954200785555458/photo/1","display_url":"pic.twitter.com/l28hMk22WQ"}],"annotations":[{"start":91,"end":96,"probability":0.6758,"type":"Organization","normalized_text":"Amazon"}]},"source":"Twitter Web App","created_at":"2020-11-18T06:52:26.000Z","author_id":"1223134010500513792","lang":"en","id":"1328954200785555458","in_reply_to_user_id":"20832496","reply_settings":"everyone"},{"text":"@StephenLangsam @BottleRockNapa @JaMCellars When can vendors apply ?","public_metrics":{"retweet_count":0,"reply_count":0,"like_count":0,"quote_count":0},"entities":{"mentions":[{"start":0,"end":15,"username":"StephenLangsam"},{"start":16,"end":31,"username":"BottleRockNapa"},{"start":32,"end":43,"username":"JaMCellars"}]},"source":"Twitter for Android","created_at":"2020-11-18T06:42:40.000Z","author_id":"1923397676","lang":"en","id":"1328951742558572546","in_reply_to_user_id":"38877346","reply_settings":"everyone"},{"text":"Aloha! Several California lawmakers emerge as apparent attendees of Maui excursion . Before or after French Laundry Dinner ? ⁦@BottleRockNapa⁩  ⁦@GavinNewsom⁩ ⁦@HawaiiNewsNow⁩ ⁦@ChanZuckerberg⁩ ⁦@UCSFBenioffOAK⁩  https://t.co/832aQvfap7","public_metrics":{"retweet_count":0,"reply_count":0,"like_count":0,"quote_count":0},"entities":{"mentions":[{"start":126,"end":141,"username":"BottleRockNapa"},{"start":145,"end":157,"username":"GavinNewsom"},{"start":160,"end":174,"username":"HawaiiNewsNow"},{"start":177,"end":192,"username":"ChanZuckerberg"},{"start":195,"end":210,"username":"UCSFBenioffOAK"}],"urls":[{"start":213,"end":236,"url":"https://t.co/832aQvfap7","expanded_url":"https://www.politico.com/states/california/story/2020/11/17/aloha-several-california-lawmakers-emerge-as-apparent-attendees-of-maui-excursion-1336713","display_url":"politico.com/states/califor…"}],"annotations":[{"start":15,"end":24,"probability":0.9214,"type":"Place","normalized_text":"California"},{"start":68,"end":71,"probability":0.7843,"type":"Place","normalized_text":"Maui"}]},"source":"Twitter for iPhone","created_at":"2020-11-18T03:21:31.000Z","author_id":"15496494","lang":"en","id":"1328901119716642818","reply_settings":"everyone"},{"text":"@TheFestiveOwl @BottleRockNapa https://t.co/3Bfn5yWnEQ","public_metrics":{"retweet_count":0,"reply_count":0,"like_count":0,"quote_count":0},"entities":{"mentions":[{"start":0,"end":14,"username":"TheFestiveOwl"},{"start":15,"end":30,"username":"BottleRockNapa"}],"urls":[{"start":31,"end":54,"url":"https://t.co/3Bfn5yWnEQ","expanded_url":"https://twitter.com/stevej67_/status/1328861634861826050/photo/1","display_url":"pic.twitter.com/3Bfn5yWnEQ"}]},"source":"Twitter for iPhone","created_at":"2020-11-18T00:44:37.000Z","author_id":"529561581","lang":"und","id":"1328861634861826050","in_reply_to_user_id":"1167293778","reply_settings":"everyone"},{"text":"@BottleRockNapa Can I get a free ticket for being cute @BottleRockNapa \uD83E\uDD30\uD83C\uDFFB","public_metrics":{"retweet_count":1,"reply_count":0,"like_count":1,"quote_count":0},"entities":{"mentions":[{"start":0,"end":15,"username":"BottleRockNapa"},{"start":55,"end":70,"username":"BottleRockNapa"}]},"source":"Twitter for iPhone","created_at":"2020-11-18T00:38:48.000Z","author_id":"1170186821248024577","lang":"en","id":"1328860170101739521","in_reply_to_user_id":"1007391884","reply_settings":"everyone"},{"text":"@melissawithonel @jackson_blum @TheFestiveOwl @BottleRockNapa If it gets wide distribution by June I'll put up with the hassle of providing my shot record to promoters. Probably safer than a fest without requiring everyone get a flu shot.","public_metrics":{"retweet_count":0,"reply_count":0,"like_count":0,"quote_count":0},"entities":{"mentions":[{"start":0,"end":16,"username":"melissawithonel"},{"start":17,"end":30,"username":"jackson_blum"},{"start":31,"end":45,"username":"TheFestiveOwl"},{"start":46,"end":61,"username":"BottleRockNapa"}]},"source":"Twitter Web App","created_at":"2020-11-17T21:40:09.000Z","author_id":"153978014","lang":"en","id":"1328815212141559810","in_reply_to_user_id":"727676640","reply_settings":"everyone"},{"text":"@BottleRockNapa @1NamedLeemur @ChiliPeppers All good, thanks for the quick response \uD83D\uDC4A","public_metrics":{"retweet_count":0,"reply_count":0,"like_count":1,"quote_count":0},"entities":{"mentions":[{"start":0,"end":15,"username":"BottleRockNapa"},{"start":16,"end":29,"username":"1NamedLeemur"},{"start":30,"end":43,"username":"ChiliPeppers"}]},"source":"Twitter for Android","created_at":"2020-11-17T21:16:02.000Z","author_id":"1327369910046007297","lang":"en","id":"1328809143373852673","in_reply_to_user_id":"1007391884","reply_settings":"everyone"},{"text":"@BottleRockNapa Dammit! Dont you guys know that’s  fantasy football draft weekend!?","public_metrics":{"retweet_count":0,"reply_count":0,"like_count":1,"quote_count":0},"entities":{"mentions":[{"start":0,"end":15,"username":"BottleRockNapa"}]},"source":"Twitter for iPhone","created_at":"2020-11-17T21:10:48.000Z","author_id":"606111138","lang":"en","id":"1328807825942872064","in_reply_to_user_id":"1007391884","reply_settings":"everyone"},{"entities":{"hashtags":[{"start":104,"end":115,"tag":"bottlerock"},{"start":116,"end":130,"tag":"sonomaharvest"}],"mentions":[{"start":95,"end":103,"username":"YouTube"},{"start":131,"end":146,"username":"BottleRockNapa"},{"start":147,"end":158,"username":"JaMCellars"},{"start":159,"end":166,"username":"BRCohn"}],"urls":[{"start":67,"end":90,"url":"https://t.co/rblSS2zRiB","expanded_url":"https://youtu.be/g3srRGuoT-M","display_url":"youtu.be/g3srRGuoT-M"}]},"text":"The Nugget King - Peaches and Créme Fraîche (Official Music Video) https://t.co/rblSS2zRiB via @YouTube #bottlerock #sonomaharvest @BottleRockNapa @JaMCellars @BRCohn","public_metrics":{"retweet_count":0,"reply_count":0,"like_count":0,"quote_count":0},"source":"Twitter for iPhone","created_at":"2020-11-17T20:38:53.000Z","author_id":"470912976","lang":"fr","id":"1328799792797863936","reply_settings":"everyone"},{"text":"@BottleRockNapa @1NamedLeemur @ChiliPeppers So no headliner info before the refund window closes then?","public_metrics":{"retweet_count":0,"reply_count":1,"like_count":1,"quote_count":0},"entities":{"mentions":[{"start":0,"end":15,"username":"BottleRockNapa"},{"start":16,"end":29,"username":"1NamedLeemur"},{"start":30,"end":43,"username":"ChiliPeppers"}]},"source":"Twitter for Android","created_at":"2020-11-17T20:33:00.000Z","author_id":"1327369910046007297","lang":"en","id":"1328798312263262208","in_reply_to_user_id":"1007391884","reply_settings":"everyone"},{"text":". @BottleRockNapa has pushed back the dates for their festival to Labor Day Weekend 2021. https://t.co/1AZfWHP3cw","public_metrics":{"retweet_count":0,"reply_count":0,"like_count":2,"quote_count":0},"entities":{"mentions":[{"start":2,"end":17,"username":"BottleRockNapa"}],"urls":[{"start":90,"end":113,"url":"https://t.co/1AZfWHP3cw","expanded_url":"https://twitter.com/BottleRockNapa/status/1328774971146047488","display_url":"twitter.com/BottleRockNapa…"}],"annotations":[{"start":66,"end":82,"probability":0.6645,"type":"Other","normalized_text":"Labor Day Weekend"}]},"source":"Twitter for Android","created_at":"2020-11-17T20:21:18.000Z","author_id":"24073644","lang":"en","id":"1328795369669423105","reply_settings":"everyone"},{"text":". @BottleRockNapa postpones festival to Labor Day wknd 2021. What will that mean for lineup that originally had @davematthewsbnd @StevieNicks @chillipipers @thegreatkhalid @BlondieOfficial @MileyCyrus @AndersonPaak. @LiveNationSF https://t.co/yYECviKPNP","public_metrics":{"retweet_count":0,"reply_count":0,"like_count":3,"quote_count":0},"entities":{"mentions":[{"start":2,"end":17,"username":"BottleRockNapa"},{"start":112,"end":128,"username":"davematthewsbnd"},{"start":129,"end":141,"username":"StevieNicks"},{"start":142,"end":155,"username":"chillipipers"},{"start":156,"end":171,"username":"thegreatkhalid"},{"start":172,"end":188,"username":"BlondieOfficial"},{"start":189,"end":200,"username":"MileyCyrus"},{"start":201,"end":214,"username":"AndersonPaak"},{"start":216,"end":229,"username":"LiveNationSF"}],"urls":[{"start":230,"end":253,"url":"https://t.co/yYECviKPNP","expanded_url":"https://www.mercurynews.com/2020/11/17/bottlerock-reschedules-festival-again-as-napa-coronavirus-cases-spike/","display_url":"mercurynews.com/2020/11/17/bot…"}],"annotations":[{"start":40,"end":48,"probability":0.6139,"type":"Other","normalized_text":"Labor Day"}]},"source":"Twitter Web App","created_at":"2020-11-17T20:19:45.000Z","author_id":"121596221","lang":"en","id":"1328794977065861122","reply_settings":"everyone"},{"text":"@BottleRockNapa Okay great but what will the refund options be if I don’t like the lineup for my specific day","public_metrics":{"retweet_count":0,"reply_count":1,"like_count":0,"quote_count":0},"entities":{"mentions":[{"start":0,"end":15,"username":"BottleRockNapa"}]},"source":"Twitter for iPhone","created_at":"2020-11-17T20:05:30.000Z","author_id":"51234310","lang":"en","id":"1328791392802414592","in_reply_to_user_id":"1007391884","reply_settings":"everyone"},{"text":"@CLakotich86 @BottleRockNapa @ChiliPeppers It’s after the refund period!? Thanks for saying something, im in the same boat as you. I bought a Friday ticket for the Chili Peppers specifically","public_metrics":{"retweet_count":0,"reply_count":2,"like_count":2,"quote_count":0},"entities":{"mentions":[{"start":0,"end":12,"username":"CLakotich86"},{"start":13,"end":28,"username":"BottleRockNapa"},{"start":29,"end":42,"username":"ChiliPeppers"}],"annotations":[{"start":164,"end":176,"probability":0.7925,"type":"Organization","normalized_text":"Chili Peppers"}]},"source":"Twitter for iPhone","created_at":"2020-11-17T19:59:02.000Z","author_id":"128361543","lang":"en","id":"1328789767249559552","in_reply_to_user_id":"1327369910046007297","reply_settings":"everyone"},{"text":"@BottleRockNapa DMB won’t be there anymore. If there are shows that weekend they will be at the Gorge","public_metrics":{"retweet_count":0,"reply_count":0,"like_count":0,"quote_count":0},"entities":{"mentions":[{"start":0,"end":15,"username":"BottleRockNapa"}]},"source":"Twitter for iPhone","created_at":"2020-11-17T19:57:29.000Z","author_id":"127655695","lang":"en","id":"1328789376369795072","in_reply_to_user_id":"1007391884","reply_settings":"everyone"},{"text":"@BottleRockNapa If we have a single day will we be able to switch days if the lineup changes  ie I had Saturday for Stevie Nicks but she moved to Sunday so then I would get a Sunday ticket","public_metrics":{"retweet_count":0,"reply_count":1,"like_count":0,"quote_count":0},"entities":{"mentions":[{"start":0,"end":15,"username":"BottleRockNapa"}],"annotations":[{"start":116,"end":127,"probability":0.9941,"type":"Person","normalized_text":"Stevie Nicks"}]},"source":"Twitter for iPhone","created_at":"2020-11-17T19:55:21.000Z","author_id":"51234310","lang":"en","id":"1328788840648036352","in_reply_to_user_id":"1007391884","reply_settings":"everyone"},{"text":"@BottleRockNapa @1NamedLeemur @ChiliPeppers Your lineup is announcement is after the refund period. I only have a Friday single day ticket to see the Chili Peppers. I would like to know if they are playing friday still or at all","public_metrics":{"retweet_count":0,"reply_count":4,"like_count":4,"quote_count":0},"entities":{"mentions":[{"start":0,"end":15,"username":"BottleRockNapa"},{"start":16,"end":29,"username":"1NamedLeemur"},{"start":30,"end":43,"username":"ChiliPeppers"}],"annotations":[{"start":150,"end":162,"probability":0.8257,"type":"Organization","normalized_text":"Chili Peppers"}]},"source":"Twitter for Android","created_at":"2020-11-17T19:51:03.000Z","author_id":"1327369910046007297","lang":"en","id":"1328787754986188803","in_reply_to_user_id":"1007391884","reply_settings":"everyone"},{"text":"@BottleRockNapa will the lineup be announced before the end of the refund window?","public_metrics":{"retweet_count":0,"reply_count":1,"like_count":1,"quote_count":0},"entities":{"mentions":[{"start":0,"end":15,"username":"BottleRockNapa"}]},"source":"Twitter for iPhone","created_at":"2020-11-17T19:50:24.000Z","author_id":"1021635073987104768","lang":"en","id":"1328787591328501760","in_reply_to_user_id":"1007391884","reply_settings":"everyone"},{"text":"@jackson_blum @TheFestiveOwl @BottleRockNapa Lol I hardly think so. 2022 until we get them back","public_metrics":{"retweet_count":0,"reply_count":1,"like_count":1,"quote_count":0},"entities":{"mentions":[{"start":0,"end":13,"username":"jackson_blum"},{"start":14,"end":28,"username":"TheFestiveOwl"},{"start":29,"end":44,"username":"BottleRockNapa"}]},"source":"Twitter Web App","created_at":"2020-11-17T19:30:30.000Z","author_id":"727676640","lang":"en","id":"1328782586710167552","in_reply_to_user_id":"1009546866734665728","reply_settings":"everyone"},{"text":"After multiple postponements, @BottleRockNapa has announced the 2021 festival will move from Memorial Day weekend to the first weekend in September.\n\nhttps://t.co/7oK9DQ8Dwl","public_metrics":{"retweet_count":0,"reply_count":0,"like_count":1,"quote_count":0},"entities":{"mentions":[{"start":30,"end":45,"username":"BottleRockNapa"}],"urls":[{"start":150,"end":173,"url":"https://t.co/7oK9DQ8Dwl","expanded_url":"https://www.radio.com/kcbsradio/news/local/bottlerock-napa-postpones-2021-festival-from-may-september","display_url":"radio.com/kcbsradio/news…"}],"annotations":[{"start":93,"end":104,"probability":0.6634,"type":"Other","normalized_text":"Memorial Day"}]},"source":"Twitter Web App","created_at":"2020-11-17T19:25:02.000Z","author_id":"16261627","lang":"en","id":"1328781210600890369","reply_settings":"everyone"},{"text":"New dates for @BottleRockNapa 2021 have been announced.\n\nRead a statement from the festival's organizers\n\nhttps://t.co/Bu4SygnrWL","public_metrics":{"retweet_count":0,"reply_count":0,"like_count":3,"quote_count":1},"entities":{"mentions":[{"start":14,"end":29,"username":"BottleRockNapa"}],"urls":[{"start":106,"end":129,"url":"https://t.co/Bu4SygnrWL","expanded_url":"https://www.jambase.com/article/bottlerock-napa-valley-festival-september-2021","display_url":"jambase.com/article/bottle…"}]},"source":"TweetDeck","created_at":"2020-11-17T19:23:22.000Z","author_id":"14156684","lang":"en","id":"1328780788217884675","reply_settings":"everyone"},{"text":".@BottleRockNapa has moved to September 3-5, 2021 (Labor Day weekend) &amp; the full lineup will be announced early next year.\nhttps://t.co/MgDCR1D1Uh","public_metrics":{"retweet_count":1,"reply_count":0,"like_count":1,"quote_count":0},"entities":{"mentions":[{"start":1,"end":16,"username":"BottleRockNapa"}],"urls":[{"start":127,"end":150,"url":"https://t.co/MgDCR1D1Uh","expanded_url":"https://www.radio.com/alt1053/latest/bottlerock-napa-postpones-2021-festival-from-may-september","display_url":"radio.com/alt1053/latest…"}]},"source":"TweetDeck","created_at":"2020-11-17T19:17:09.000Z","author_id":"14056732","lang":"en","id":"1328779223939465216","reply_settings":"everyone"},{"text":"To all my @ChiliPeppers friends...info on @BottleRockNapa here: https://t.co/2FteDlGPwk","public_metrics":{"retweet_count":1,"reply_count":0,"like_count":2,"quote_count":0},"entities":{"mentions":[{"start":10,"end":23,"username":"ChiliPeppers"},{"start":42,"end":57,"username":"BottleRockNapa"}],"urls":[{"start":64,"end":87,"url":"https://t.co/2FteDlGPwk","expanded_url":"https://twitter.com/BottleRockNapa/status/1328774971146047488","display_url":"twitter.com/BottleRockNapa…"}]},"source":"Twitter for iPhone","created_at":"2020-11-17T19:13:16.000Z","author_id":"36680728","lang":"en","id":"1328778248147308546","reply_settings":"everyone"},{"entities":{"hashtags":[{"start":97,"end":108,"tag":"BottleRock"}],"mentions":[{"start":33,"end":48,"username":"BottleRockNapa"}],"urls":[{"start":109,"end":132,"url":"https://t.co/c1vSzVjJc1","expanded_url":"https://twitter.com/California_Golf/status/1328778114361561089/photo/1","display_url":"pic.twitter.com/c1vSzVjJc1"}]},"text":"Wine Country's favorite festival @BottleRockNapa moves to Labor Day weekend, September 3-5, 2021 #BottleRock https://t.co/c1vSzVjJc1","public_metrics":{"retweet_count":0,"reply_count":0,"like_count":0,"quote_count":0},"source":"Twitter Web App","created_at":"2020-11-17T19:12:44.000Z","author_id":"29730809","lang":"en","id":"1328778114361561089","reply_settings":"everyone"},{"text":"November 17, 2020, Napa, CA -- @BottleRockNapa, presented by @JaMCellars has moved to Labor Day weekend, September 3rd to 5th, 2021, at the Napa Valley Expo in downtown Napa. The shift is out of an abundance of caution and in coordination with local and state authorities.","public_metrics":{"retweet_count":0,"reply_count":1,"like_count":2,"quote_count":0},"entities":{"mentions":[{"start":31,"end":46,"username":"BottleRockNapa"},{"start":61,"end":72,"username":"JaMCellars"}],"annotations":[{"start":19,"end":26,"probability":0.5896,"type":"Place","normalized_text":"Napa, CA"},{"start":140,"end":155,"probability":0.8108,"type":"Place","normalized_text":"Napa Valley Expo"}]},"source":"Twitter for iPhone","created_at":"2020-11-17T19:08:05.000Z","author_id":"38877346","lang":"en","id":"1328776943672520704","reply_settings":"everyone"},{"text":"@TheFestiveOwl @BottleRockNapa If this trend continues, Fall 2021 is going to be stacked with festivals.","public_metrics":{"retweet_count":0,"reply_count":1,"like_count":0,"quote_count":0},"entities":{"mentions":[{"start":0,"end":14,"username":"TheFestiveOwl"},{"start":15,"end":30,"username":"BottleRockNapa"}]},"source":"Twitter Web App","created_at":"2020-11-17T19:05:14.000Z","author_id":"1009546866734665728","lang":"en","id":"1328776225792303105","in_reply_to_user_id":"1167293778","reply_settings":"everyone"},{"text":"@TheFestiveOwl @BottleRockNapa Unless your fest is FL","public_metrics":{"retweet_count":0,"reply_count":0,"like_count":1,"quote_count":0},"entities":{"mentions":[{"start":0,"end":14,"username":"TheFestiveOwl"},{"start":15,"end":30,"username":"BottleRockNapa"}],"annotations":[{"start":51,"end":52,"probability":0.8745,"type":"Place","normalized_text":"FL"}]},"source":"Echofon","created_at":"2020-11-17T19:04:14.000Z","author_id":"1275851020493623297","lang":"en","id":"1328775974402596865","in_reply_to_user_id":"1167293778","reply_settings":"everyone"},{"text":"BREAKING: @BottleRockNapa have once again moved the date for the three-day outdoor concert from Memorial Day weekend to Labor Day weekend for 2021. \uD83C\uDFB8\uD83D\uDCC5\n\nRead more here: \nvia @MusicSF \nhttps://t.co/mgeLLr4pfP","public_metrics":{"retweet_count":8,"reply_count":0,"like_count":7,"quote_count":1},"entities":{"mentions":[{"start":10,"end":25,"username":"BottleRockNapa"},{"start":173,"end":181,"username":"MusicSF"}],"urls":[{"start":183,"end":206,"url":"https://t.co/mgeLLr4pfP","expanded_url":"https://trib.al/nMsDs24","display_url":"trib.al/nMsDs24"}],"annotations":[{"start":96,"end":107,"probability":0.8247,"type":"Other","normalized_text":"Memorial Day"},{"start":120,"end":128,"probability":0.5163,"type":"Other","normalized_text":"Labor Day"}]},"source":"SocialFlow","created_at":"2020-11-17T19:03:37.000Z","author_id":"369722197","lang":"en","id":"1328775820475850752","reply_settings":"everyone"},{"text":".@BottleRockNapa will move to September as more festivals continue to look towards Fall 2021. https://t.co/b3lyNqaMwH","public_metrics":{"retweet_count":1,"reply_count":4,"like_count":28,"quote_count":0},"entities":{"mentions":[{"start":1,"end":16,"username":"BottleRockNapa"}],"urls":[{"start":94,"end":117,"url":"https://t.co/b3lyNqaMwH","expanded_url":"https://twitter.com/BottleRockNapa/status/1328774971146047488","display_url":"twitter.com/BottleRockNapa…"}]},"source":"Twitter for iPhone","created_at":"2020-11-17T19:03:21.000Z","author_id":"1167293778","lang":"en","id":"1328775751164862464","reply_settings":"everyone"},{"text":"@BottleRockNapa Please tell me the @ChiliPeppers are still headlining??? \uD83E\uDD7A","public_metrics":{"retweet_count":0,"reply_count":1,"like_count":1,"quote_count":0},"entities":{"mentions":[{"start":0,"end":15,"username":"BottleRockNapa"},{"start":35,"end":48,"username":"ChiliPeppers"}]},"source":"Twitter for iPhone","created_at":"2020-11-17T19:03:03.000Z","author_id":"128361543","lang":"en","id":"1328775678821507072","in_reply_to_user_id":"1007391884","reply_settings":"everyone"},{"text":"@BottleRockNapa \uD83E\uDD1E\uD83C\uDFFC","public_metrics":{"retweet_count":0,"reply_count":0,"like_count":1,"quote_count":0},"entities":{"mentions":[{"start":0,"end":15,"username":"BottleRockNapa"}]},"source":"Twitter for iPhone","created_at":"2020-11-17T19:00:51.000Z","author_id":"36192776","lang":"und","id":"1328775124233850880","in_reply_to_user_id":"1007391884","reply_settings":"everyone"},{"entities":{"hashtags":[{"start":11,"end":24,"tag":"AlmostMonday"}],"mentions":[{"start":26,"end":40,"username":"ALMOSTMONDAYY"},{"start":94,"end":109,"username":"BottleRockNapa"}],"urls":[{"start":117,"end":140,"url":"https://t.co/DLUGMvzeFv","expanded_url":"https://bit.ly/3p4sJ7v","display_url":"bit.ly/3p4sJ7v"}]},"text":"INTERVIEW: #AlmostMonday (@ALMOSTMONDAYY) eager to make up for lost time after the pandemic | @BottleRockNapa ✏️: me https://t.co/DLUGMvzeFv","public_metrics":{"retweet_count":0,"reply_count":0,"like_count":1,"quote_count":0},"source":"TweetDeck","created_at":"2020-11-13T01:30:00.000Z","author_id":"59311659","lang":"en","id":"1327061116359499776","reply_settings":"everyone"},{"entities":{"hashtags":[{"start":11,"end":24,"tag":"AlmostMonday"}],"mentions":[{"start":26,"end":40,"username":"ALMOSTMONDAYY"},{"start":94,"end":109,"username":"BottleRockNapa"},{"start":114,"end":128,"username":"RomiTheWriter"}],"urls":[{"start":129,"end":152,"url":"https://t.co/0jzsJXPhSe","expanded_url":"https://bit.ly/3p4sJ7v","display_url":"bit.ly/3p4sJ7v"}]},"text":"INTERVIEW: #AlmostMonday (@ALMOSTMONDAYY) eager to make up for lost time after the pandemic | @BottleRockNapa ✏️: @RomiTheWriter https://t.co/0jzsJXPhSe","public_metrics":{"retweet_count":0,"reply_count":0,"like_count":0,"quote_count":0},"source":"TweetDeck","created_at":"2020-11-12T21:00:00.000Z","author_id":"723720694559694848","lang":"en","id":"1326993168253018112","reply_settings":"everyone"},{"text":"@SolarEnergyNews @BottleRockNapa Hi guys, I would recommend a great Solar Lights seller on Amazon which I bought from and used for years, really got great fun and charming lighting atmosphere around house.\n \nHere is the beautiful Solar post cap lights I like so much : https://t.co/zKASiIDBzw https://t.co/PKvvrSDfsW","public_metrics":{"retweet_count":0,"reply_count":0,"like_count":0,"quote_count":0},"entities":{"mentions":[{"start":0,"end":16,"username":"SolarEnergyNews"},{"start":17,"end":32,"username":"BottleRockNapa"}],"urls":[{"start":269,"end":292,"url":"https://t.co/zKASiIDBzw","expanded_url":"https://www.amazon.com/Sogrand-Security-Waterproof-Wireless-Lighting/dp/B01GE5IZEW/ref=sr_1_8?dchild=1&keywords=solar+post+cap+lights&m=A39PH15OSSYYUG&qid=1597471661&s=merchant-items&sr=1-8","display_url":"amazon.com/Sogrand-Securi…"},{"start":293,"end":316,"url":"https://t.co/PKvvrSDfsW","expanded_url":"https://twitter.com/RRoy2021/status/1325650891249131520/photo/1","display_url":"pic.twitter.com/PKvvrSDfsW"}],"annotations":[{"start":91,"end":96,"probability":0.6699,"type":"Organization","normalized_text":"Amazon"}]},"source":"Twitter Web App","created_at":"2020-11-09T04:06:16.000Z","author_id":"1251101653173850112","lang":"en","id":"1325650891249131520","in_reply_to_user_id":"20832496","reply_settings":"everyone"},{"entities":{"hashtags":[{"start":30,"end":45,"tag":"edgeofmidnight"}],"mentions":[{"start":97,"end":112,"username":"BottleRockNapa"}],"urls":[{"start":126,"end":149,"url":"https://t.co/ZuT2fi5RBY","expanded_url":"https://open.spotify.com/track/5l0nX3AhmmF717aKSs8qSH?si=2WYQ-hjCQ7uO8qrZYWB0vQ","display_url":"open.spotify.com/track/5l0nX3Ah…"}]},"text":"no thoughts, head empty. just #edgeofmidnight on repeat bc the pandemic robbed us of this iconic @BottleRockNapa performance\n\nhttps://t.co/ZuT2fi5RBY","public_metrics":{"retweet_count":0,"reply_count":0,"like_count":2,"quote_count":0},"source":"Twitter for iPhone","created_at":"2020-11-07T05:45:01.000Z","author_id":"618562345","lang":"en","id":"1324950967054290944","reply_settings":"everyone"},{"text":"@AmyCurtis_HR @HRSocialHour @BottleRockNapa Go VIP. Worth the extra $$$. Check out wineries as well. Worth missing a few shows. People are friendly, make some new friends. Traffic is challenging so fly in early or later to SFO. Check out SF if you haven’t spent much time there.","public_metrics":{"retweet_count":0,"reply_count":0,"like_count":2,"quote_count":0},"entities":{"mentions":[{"start":0,"end":13,"username":"AmyCurtis_HR"},{"start":14,"end":27,"username":"HRSocialHour"},{"start":28,"end":43,"username":"BottleRockNapa"}],"annotations":[{"start":223,"end":225,"probability":0.5622,"type":"Place","normalized_text":"SFO"}]},"source":"Twitter for iPhone","created_at":"2020-11-02T06:49:58.000Z","author_id":"17389472","lang":"en","id":"1323155371805069314","in_reply_to_user_id":"180770618","reply_settings":"everyone"},{"text":"We're really hoping we get to hear songs from this at @BottleRockNapa next year.\nhttps://t.co/TigXnNEE8t","public_metrics":{"retweet_count":0,"reply_count":0,"like_count":2,"quote_count":0},"entities":{"mentions":[{"start":54,"end":69,"username":"BottleRockNapa"}],"urls":[{"start":81,"end":104,"url":"https://t.co/TigXnNEE8t","expanded_url":"https://alt1053.radio.com/articles/radiocom/john-frusciante-writing-new-music-with-red-hot-chili-peppers","display_url":"alt1053.radio.com/articles/radio…"}]},"source":"TweetDeck","created_at":"2020-11-01T19:26:00.000Z","author_id":"14056732","lang":"en","id":"1322983245483372544","reply_settings":"everyone"}],"meta":{"oldest_id":"1322983245483372544","newest_id":"1333257911548579842","result_count":65}}