{"data":[{"author_id":"1311743376249679872","text":"@TEDRadioHour @chillipipers  in @BottleRockNapa back in 2016.   Best road trip &amp; performance so far. ❤️","created_at":"2020-10-30T01:09:26.000Z","entities":{"mentions":[{"start":0,"end":13,"username":"TEDRadioHour"},{"start":14,"end":27,"username":"chillipipers"},{"start":32,"end":47,"username":"BottleRockNapa"}]},"public_metrics":{"retweet_count":0,"reply_count":0,"like_count":0,"quote_count":0},"lang":"en","source":"Twitter for iPhone","reply_settings":"everyone","in_reply_to_user_id":"555198400","id":"1321982512290127872"},{"author_id":"1313474923994574848","text":"@BottleRockNapa https://t.co/hxHM1lWCGX","created_at":"2020-10-25T22:15:52.000Z","entities":{"mentions":[{"start":0,"end":15,"username":"BottleRockNapa"}],"urls":[{"start":16,"end":39,"url":"https://t.co/hxHM1lWCGX","expanded_url":"https://twitter.com/ArmenianBay/status/1320489281383612417/photo/1","display_url":"pic.twitter.com/hxHM1lWCGX"}]},"public_metrics":{"retweet_count":0,"reply_count":0,"like_count":0,"quote_count":0},"lang":"und","source":"Twitter for iPhone","reply_settings":"everyone","in_reply_to_user_id":"1007391884","id":"1320489281383612417"},{"author_id":"747865790","text":"@Anarchistwineco @EatSomethngSexy @HistoryandWine @BottleRockNapa @napavalleytip @steveryan63 @TheWineFoundry cabin in the woods and cabernet","created_at":"2020-10-25T05:28:40.000Z","entities":{"mentions":[{"start":0,"end":16,"username":"Anarchistwineco"},{"start":17,"end":33,"username":"EatSomethngSexy"},{"start":34,"end":49,"username":"HistoryandWine"},{"start":50,"end":65,"username":"BottleRockNapa"},{"start":66,"end":80,"username":"napavalleytip"},{"start":81,"end":93,"username":"steveryan63"},{"start":94,"end":109,"username":"TheWineFoundry"}]},"public_metrics":{"retweet_count":0,"reply_count":0,"like_count":2,"quote_count":1},"lang":"en","source":"Twitter for iPhone","reply_settings":"everyone","in_reply_to_user_id":"1020069450043670529","id":"1320235808066916352"},{"author_id":"1020069450043670529","text":"Wine and #Halloween movie pairings. #AskTwitter \n\uD83C\uDF83\uD83D\uDC7B\uD83E\uDD42\n#anarchistwineco #wine \n@EatSomethngSexy @seanperlmutter @HistoryandWine @BottleRockNapa @napavalleytip @steveryan63 @TheWineFoundry","created_at":"2020-10-25T03:56:08.000Z","entities":{"mentions":[{"start":77,"end":93,"username":"EatSomethngSexy"},{"start":94,"end":109,"username":"seanperlmutter"},{"start":110,"end":125,"username":"HistoryandWine"},{"start":126,"end":141,"username":"BottleRockNapa"},{"start":142,"end":156,"username":"napavalleytip"},{"start":157,"end":169,"username":"steveryan63"},{"start":170,"end":185,"username":"TheWineFoundry"}],"hashtags":[{"start":9,"end":19,"tag":"Halloween"},{"start":36,"end":47,"tag":"AskTwitter"},{"start":53,"end":69,"tag":"anarchistwineco"},{"start":70,"end":75,"tag":"wine"}]},"public_metrics":{"retweet_count":0,"reply_count":2,"like_count":4,"quote_count":0},"geo":{"place_id":"0f7b548f5b141000"},"lang":"en","source":"Twitter for iPhone","reply_settings":"everyone","id":"1320212523182817280"},{"author_id":"758160592771350529","text":"my neighbors are playing music rn SHUT UP IT ISN’T BOTTLEROCK WEEKEND @BOTTLEROCKNAPA YALL SUCK","created_at":"2020-10-25T02:13:18.000Z","entities":{"mentions":[{"start":70,"end":85,"username":"BottleRockNapa"}]},"public_metrics":{"retweet_count":0,"reply_count":0,"like_count":0,"quote_count":0},"lang":"en","source":"Twitter for iPhone","reply_settings":"everyone","id":"1320186644524224512"},{"author_id":"758160592771350529","text":"@BottleRockNapa y’all are noisy","created_at":"2020-10-24T20:14:28.000Z","entities":{"mentions":[{"start":0,"end":15,"username":"BottleRockNapa"}]},"public_metrics":{"retweet_count":0,"reply_count":1,"like_count":0,"quote_count":0},"lang":"en","source":"Twitter for iPhone","reply_settings":"everyone","in_reply_to_user_id":"1007391884","id":"1320096341930823680"},{"author_id":"1091107842","text":"#SongOfTheDay: https://t.co/s6Sfv4iR6X\n\nWhen I first heard @thatgirlbishop's new single, it sounded familiar. After some digging, I figured out that she performed it as her last song during her @BottleRockNapa 2019 set that I watched a stream of! #higher #bishopbriggs","created_at":"2020-10-23T09:05:41.000Z","entities":{"mentions":[{"start":59,"end":74,"username":"thatgirlbishop"},{"start":194,"end":209,"username":"BottleRockNapa"}],"urls":[{"start":15,"end":38,"url":"https://t.co/s6Sfv4iR6X","expanded_url":"https://youtu.be/OsyKuZXreGw","display_url":"youtu.be/OsyKuZXreGw","images":[{"url":"https://pbs.twimg.com/news_img/1319565652076589056/sTramaqA?format=jpg&name=orig","width":1280,"height":720},{"url":"https://pbs.twimg.com/news_img/1319565652076589056/sTramaqA?format=jpg&name=150x150","width":150,"height":150}],"status":200,"title":"HIGHER","description":"Provided to YouTube by Universal Music Group HIGHER · Bishop Briggs HIGHER ℗ 2020 blissmagicjoylove, LLC, under exclusive license to Island Records, a divisi...","unwound_url":"https://www.youtube.com/watch?v=OsyKuZXreGw&feature=youtu.be"}],"hashtags":[{"start":0,"end":13,"tag":"SongOfTheDay"},{"start":247,"end":254,"tag":"higher"},{"start":255,"end":268,"tag":"bishopbriggs"}]},"public_metrics":{"retweet_count":0,"reply_count":1,"like_count":0,"quote_count":0},"lang":"en","source":"Twitter for Android","reply_settings":"everyone","id":"1319565647991369728"},{"author_id":"1206692411617009672","text":"@SolarEnergyNews @BottleRockNapa @SolarEnergyNews New  concept: Legacy cities (Detroit, Gary, Cleveland, Baltimore, etc.) should be allowed to establish their own utilities, powered by wind and solar. \n\nIt would solve for climate change and economic/ racial justice at the same time. \n\nhttps://t.co/9wlIZl2QlN","created_at":"2020-10-22T17:54:30.000Z","entities":{"mentions":[{"start":0,"end":16,"username":"SolarEnergyNews"},{"start":17,"end":32,"username":"BottleRockNapa"},{"start":33,"end":49,"username":"SolarEnergyNews"}],"annotations":[{"start":79,"end":91,"probability":0.4414,"type":"Place","normalized_text":"Detroit, Gary"},{"start":94,"end":102,"probability":0.8879,"type":"Place","normalized_text":"Cleveland"},{"start":105,"end":113,"probability":0.9562,"type":"Place","normalized_text":"Baltimore"}],"urls":[{"start":286,"end":309,"url":"https://t.co/9wlIZl2QlN","expanded_url":"https://www.youtube.com/watch?v=NAjdcnB2KCE","display_url":"youtube.com/watch?v=NAjdcn…"}]},"public_metrics":{"retweet_count":0,"reply_count":0,"like_count":0,"quote_count":0},"lang":"en","source":"Twitter Web App","reply_settings":"everyone","in_reply_to_user_id":"20832496","id":"1319336342669635584"},{"author_id":"1251101653173850112","text":"@SolarEnergyNews @BottleRockNapa Hi guys, I would recommend a great Solar Lights seller on Amazon which I bought from and used for years, really got great fun and charming lighting atmosphere around house.\n \nHere is the beautiful Solar decorative lights I like so much : https://t.co/Fw1utTDyXv https://t.co/lSzwnEX0YJ","created_at":"2020-10-22T09:40:45.000Z","entities":{"mentions":[{"start":0,"end":16,"username":"SolarEnergyNews"},{"start":17,"end":32,"username":"BottleRockNapa"}],"annotations":[{"start":91,"end":96,"probability":0.6389,"type":"Organization","normalized_text":"Amazon"}],"urls":[{"start":271,"end":294,"url":"https://t.co/Fw1utTDyXv","expanded_url":"https://www.amazon.com/Sogrand-Decorative-Decorations-Stainless-Landscape/dp/B07PGL39CZ/ref=sr_1_1?dchild=1&keywords=solar+decorative+lights&m=A39PH15OSSYYUG&qid=1598234369&s=merchant-items&sr=1-1","display_url":"amazon.com/Sogrand-Decora…"},{"start":295,"end":318,"url":"https://t.co/lSzwnEX0YJ","expanded_url":"https://twitter.com/RRoy2021/status/1319212085369159682/photo/1","display_url":"pic.twitter.com/lSzwnEX0YJ"}]},"public_metrics":{"retweet_count":0,"reply_count":0,"like_count":0,"quote_count":0},"lang":"en","source":"Twitter Web App","reply_settings":"everyone","in_reply_to_user_id":"20832496","id":"1319212085369159682"},{"author_id":"1141150997772812295","text":"Just a few days after his passing, I jumped on the drums to honor the moment. I was 12 and I was so lucky I got to see him in my lifetime that year at The @BottleRockNapa festival. Happy birthday Mr. Tom Petty, you're a legend forever. ✌️\uD83D\uDD6F\uD83E\uDD0D\n@tompetty #tompetty #drums https://t.co/VKkQeZSF8S","created_at":"2020-10-20T20:29:17.000Z","entities":{"mentions":[{"start":155,"end":170,"username":"BottleRockNapa"},{"start":241,"end":250,"username":"tompetty"}],"annotations":[{"start":196,"end":202,"probability":0.9036,"type":"Person","normalized_text":"Mr. Tom"}],"urls":[{"start":268,"end":291,"url":"https://t.co/VKkQeZSF8S","expanded_url":"https://twitter.com/drumnation05/status/1318650519443832832/video/1","display_url":"pic.twitter.com/VKkQeZSF8S"}],"hashtags":[{"start":251,"end":260,"tag":"tompetty"},{"start":261,"end":267,"tag":"drums"}]},"public_metrics":{"retweet_count":0,"reply_count":0,"like_count":1,"quote_count":0},"lang":"en","source":"Twitter for iPhone","reply_settings":"everyone","id":"1318650519443832832"},{"author_id":"488798406","text":"BottleRock Napa Valley #roadtrip @BottleRockNapa https://t.co/CRN7PHk2Jc #travel","created_at":"2020-10-19T07:32:11.000Z","entities":{"mentions":[{"start":33,"end":48,"username":"BottleRockNapa"}],"urls":[{"start":49,"end":72,"url":"https://t.co/CRN7PHk2Jc","expanded_url":"https://lizzielau.com/bottlerock-napa-valley-roadtrip/?utm_source=ReviveOldPost&utm_medium=social&utm_campaign=ReviveOldPost","display_url":"lizzielau.com/bottlerock-nap…","images":[{"url":"https://pbs.twimg.com/news_img/1378310223564267522/_aJpn2WO?format=jpg&name=orig","width":1200,"height":628},{"url":"https://pbs.twimg.com/news_img/1378310223564267522/_aJpn2WO?format=jpg&name=150x150","width":150,"height":150}],"status":200,"title":"BottleRock Napa Valley #roadtrip @BottleRockNapa","description":"BottleRock Napa Valley is a family friendly annual 3 day music festival held in May. The music, food, wine and vibe are all outstanding.","unwound_url":"https://lizzielau.com/bottlerock-napa-valley-roadtrip/?utm_source=ReviveOldPost&utm_medium=social&utm_campaign=ReviveOldPost"}],"hashtags":[{"start":23,"end":32,"tag":"roadtrip"},{"start":73,"end":80,"tag":"travel"}]},"public_metrics":{"retweet_count":0,"reply_count":0,"like_count":0,"quote_count":0},"lang":"tl","source":"Revive Social App","reply_settings":"everyone","id":"1318092567251177478"},{"author_id":"39720532","text":"There may be hope for California after all! Vote RED &amp; let's fix California's economy again! \n@enews @THR @DEADLINE @Hollywood @49ers @SFGiants @SacramentoKings @Chargers @RamsNFL @Padres @latimes @Fresno_State @ABC30 @CaliforniaLabor @california @BottleRockNapa @Dodgers @Lakers https://t.co/clstVZtHox","created_at":"2020-10-19T05:29:45.000Z","entities":{"mentions":[{"start":98,"end":104,"username":"enews"},{"start":105,"end":109,"username":"THR"},{"start":110,"end":119,"username":"DEADLINE"},{"start":120,"end":130,"username":"Hollywood"},{"start":131,"end":137,"username":"49ers"},{"start":138,"end":147,"username":"SFGiants"},{"start":148,"end":164,"username":"SacramentoKings"},{"start":165,"end":174,"username":"Chargers"},{"start":175,"end":183,"username":"RamsNFL"},{"start":184,"end":191,"username":"Padres"},{"start":192,"end":200,"username":"latimes"},{"start":201,"end":214,"username":"Fresno_State"},{"start":215,"end":221,"username":"ABC30"},{"start":222,"end":238,"username":"CaliforniaLabor"},{"start":239,"end":250,"username":"california"},{"start":251,"end":266,"username":"BottleRockNapa"},{"start":267,"end":275,"username":"Dodgers"},{"start":276,"end":283,"username":"Lakers"}],"annotations":[{"start":22,"end":31,"probability":0.992,"type":"Place","normalized_text":"California"},{"start":65,"end":74,"probability":0.9782,"type":"Place","normalized_text":"California"}],"urls":[{"start":284,"end":307,"url":"https://t.co/clstVZtHox","expanded_url":"https://t.co/clstVZtHox","display_url":"t.co/clstVZtHox"}]},"public_metrics":{"retweet_count":0,"reply_count":0,"like_count":0,"quote_count":0},"lang":"en","source":"Twitter for Android","reply_settings":"everyone","id":"1318061755503759361"},{"author_id":"39720532","text":"There may be hope for California after all! Vote RED &amp; let's fix California's economy again! \n@enews @THR @DEADLINE @Hollywood @49ers @SFGiants @SacramentoKings @Chargers @RamsNFL @Padres @latimes @Fresno_State @ABC30 @CaliforniaLabor @california @BottleRockNapa @Dodgers @Lakers https://t.co/mlwjD2P8Xe","created_at":"2020-10-19T05:27:27.000Z","entities":{"mentions":[{"start":98,"end":104,"username":"enews"},{"start":105,"end":109,"username":"THR"},{"start":110,"end":119,"username":"DEADLINE"},{"start":120,"end":130,"username":"Hollywood"},{"start":131,"end":137,"username":"49ers"},{"start":138,"end":147,"username":"SFGiants"},{"start":148,"end":164,"username":"SacramentoKings"},{"start":165,"end":174,"username":"Chargers"},{"start":175,"end":183,"username":"RamsNFL"},{"start":184,"end":191,"username":"Padres"},{"start":192,"end":200,"username":"latimes"},{"start":201,"end":214,"username":"Fresno_State"},{"start":215,"end":221,"username":"ABC30"},{"start":222,"end":238,"username":"CaliforniaLabor"},{"start":239,"end":250,"username":"california"},{"start":251,"end":266,"username":"BottleRockNapa"},{"start":267,"end":275,"username":"Dodgers"},{"start":276,"end":283,"username":"Lakers"}],"annotations":[{"start":22,"end":31,"probability":0.992,"type":"Place","normalized_text":"California"},{"start":65,"end":74,"probability":0.9782,"type":"Place","normalized_text":"California"}],"urls":[{"start":284,"end":307,"url":"https://t.co/mlwjD2P8Xe","expanded_url":"https://twitter.com/dentite8/status/1317955515415023617","display_url":"twitter.com/dentite8/statu…"}]},"public_metrics":{"retweet_count":0,"reply_count":0,"like_count":0,"quote_count":0},"lang":"en","source":"Twitter for Android","reply_settings":"everyone","id":"1318061177667137536"},{"author_id":"36507388","text":"@BottleRockNapa https://t.co/ejaHVIq0Qh","created_at":"2020-10-16T08:12:21.000Z","entities":{"mentions":[{"start":0,"end":15,"username":"BottleRockNapa"}],"urls":[{"start":16,"end":39,"url":"https://t.co/ejaHVIq0Qh","expanded_url":"https://soundcloud.com/user-246882113/she-a-lady-by-slickc-2020","display_url":"soundcloud.com/user-246882113…"}]},"public_metrics":{"retweet_count":0,"reply_count":0,"like_count":0,"quote_count":0},"lang":"und","source":"Twitter Web App","reply_settings":"everyone","in_reply_to_user_id":"1007391884","id":"1317015509192364033"},{"author_id":"1223134010500513792","text":"@SolarEnergyNews @BottleRockNapa Hi guys, I would recommend a great Solar Lights seller on Amazon which I bought from and used for years, really got great fun and charming lighting atmosphere around house.\n \nHere is the beautiful Solar post cap lights I like so much : https://t.co/ZaMWZXGKdu https://t.co/nNKkNc7R1Y","created_at":"2020-10-14T04:35:15.000Z","entities":{"mentions":[{"start":0,"end":16,"username":"SolarEnergyNews"},{"start":17,"end":32,"username":"BottleRockNapa"}],"annotations":[{"start":91,"end":96,"probability":0.6699,"type":"Organization","normalized_text":"Amazon"}],"urls":[{"start":269,"end":292,"url":"https://t.co/ZaMWZXGKdu","expanded_url":"https://www.amazon.com/Sogrand-Security-Waterproof-Wireless-Lighting/dp/B01GE5IZEW/ref=sr_1_8?dchild=1&keywords=solar+post+cap+lights&m=A39PH15OSSYYUG&qid=1597471661&s=merchant-items&sr=1-8","display_url":"amazon.com/Sogrand-Securi…"},{"start":293,"end":316,"url":"https://t.co/nNKkNc7R1Y","expanded_url":"https://twitter.com/pari56276/status/1316236100269088768/photo/1","display_url":"pic.twitter.com/nNKkNc7R1Y"}]},"public_metrics":{"retweet_count":0,"reply_count":0,"like_count":0,"quote_count":0},"lang":"en","source":"Twitter Web App","reply_settings":"everyone","in_reply_to_user_id":"20832496","id":"1316236100269088768"},{"author_id":"1245444188","text":"@mkookier @rbcanada2 @GoWithT08223507 @FollowThroughLA @RexChapman @BottleRockNapa NO KIDDING! \uD83D\uDE0D Can it be May 2021 already?","created_at":"2020-10-12T04:49:08.000Z","entities":{"mentions":[{"start":0,"end":9,"username":"mkookier"},{"start":10,"end":20,"username":"rbcanada2"},{"start":38,"end":54,"username":"FollowThroughLA"},{"start":55,"end":66,"username":"RexChapman"},{"start":67,"end":82,"username":"BottleRockNapa"}]},"public_metrics":{"retweet_count":0,"reply_count":0,"like_count":2,"quote_count":0},"lang":"en","source":"Twitter Web App","reply_settings":"everyone","in_reply_to_user_id":"1049542824","id":"1315514819710083072"},{"author_id":"1049542824","text":"@rbcanada2 @GoWithT08223507 @FollowThroughLA @RexChapman @JaMCellars Got me thinking of @BottleRockNapa now\uD83E\uDD70","created_at":"2020-10-12T03:47:34.000Z","entities":{"mentions":[{"start":0,"end":10,"username":"rbcanada2"},{"start":28,"end":44,"username":"FollowThroughLA"},{"start":45,"end":56,"username":"RexChapman"},{"start":57,"end":68,"username":"JaMCellars"},{"start":88,"end":103,"username":"BottleRockNapa"}]},"public_metrics":{"retweet_count":0,"reply_count":1,"like_count":5,"quote_count":0},"lang":"en","source":"Twitter for iPhone","reply_settings":"everyone","in_reply_to_user_id":"1049542824","id":"1315499325040984066"},{"author_id":"80221374","text":"@charlesbradley at @bottlerocknapa @ BottleRock Napa Valley https://t.co/vBAXhQSfFA","created_at":"2020-10-11T02:01:29.000Z","entities":{"mentions":[{"start":0,"end":15,"username":"charlesbradley"},{"start":19,"end":34,"username":"BottleRockNapa"}],"urls":[{"start":60,"end":83,"url":"https://t.co/vBAXhQSfFA","expanded_url":"https://www.instagram.com/p/CGL4wRmhSlD/?igshid=8rzjg0wue6xz","display_url":"instagram.com/p/CGL4wRmhSlD/…"}]},"public_metrics":{"retweet_count":0,"reply_count":0,"like_count":1,"quote_count":0},"lang":"tl","source":"Instagram","reply_settings":"everyone","in_reply_to_user_id":"17442419","id":"1315110239008587776"},{"author_id":"46554751","text":"Watching this right now and so happy that @macklemore was the first concert that I brought my daughter to @ the first @BottleRockNapa ever! https://t.co/zDeT8oryD1 Missing @BottleRockNapa! #napa","created_at":"2020-10-10T06:45:12.000Z","entities":{"mentions":[{"start":42,"end":53,"username":"macklemore"},{"start":118,"end":133,"username":"BottleRockNapa"},{"start":172,"end":187,"username":"BottleRockNapa"}],"urls":[{"start":140,"end":163,"url":"https://t.co/zDeT8oryD1","expanded_url":"https://www.youtube.com/watch?v=JrEJmvuKSwo","display_url":"youtube.com/watch?v=JrEJmv…"}],"hashtags":[{"start":189,"end":194,"tag":"napa"}]},"public_metrics":{"retweet_count":0,"reply_count":0,"like_count":0,"quote_count":0},"lang":"en","source":"Twitter Web App","reply_settings":"everyone","id":"1314819253229424640"},{"author_id":"74291289","text":"what ever happened to @BottleRockNapa and our tickets? do we get refunded?","created_at":"2020-10-07T23:04:05.000Z","entities":{"mentions":[{"start":22,"end":37,"username":"BottleRockNapa"}]},"public_metrics":{"retweet_count":0,"reply_count":1,"like_count":0,"quote_count":0},"lang":"en","source":"Twitter Web App","reply_settings":"everyone","id":"1313978432464711681"},{"author_id":"1902028244","text":"I’m so excited to see the Red Hot Chili Peppers next year @BottleRockNapa","created_at":"2020-10-06T18:55:42.000Z","entities":{"mentions":[{"start":58,"end":73,"username":"BottleRockNapa"}],"annotations":[{"start":26,"end":46,"probability":0.6781,"type":"Organization","normalized_text":"Red Hot Chili Peppers"}]},"public_metrics":{"retweet_count":0,"reply_count":0,"like_count":0,"quote_count":0},"lang":"en","source":"Twitter for iPhone","reply_settings":"everyone","id":"1313553534814617600"},{"author_id":"80221374","text":"Missing seeing legends like @charlesbradley ...maybe someday soon we’ll be back to shows and fests... @bottlerocknapa @ BottleRock Napa Valley https://t.co/J8eoOSH534","created_at":"2020-10-06T18:22:07.000Z","entities":{"mentions":[{"start":28,"end":43,"username":"charlesbradley"},{"start":102,"end":117,"username":"BottleRockNapa"}],"urls":[{"start":143,"end":166,"url":"https://t.co/J8eoOSH534","expanded_url":"https://www.instagram.com/p/CGAxAQxh5ba/?igshid=18z2of76nu9cx","display_url":"instagram.com/p/CGAxAQxh5ba/…"}]},"public_metrics":{"retweet_count":0,"reply_count":0,"like_count":0,"quote_count":0},"lang":"en","source":"Instagram","reply_settings":"everyone","id":"1313545085724905473"},{"author_id":"258943831","text":"Today was to be the make-up day for @BottleRockNapa. Instead, this is Napa today. https://t.co/B7zcHqA3e2","created_at":"2020-10-03T01:34:48.000Z","entities":{"mentions":[{"start":36,"end":51,"username":"BottleRockNapa"}],"urls":[{"start":82,"end":105,"url":"https://t.co/B7zcHqA3e2","expanded_url":"https://twitter.com/ehase02/status/1312204422064136194/photo/1","display_url":"pic.twitter.com/B7zcHqA3e2"}]},"public_metrics":{"retweet_count":0,"reply_count":0,"like_count":0,"quote_count":0},"lang":"en","source":"Twitter for iPhone","reply_settings":"everyone","id":"1312204422064136194"}],"meta":{"oldest_id":"1312204422064136194","newest_id":"1321982512290127872","result_count":23}}