{"data":[{"author_id":"1365953028","lang":"en","source":"Twitter Web App","in_reply_to_user_id":"971765370695675906","reply_settings":"everyone","public_metrics":{"retweet_count":0,"reply_count":0,"like_count":1,"quote_count":0},"created_at":"2020-09-29T15:06:52.000Z","text":"@BebaSardinaMann @Napadowntown @BottleRockNapa @StHelenaCA Truly sad, my friend.  The important thing is your family’s safety.  They are in my prayers.  \uD83D\uDE4F\uD83D\uDE4F\uD83D\uDE4F","entities":{"mentions":[{"start":0,"end":16,"username":"BebaSardinaMann"},{"start":17,"end":30,"username":"Napadowntown"},{"start":31,"end":46,"username":"BottleRockNapa"},{"start":47,"end":58,"username":"StHelenaCA"}]},"id":"1310959233161142272"},{"author_id":"953741178586959872","lang":"und","source":"Twitter for iPhone","in_reply_to_user_id":"971765370695675906","reply_settings":"everyone","public_metrics":{"retweet_count":0,"reply_count":0,"like_count":1,"quote_count":0},"created_at":"2020-09-29T14:31:42.000Z","text":"@BebaSardinaMann @Napadowntown @BottleRockNapa @StHelenaCA \uD83D\uDE4F\uD83C\uDFFB\uD83D\uDE4F\uD83C\uDFFB","entities":{"mentions":[{"start":0,"end":16,"username":"BebaSardinaMann"},{"start":17,"end":30,"username":"Napadowntown"},{"start":31,"end":46,"username":"BottleRockNapa"},{"start":47,"end":58,"username":"StHelenaCA"}]},"id":"1310950384190599169"},{"author_id":"971765370695675906","entities":{"annotations":[{"start":29,"end":32,"probability":0.8498,"type":"Place","normalized_text":"Napa"},{"start":167,"end":175,"probability":0.3949,"type":"Person","normalized_text":"Meadowood"}],"urls":[{"start":230,"end":253,"url":"https://t.co/TPg1OVWsIm","expanded_url":"https://twitter.com/BebaSardinaMann/status/1310947659168047112/photo/1","display_url":"pic.twitter.com/TPg1OVWsIm"}],"mentions":[{"start":188,"end":201,"username":"Napadowntown"},{"start":202,"end":217,"username":"BottleRockNapa"},{"start":218,"end":229,"username":"StHelenaCA"}]},"lang":"en","source":"Twitter for iPhone","reply_settings":"everyone","public_metrics":{"retweet_count":0,"reply_count":4,"like_count":2,"quote_count":0},"created_at":"2020-09-29T14:20:52.000Z","text":"My heart breaks for those in Napa that lost their homes to fire or dealing with protecting their homes now. My granddaughter posted this and it breaks my heart to see Meadowood in flames. @Napadowntown @BottleRockNapa @StHelenaCA https://t.co/TPg1OVWsIm","id":"1310947659168047112"},{"author_id":"1251101653173850112","entities":{"annotations":[{"start":91,"end":96,"probability":0.6389,"type":"Organization","normalized_text":"Amazon"}],"urls":[{"start":271,"end":294,"url":"https://t.co/Fw1utTDyXv","expanded_url":"https://www.amazon.com/Sogrand-Decorative-Decorations-Stainless-Landscape/dp/B07PGL39CZ/ref=sr_1_1?dchild=1&keywords=solar+decorative+lights&m=A39PH15OSSYYUG&qid=1598234369&s=merchant-items&sr=1-1","display_url":"amazon.com/Sogrand-Decora…"},{"start":295,"end":318,"url":"https://t.co/8fWj4wBhOl","expanded_url":"https://twitter.com/RRoy2021/status/1310824817986162688/photo/1","display_url":"pic.twitter.com/8fWj4wBhOl"}],"mentions":[{"start":0,"end":16,"username":"SolarEnergyNews"},{"start":17,"end":32,"username":"BottleRockNapa"}]},"lang":"en","source":"Twitter Web App","in_reply_to_user_id":"20832496","reply_settings":"everyone","public_metrics":{"retweet_count":0,"reply_count":0,"like_count":0,"quote_count":0},"created_at":"2020-09-29T06:12:45.000Z","text":"@SolarEnergyNews @BottleRockNapa Hi guys, I would recommend a great Solar Lights seller on Amazon which I bought from and used for years, really got great fun and charming lighting atmosphere around house.\n \nHere is the beautiful Solar decorative lights I like so much : https://t.co/Fw1utTDyXv https://t.co/8fWj4wBhOl","id":"1310824817986162688"},{"author_id":"866851767505395712","lang":"en","source":"Twitter Web App","entities":{"hashtags":[{"start":6,"end":16,"tag":"ButterDay"},{"start":59,"end":76,"tag":"ButterChardonnay"},{"start":96,"end":101,"tag":"Yeti"},{"start":206,"end":210,"tag":"WIN"}],"urls":[{"start":212,"end":235,"url":"https://t.co/ATezsci5PD","expanded_url":"https://ul.ink/T0S0-8VXMF6_T","display_url":"ul.ink/T0S0-8VXMF6_T"}],"mentions":[{"start":158,"end":173,"username":"BottleRockNapa"},{"start":181,"end":195,"username":"mattnathanson"}]},"reply_settings":"everyone","public_metrics":{"retweet_count":0,"reply_count":0,"like_count":0,"quote_count":0},"created_at":"2020-09-27T23:34:32.000Z","text":"Win a #ButterDay! For you and 3 besties. A prize pack with #ButterChardonnay, Govinos, a Butter #Yeti cooler and more swag! Plus a virtual JaMSession to meet @BottleRockNapa artist @MattNathanson. ENTER TO #WIN! https://t.co/ATezsci5PD","id":"1310362215669661702"},{"author_id":"2426152362","lang":"en","source":"Twitter Web App","entities":{"hashtags":[{"start":6,"end":16,"tag":"ButterDay"},{"start":59,"end":76,"tag":"ButterChardonnay"},{"start":96,"end":101,"tag":"Yeti"},{"start":206,"end":210,"tag":"WIN"}],"urls":[{"start":212,"end":235,"url":"https://t.co/6oA3OGmXWR","expanded_url":"https://ul.ink/T0QJ-8VXDA2_T","display_url":"ul.ink/T0QJ-8VXDA2_T"}],"mentions":[{"start":158,"end":173,"username":"BottleRockNapa"},{"start":181,"end":195,"username":"mattnathanson"}]},"reply_settings":"everyone","public_metrics":{"retweet_count":0,"reply_count":0,"like_count":0,"quote_count":0},"created_at":"2020-09-27T20:31:42.000Z","text":"Win a #ButterDay! For you and 3 besties. A prize pack with #ButterChardonnay, Govinos, a Butter #Yeti cooler and more swag! Plus a virtual JaMSession to meet @BottleRockNapa artist @MattNathanson. ENTER TO #WIN! https://t.co/6oA3OGmXWR","id":"1310316204901437440"},{"author_id":"248270245","lang":"en","source":"Twitter Web App","entities":{"hashtags":[{"start":6,"end":16,"tag":"ButterDay"},{"start":59,"end":76,"tag":"ButterChardonnay"},{"start":96,"end":101,"tag":"Yeti"},{"start":206,"end":210,"tag":"WIN"}],"urls":[{"start":212,"end":235,"url":"https://t.co/iw5cxVFVok","expanded_url":"https://ul.ink/SXH2-8VXBCT_T","display_url":"ul.ink/SXH2-8VXBCT_T"}],"mentions":[{"start":158,"end":173,"username":"BottleRockNapa"},{"start":181,"end":195,"username":"mattnathanson"}]},"reply_settings":"everyone","public_metrics":{"retweet_count":0,"reply_count":0,"like_count":0,"quote_count":0},"created_at":"2020-09-27T19:39:53.000Z","text":"Win a #ButterDay! For you and 3 besties. A prize pack with #ButterChardonnay, Govinos, a Butter #Yeti cooler and more swag! Plus a virtual JaMSession to meet @BottleRockNapa artist @MattNathanson. ENTER TO #WIN! https://t.co/iw5cxVFVok","id":"1310303165842153474"},{"author_id":"24354032","lang":"en","source":"Twitter Web App","entities":{"hashtags":[{"start":6,"end":16,"tag":"ButterDay"},{"start":59,"end":76,"tag":"ButterChardonnay"},{"start":96,"end":101,"tag":"Yeti"},{"start":206,"end":210,"tag":"WIN"}],"urls":[{"start":212,"end":235,"url":"https://t.co/SOQGiJmVJJ","expanded_url":"https://ul.ink/T0S0-8VX6NR_T","display_url":"ul.ink/T0S0-8VX6NR_T","status":200,"unwound_url":"https://ul.ink/T0S0-8VX6NR_T"}],"mentions":[{"start":158,"end":173,"username":"BottleRockNapa"},{"start":181,"end":195,"username":"mattnathanson"}]},"reply_settings":"everyone","public_metrics":{"retweet_count":0,"reply_count":0,"like_count":0,"quote_count":0},"created_at":"2020-09-27T17:51:41.000Z","text":"Win a #ButterDay! For you and 3 besties. A prize pack with #ButterChardonnay, Govinos, a Butter #Yeti cooler and more swag! Plus a virtual JaMSession to meet @BottleRockNapa artist @MattNathanson. ENTER TO #WIN! https://t.co/SOQGiJmVJJ","id":"1310275933723484165"},{"author_id":"21218783","lang":"en","source":"Twitter Web App","entities":{"hashtags":[{"start":6,"end":16,"tag":"ButterDay"},{"start":59,"end":76,"tag":"ButterChardonnay"},{"start":96,"end":101,"tag":"Yeti"},{"start":206,"end":210,"tag":"WIN"}],"urls":[{"start":212,"end":235,"url":"https://t.co/43U5CpZhSL","expanded_url":"https://ul.ink/T0S0-8VWXFT_T","display_url":"ul.ink/T0S0-8VWXFT_T"}],"mentions":[{"start":158,"end":173,"username":"BottleRockNapa"},{"start":181,"end":195,"username":"mattnathanson"}]},"reply_settings":"everyone","public_metrics":{"retweet_count":0,"reply_count":0,"like_count":0,"quote_count":0},"created_at":"2020-09-27T15:07:27.000Z","text":"Win a #ButterDay! For you and 3 besties. A prize pack with #ButterChardonnay, Govinos, a Butter #Yeti cooler and more swag! Plus a virtual JaMSession to meet @BottleRockNapa artist @MattNathanson. ENTER TO #WIN! https://t.co/43U5CpZhSL","id":"1310234605048532995"},{"author_id":"1281321114166153221","lang":"fr","source":"Twitter Web App","entities":{"urls":[{"start":279,"end":302,"url":"https://t.co/M5nNWCeGxY","expanded_url":"https://twitter.com/NAPAautopartsCA/status/1072527699434971138","display_url":"twitter.com/NAPAautopartsC…"}],"mentions":[{"start":29,"end":45,"username":"NAPAautopartsCA"},{"start":66,"end":77,"username":"NAPARacing"},{"start":78,"end":93,"username":"BottleRockNapa"},{"start":94,"end":107,"username":"NapaRegister"}]},"reply_settings":"everyone","public_metrics":{"retweet_count":0,"reply_count":0,"like_count":0,"quote_count":1},"created_at":"2020-09-27T04:14:06.000Z","text":"NAPA/\n46 views•Jun 12, 2018\n\n@NAPAautopartsCA NAPA Pièces d'auto\n\n@NAPARacing @BottleRockNapa @NapaRegister NAPA/CMAX fête ses 20 ans! À votre service pour tous vos travaux de carrosserie et de peinture,  offre son expertise et la qualité de son réseau pour réussir vos projets. https://t.co/M5nNWCeGxY","id":"1310070185768833024"},{"author_id":"1232663539669708802","entities":{"annotations":[{"start":40,"end":44,"probability":0.9994,"type":"Person","normalized_text":"Trump"},{"start":60,"end":65,"probability":0.9881,"type":"Person","normalized_text":"Castro"}],"urls":[{"start":68,"end":91,"url":"https://t.co/X9w7IiQdXl","expanded_url":"https://twitter.com/TaylorMusic8/status/1310028105181007872/photo/1","display_url":"pic.twitter.com/X9w7IiQdXl"}],"mentions":[{"start":0,"end":15,"username":"BottleRockNapa"},{"start":16,"end":28,"username":"ILoveTheGap"}]},"lang":"en","source":"Twitter for iPhone","in_reply_to_user_id":"1007391884","reply_settings":"everyone","public_metrics":{"retweet_count":0,"reply_count":0,"like_count":0,"quote_count":0},"created_at":"2020-09-27T01:26:54.000Z","text":"@BottleRockNapa @ILoveTheGap A vote for Trump is a vote for Castro! https://t.co/X9w7IiQdXl","id":"1310028105181007872"},{"author_id":"866851767505395712","lang":"en","source":"Twitter Web App","entities":{"hashtags":[{"start":6,"end":16,"tag":"ButterDay"},{"start":59,"end":76,"tag":"ButterChardonnay"},{"start":96,"end":101,"tag":"Yeti"},{"start":206,"end":210,"tag":"WIN"}],"urls":[{"start":212,"end":235,"url":"https://t.co/Ra8g1FCxfe","expanded_url":"https://ul.ink/T0S0-8VVVXY_T","display_url":"ul.ink/T0S0-8VVVXY_T"}],"mentions":[{"start":158,"end":173,"username":"BottleRockNapa"},{"start":181,"end":195,"username":"mattnathanson"}]},"reply_settings":"everyone","public_metrics":{"retweet_count":1,"reply_count":0,"like_count":0,"quote_count":0},"created_at":"2020-09-26T23:06:16.000Z","text":"Win a #ButterDay! For you and 3 besties. A prize pack with #ButterChardonnay, Govinos, a Butter #Yeti cooler and more swag! Plus a virtual JaMSession to meet @BottleRockNapa artist @MattNathanson. ENTER TO #WIN! https://t.co/Ra8g1FCxfe","id":"1309992717385039872"},{"author_id":"24354032","lang":"en","source":"Twitter Web App","entities":{"hashtags":[{"start":6,"end":16,"tag":"ButterDay"},{"start":59,"end":76,"tag":"ButterChardonnay"},{"start":96,"end":101,"tag":"Yeti"},{"start":206,"end":210,"tag":"WIN"}],"urls":[{"start":212,"end":235,"url":"https://t.co/CWfVpQ6cBU","expanded_url":"https://ul.ink/T0S0-8VVJ92_T","display_url":"ul.ink/T0S0-8VVJ92_T"}],"mentions":[{"start":158,"end":173,"username":"BottleRockNapa"},{"start":181,"end":195,"username":"mattnathanson"}]},"reply_settings":"everyone","public_metrics":{"retweet_count":0,"reply_count":0,"like_count":0,"quote_count":0},"created_at":"2020-09-26T19:17:56.000Z","text":"Win a #ButterDay! For you and 3 besties. A prize pack with #ButterChardonnay, Govinos, a Butter #Yeti cooler and more swag! Plus a virtual JaMSession to meet @BottleRockNapa artist @MattNathanson. ENTER TO #WIN! https://t.co/CWfVpQ6cBU","id":"1309935254719795200"},{"author_id":"97140567","lang":"en","source":"Twitter Web App","entities":{"hashtags":[{"start":6,"end":16,"tag":"ButterDay"},{"start":59,"end":76,"tag":"ButterChardonnay"},{"start":96,"end":101,"tag":"Yeti"},{"start":206,"end":210,"tag":"WIN"}],"urls":[{"start":212,"end":235,"url":"https://t.co/RRoKX2oTyE","expanded_url":"https://ul.ink/T0QJ-8VVG44_T","display_url":"ul.ink/T0QJ-8VVG44_T"}],"mentions":[{"start":158,"end":173,"username":"BottleRockNapa"},{"start":181,"end":195,"username":"mattnathanson"}]},"reply_settings":"everyone","public_metrics":{"retweet_count":0,"reply_count":0,"like_count":0,"quote_count":0},"created_at":"2020-09-26T18:25:41.000Z","text":"Win a #ButterDay! For you and 3 besties. A prize pack with #ButterChardonnay, Govinos, a Butter #Yeti cooler and more swag! Plus a virtual JaMSession to meet @BottleRockNapa artist @MattNathanson. ENTER TO #WIN! https://t.co/RRoKX2oTyE","id":"1309922102862950400"},{"author_id":"21218783","lang":"en","source":"Twitter Web App","entities":{"hashtags":[{"start":6,"end":16,"tag":"ButterDay"},{"start":59,"end":76,"tag":"ButterChardonnay"},{"start":96,"end":101,"tag":"Yeti"},{"start":206,"end":210,"tag":"WIN"}],"urls":[{"start":212,"end":235,"url":"https://t.co/7y3k6pzauq","expanded_url":"https://ul.ink/T0S0-8VTXV0_T","display_url":"ul.ink/T0S0-8VTXV0_T"}],"mentions":[{"start":158,"end":173,"username":"BottleRockNapa"},{"start":181,"end":195,"username":"mattnathanson"}]},"reply_settings":"everyone","public_metrics":{"retweet_count":0,"reply_count":0,"like_count":0,"quote_count":0},"created_at":"2020-09-26T12:31:19.000Z","text":"Win a #ButterDay! For you and 3 besties. A prize pack with #ButterChardonnay, Govinos, a Butter #Yeti cooler and more swag! Plus a virtual JaMSession to meet @BottleRockNapa artist @MattNathanson. ENTER TO #WIN! https://t.co/7y3k6pzauq","id":"1309832925337223168"},{"author_id":"866851767505395712","lang":"en","source":"Twitter Web App","entities":{"hashtags":[{"start":6,"end":16,"tag":"ButterDay"},{"start":59,"end":76,"tag":"ButterChardonnay"},{"start":96,"end":101,"tag":"Yeti"},{"start":206,"end":210,"tag":"WIN"}],"urls":[{"start":212,"end":235,"url":"https://t.co/Z69oc1KEPZ","expanded_url":"https://ul.ink/T0S0-8VT6ZY_T","display_url":"ul.ink/T0S0-8VT6ZY_T"}],"mentions":[{"start":158,"end":173,"username":"BottleRockNapa"},{"start":181,"end":195,"username":"mattnathanson"}]},"reply_settings":"everyone","public_metrics":{"retweet_count":0,"reply_count":0,"like_count":0,"quote_count":0},"created_at":"2020-09-25T23:35:37.000Z","text":"Win a #ButterDay! For you and 3 besties. A prize pack with #ButterChardonnay, Govinos, a Butter #Yeti cooler and more swag! Plus a virtual JaMSession to meet @BottleRockNapa artist @MattNathanson. ENTER TO #WIN! https://t.co/Z69oc1KEPZ","id":"1309637715793596419"},{"author_id":"97140567","lang":"en","source":"Twitter Web App","entities":{"hashtags":[{"start":6,"end":16,"tag":"ButterDay"},{"start":59,"end":76,"tag":"ButterChardonnay"},{"start":96,"end":101,"tag":"Yeti"},{"start":206,"end":210,"tag":"WIN"}],"urls":[{"start":212,"end":235,"url":"https://t.co/krQyfv2htf","expanded_url":"https://ul.ink/T0QJ-8VSED0_T","display_url":"ul.ink/T0QJ-8VSED0_T"}],"mentions":[{"start":158,"end":173,"username":"BottleRockNapa"},{"start":181,"end":195,"username":"mattnathanson"}]},"reply_settings":"everyone","public_metrics":{"retweet_count":0,"reply_count":0,"like_count":0,"quote_count":0},"created_at":"2020-09-25T17:24:33.000Z","text":"Win a #ButterDay! For you and 3 besties. A prize pack with #ButterChardonnay, Govinos, a Butter #Yeti cooler and more swag! Plus a virtual JaMSession to meet @BottleRockNapa artist @MattNathanson. ENTER TO #WIN! https://t.co/krQyfv2htf","id":"1309544333209559040"},{"author_id":"602949775","lang":"en","source":"Twitter Web App","entities":{"hashtags":[{"start":6,"end":16,"tag":"ButterDay"},{"start":59,"end":76,"tag":"ButterChardonnay"},{"start":96,"end":101,"tag":"Yeti"},{"start":206,"end":210,"tag":"WIN"}],"urls":[{"start":212,"end":235,"url":"https://t.co/E5GwImdbe5","expanded_url":"https://ul.ink/T0S0-8VSDMC_T","display_url":"ul.ink/T0S0-8VSDMC_T"}],"mentions":[{"start":158,"end":173,"username":"BottleRockNapa"},{"start":181,"end":195,"username":"mattnathanson"}]},"reply_settings":"everyone","public_metrics":{"retweet_count":1,"reply_count":0,"like_count":0,"quote_count":0},"created_at":"2020-09-25T17:14:23.000Z","text":"Win a #ButterDay! For you and 3 besties. A prize pack with #ButterChardonnay, Govinos, a Butter #Yeti cooler and more swag! Plus a virtual JaMSession to meet @BottleRockNapa artist @MattNathanson. ENTER TO #WIN! https://t.co/E5GwImdbe5","id":"1309541771488055298"},{"author_id":"21218783","lang":"en","source":"Twitter Web App","entities":{"hashtags":[{"start":6,"end":16,"tag":"ButterDay"},{"start":59,"end":76,"tag":"ButterChardonnay"},{"start":96,"end":101,"tag":"Yeti"},{"start":206,"end":210,"tag":"WIN"}],"urls":[{"start":212,"end":235,"url":"https://t.co/zZZ9VYRasM","expanded_url":"https://ul.ink/T0S0-8VSA0A_T","display_url":"ul.ink/T0S0-8VSA0A_T"}],"mentions":[{"start":158,"end":173,"username":"BottleRockNapa"},{"start":181,"end":195,"username":"mattnathanson"}]},"reply_settings":"everyone","public_metrics":{"retweet_count":0,"reply_count":0,"like_count":0,"quote_count":0},"created_at":"2020-09-25T16:33:45.000Z","text":"Win a #ButterDay! For you and 3 besties. A prize pack with #ButterChardonnay, Govinos, a Butter #Yeti cooler and more swag! Plus a virtual JaMSession to meet @BottleRockNapa artist @MattNathanson. ENTER TO #WIN! https://t.co/zZZ9VYRasM","id":"1309531546068627458"},{"author_id":"488798406","lang":"tl","source":"Revive Social App","entities":{"hashtags":[{"start":23,"end":32,"tag":"roadtrip"},{"start":73,"end":80,"tag":"travel"}],"urls":[{"start":49,"end":72,"url":"https://t.co/CRN7PHk2Jc","expanded_url":"https://lizzielau.com/bottlerock-napa-valley-roadtrip/?utm_source=ReviveOldPost&utm_medium=social&utm_campaign=ReviveOldPost","display_url":"lizzielau.com/bottlerock-nap…"}],"mentions":[{"start":33,"end":48,"username":"BottleRockNapa"}]},"reply_settings":"everyone","public_metrics":{"retweet_count":0,"reply_count":0,"like_count":3,"quote_count":0},"created_at":"2020-09-25T15:34:20.000Z","text":"BottleRock Napa Valley #roadtrip @BottleRockNapa https://t.co/CRN7PHk2Jc #travel","id":"1309516595660808193"},{"author_id":"866851767505395712","lang":"en","source":"Twitter Web App","entities":{"hashtags":[{"start":6,"end":16,"tag":"ButterDay"},{"start":59,"end":76,"tag":"ButterChardonnay"},{"start":96,"end":101,"tag":"Yeti"},{"start":206,"end":210,"tag":"WIN"}],"urls":[{"start":212,"end":235,"url":"https://t.co/ZDjwqSggjN","expanded_url":"https://ul.ink/T0S0-8VQW5G_T","display_url":"ul.ink/T0S0-8VQW5G_T"}],"mentions":[{"start":158,"end":173,"username":"BottleRockNapa"},{"start":181,"end":195,"username":"mattnathanson"}]},"reply_settings":"everyone","public_metrics":{"retweet_count":0,"reply_count":0,"like_count":0,"quote_count":0},"created_at":"2020-09-25T01:24:39.000Z","text":"Win a #ButterDay! For you and 3 besties. A prize pack with #ButterChardonnay, Govinos, a Butter #Yeti cooler and more swag! Plus a virtual JaMSession to meet @BottleRockNapa artist @MattNathanson. ENTER TO #WIN! https://t.co/ZDjwqSggjN","id":"1309302764611067904"},{"author_id":"24354032","lang":"en","source":"Twitter Web App","entities":{"hashtags":[{"start":6,"end":16,"tag":"ButterDay"},{"start":59,"end":76,"tag":"ButterChardonnay"},{"start":96,"end":101,"tag":"Yeti"},{"start":206,"end":210,"tag":"WIN"}],"urls":[{"start":212,"end":235,"url":"https://t.co/EkJHDSymXg","expanded_url":"https://ul.ink/T0S0-8VQVMA_T","display_url":"ul.ink/T0S0-8VQVMA_T"}],"mentions":[{"start":158,"end":173,"username":"BottleRockNapa"},{"start":181,"end":195,"username":"mattnathanson"}]},"reply_settings":"everyone","public_metrics":{"retweet_count":0,"reply_count":0,"like_count":0,"quote_count":0},"created_at":"2020-09-25T01:15:00.000Z","text":"Win a #ButterDay! For you and 3 besties. A prize pack with #ButterChardonnay, Govinos, a Butter #Yeti cooler and more swag! Plus a virtual JaMSession to meet @BottleRockNapa artist @MattNathanson. ENTER TO #WIN! https://t.co/EkJHDSymXg","id":"1309300335438036992"},{"author_id":"248270245","lang":"en","source":"Twitter Web App","entities":{"hashtags":[{"start":6,"end":16,"tag":"ButterDay"},{"start":59,"end":76,"tag":"ButterChardonnay"},{"start":96,"end":101,"tag":"Yeti"},{"start":206,"end":210,"tag":"WIN"}],"urls":[{"start":212,"end":235,"url":"https://t.co/9E6YtzDJf0","expanded_url":"https://ul.ink/SXH2-8VQ5DT_T","display_url":"ul.ink/SXH2-8VQ5DT_T"}],"mentions":[{"start":158,"end":173,"username":"BottleRockNapa"},{"start":181,"end":195,"username":"mattnathanson"}]},"reply_settings":"everyone","public_metrics":{"retweet_count":0,"reply_count":0,"like_count":0,"quote_count":0},"created_at":"2020-09-24T19:06:47.000Z","text":"Win a #ButterDay! For you and 3 besties. A prize pack with #ButterChardonnay, Govinos, a Butter #Yeti cooler and more swag! Plus a virtual JaMSession to meet @BottleRockNapa artist @MattNathanson. ENTER TO #WIN! https://t.co/9E6YtzDJf0","id":"1309207671208382464"},{"author_id":"21218783","lang":"en","source":"Twitter Web App","entities":{"hashtags":[{"start":6,"end":16,"tag":"ButterDay"},{"start":59,"end":76,"tag":"ButterChardonnay"},{"start":96,"end":101,"tag":"Yeti"},{"start":206,"end":210,"tag":"WIN"}],"urls":[{"start":212,"end":235,"url":"https://t.co/5vyepU9G8Q","expanded_url":"https://ul.ink/T0S0-8VNY64_T","display_url":"ul.ink/T0S0-8VNY64_T"}],"mentions":[{"start":158,"end":173,"username":"BottleRockNapa"},{"start":181,"end":195,"username":"mattnathanson"}]},"reply_settings":"everyone","public_metrics":{"retweet_count":0,"reply_count":0,"like_count":0,"quote_count":0},"created_at":"2020-09-24T11:27:37.000Z","text":"Win a #ButterDay! For you and 3 besties. A prize pack with #ButterChardonnay, Govinos, a Butter #Yeti cooler and more swag! Plus a virtual JaMSession to meet @BottleRockNapa artist @MattNathanson. ENTER TO #WIN! https://t.co/5vyepU9G8Q","id":"1309092120171552769"},{"author_id":"474573479","lang":"en","source":"Twitter for iPad","entities":{"hashtags":[{"start":6,"end":16,"tag":"ButterDay"},{"start":59,"end":76,"tag":"ButterChardonnay"},{"start":96,"end":101,"tag":"Yeti"},{"start":206,"end":210,"tag":"WIN"}],"urls":[{"start":212,"end":235,"url":"https://t.co/2EtBbnkhYc","expanded_url":"https://ul.ink/T0S4-8VNQ32_T","display_url":"ul.ink/T0S4-8VNQ32_T"}],"mentions":[{"start":158,"end":173,"username":"BottleRockNapa"},{"start":181,"end":195,"username":"mattnathanson"}]},"reply_settings":"everyone","public_metrics":{"retweet_count":0,"reply_count":0,"like_count":0,"quote_count":0},"created_at":"2020-09-24T04:09:37.000Z","text":"Win a #ButterDay! For you and 3 besties. A prize pack with #ButterChardonnay, Govinos, a Butter #Yeti cooler and more swag! Plus a virtual JaMSession to meet @BottleRockNapa artist @MattNathanson. ENTER TO #WIN! https://t.co/2EtBbnkhYc","id":"1308981893929500673"},{"author_id":"918156676620083200","lang":"en","source":"Twitter Web App","entities":{"hashtags":[{"start":6,"end":16,"tag":"ButterDay"},{"start":59,"end":76,"tag":"ButterChardonnay"},{"start":96,"end":101,"tag":"Yeti"},{"start":206,"end":210,"tag":"WIN"}],"urls":[{"start":212,"end":235,"url":"https://t.co/vD96zgRO6g","expanded_url":"https://ul.ink/T0S0-8VNG82_T","display_url":"ul.ink/T0S0-8VNG82_T"}],"mentions":[{"start":158,"end":173,"username":"BottleRockNapa"},{"start":181,"end":195,"username":"mattnathanson"}]},"reply_settings":"everyone","public_metrics":{"retweet_count":0,"reply_count":0,"like_count":0,"quote_count":0},"created_at":"2020-09-24T01:28:43.000Z","text":"Win a #ButterDay! For you and 3 besties. A prize pack with #ButterChardonnay, Govinos, a Butter #Yeti cooler and more swag! Plus a virtual JaMSession to meet @BottleRockNapa artist @MattNathanson. ENTER TO #WIN! https://t.co/vD96zgRO6g","id":"1308941400944398339"},{"author_id":"15496494","lang":"en","source":"Twitter for iPhone","entities":{"hashtags":[{"start":28,"end":36,"tag":"skellig"},{"start":42,"end":53,"tag":"cornedbeef"},{"start":58,"end":66,"tag":"quickle"}],"urls":[{"start":138,"end":161,"url":"https://t.co/sITprDG2UU","expanded_url":"https://twitter.com/ywdwarner/status/1308940719231385601/photo/1","display_url":"pic.twitter.com/sITprDG2UU"}],"mentions":[{"start":0,"end":13,"username":"KerrygoldUSA"},{"start":14,"end":27,"username":"KerrygoldIRL"},{"start":67,"end":76,"username":"GuyFieri"},{"start":122,"end":137,"username":"BottleRockNapa"}]},"in_reply_to_user_id":"54679106","reply_settings":"everyone","public_metrics":{"retweet_count":0,"reply_count":0,"like_count":0,"quote_count":0},"created_at":"2020-09-24T01:26:01.000Z","text":"@KerrygoldUSA @KerrygoldIRL #skellig with #cornedbeef and #quickle @GuyFieri I cannot imagine the chaos 2020 has wrought? @BottleRockNapa https://t.co/sITprDG2UU","id":"1308940719231385601"},{"author_id":"866851767505395712","lang":"en","source":"Twitter Web App","entities":{"hashtags":[{"start":6,"end":16,"tag":"ButterDay"},{"start":59,"end":76,"tag":"ButterChardonnay"},{"start":96,"end":101,"tag":"Yeti"},{"start":206,"end":210,"tag":"WIN"}],"urls":[{"start":212,"end":235,"url":"https://t.co/v2yXGmkA1S","expanded_url":"https://ul.ink/T0S0-8VNFD8_T","display_url":"ul.ink/T0S0-8VNFD8_T"}],"mentions":[{"start":158,"end":173,"username":"BottleRockNapa"},{"start":181,"end":195,"username":"mattnathanson"}]},"reply_settings":"everyone","public_metrics":{"retweet_count":0,"reply_count":0,"like_count":0,"quote_count":0},"created_at":"2020-09-24T01:11:09.000Z","text":"Win a #ButterDay! For you and 3 besties. A prize pack with #ButterChardonnay, Govinos, a Butter #Yeti cooler and more swag! Plus a virtual JaMSession to meet @BottleRockNapa artist @MattNathanson. ENTER TO #WIN! https://t.co/v2yXGmkA1S","id":"1308936978583478274"},{"author_id":"24354032","lang":"en","source":"Twitter Web App","entities":{"hashtags":[{"start":6,"end":16,"tag":"ButterDay"},{"start":59,"end":76,"tag":"ButterChardonnay"},{"start":96,"end":101,"tag":"Yeti"},{"start":206,"end":210,"tag":"WIN"}],"urls":[{"start":212,"end":235,"url":"https://t.co/BSbbdD9Z7y","expanded_url":"https://ul.ink/T0S0-8VNAD8_T","display_url":"ul.ink/T0S0-8VNAD8_T"}],"mentions":[{"start":158,"end":173,"username":"BottleRockNapa"},{"start":181,"end":195,"username":"mattnathanson"}]},"reply_settings":"everyone","public_metrics":{"retweet_count":0,"reply_count":0,"like_count":0,"quote_count":0},"created_at":"2020-09-23T23:39:15.000Z","text":"Win a #ButterDay! For you and 3 besties. A prize pack with #ButterChardonnay, Govinos, a Butter #Yeti cooler and more swag! Plus a virtual JaMSession to meet @BottleRockNapa artist @MattNathanson. ENTER TO #WIN! https://t.co/BSbbdD9Z7y","id":"1308913850901827590"},{"author_id":"248270245","lang":"en","source":"Twitter Web App","entities":{"hashtags":[{"start":6,"end":16,"tag":"ButterDay"},{"start":59,"end":76,"tag":"ButterChardonnay"},{"start":96,"end":101,"tag":"Yeti"},{"start":206,"end":210,"tag":"WIN"}],"urls":[{"start":212,"end":235,"url":"https://t.co/fM69CIQ6IR","expanded_url":"https://ul.ink/SXH2-8VMS00_T","display_url":"ul.ink/SXH2-8VMS00_T"}],"mentions":[{"start":158,"end":173,"username":"BottleRockNapa"},{"start":181,"end":195,"username":"mattnathanson"}]},"reply_settings":"everyone","public_metrics":{"retweet_count":0,"reply_count":0,"like_count":0,"quote_count":0},"created_at":"2020-09-23T19:41:16.000Z","text":"Win a #ButterDay! For you and 3 besties. A prize pack with #ButterChardonnay, Govinos, a Butter #Yeti cooler and more swag! Plus a virtual JaMSession to meet @BottleRockNapa artist @MattNathanson. ENTER TO #WIN! https://t.co/fM69CIQ6IR","id":"1308853959927439361"},{"author_id":"516861298","lang":"en","source":"Twitter Web App","entities":{"hashtags":[{"start":6,"end":16,"tag":"ButterDay"},{"start":59,"end":76,"tag":"ButterChardonnay"},{"start":96,"end":101,"tag":"Yeti"},{"start":206,"end":210,"tag":"WIN"}],"urls":[{"start":212,"end":235,"url":"https://t.co/34c5IOBP8I","expanded_url":"https://ul.ink/T0QJ-8VMN06_T","display_url":"ul.ink/T0QJ-8VMN06_T"}],"mentions":[{"start":158,"end":173,"username":"BottleRockNapa"},{"start":181,"end":195,"username":"mattnathanson"}]},"reply_settings":"everyone","public_metrics":{"retweet_count":0,"reply_count":0,"like_count":0,"quote_count":0},"created_at":"2020-09-23T18:39:19.000Z","text":"Win a #ButterDay! For you and 3 besties. A prize pack with #ButterChardonnay, Govinos, a Butter #Yeti cooler and more swag! Plus a virtual JaMSession to meet @BottleRockNapa artist @MattNathanson. ENTER TO #WIN! https://t.co/34c5IOBP8I","id":"1308838372706787329"},{"author_id":"97140567","lang":"en","source":"Twitter Web App","entities":{"hashtags":[{"start":6,"end":16,"tag":"ButterDay"},{"start":59,"end":76,"tag":"ButterChardonnay"},{"start":96,"end":101,"tag":"Yeti"},{"start":206,"end":210,"tag":"WIN"}],"urls":[{"start":212,"end":235,"url":"https://t.co/sr9Qm5NMV2","expanded_url":"https://ul.ink/T0QJ-8VMFQ0_T","display_url":"ul.ink/T0QJ-8VMFQ0_T"}],"mentions":[{"start":158,"end":173,"username":"BottleRockNapa"},{"start":181,"end":195,"username":"mattnathanson"}]},"reply_settings":"everyone","public_metrics":{"retweet_count":0,"reply_count":0,"like_count":0,"quote_count":0},"created_at":"2020-09-23T17:12:21.000Z","text":"Win a #ButterDay! For you and 3 besties. A prize pack with #ButterChardonnay, Govinos, a Butter #Yeti cooler and more swag! Plus a virtual JaMSession to meet @BottleRockNapa artist @MattNathanson. ENTER TO #WIN! https://t.co/sr9Qm5NMV2","id":"1308816487482712065"},{"author_id":"21218783","lang":"en","source":"Twitter Web App","entities":{"hashtags":[{"start":6,"end":16,"tag":"ButterDay"},{"start":59,"end":76,"tag":"ButterChardonnay"},{"start":96,"end":101,"tag":"Yeti"},{"start":206,"end":210,"tag":"WIN"}],"urls":[{"start":212,"end":235,"url":"https://t.co/1SyCXyX2fN","expanded_url":"https://ul.ink/T0S0-8VKSKM_T","display_url":"ul.ink/T0S0-8VKSKM_T"}],"mentions":[{"start":158,"end":173,"username":"BottleRockNapa"},{"start":181,"end":195,"username":"mattnathanson"}]},"reply_settings":"everyone","public_metrics":{"retweet_count":0,"reply_count":0,"like_count":0,"quote_count":0},"created_at":"2020-09-23T12:58:56.000Z","text":"Win a #ButterDay! For you and 3 besties. A prize pack with #ButterChardonnay, Govinos, a Butter #Yeti cooler and more swag! Plus a virtual JaMSession to meet @BottleRockNapa artist @MattNathanson. ENTER TO #WIN! https://t.co/1SyCXyX2fN","id":"1308752711970697217"},{"author_id":"24354032","lang":"en","source":"Twitter Web App","entities":{"hashtags":[{"start":6,"end":16,"tag":"ButterDay"},{"start":59,"end":76,"tag":"ButterChardonnay"},{"start":96,"end":101,"tag":"Yeti"},{"start":206,"end":210,"tag":"WIN"}],"urls":[{"start":212,"end":235,"url":"https://t.co/mAGzJewJH2","expanded_url":"https://ul.ink/T0S0-8VJZGW_T","display_url":"ul.ink/T0S0-8VJZGW_T"}],"mentions":[{"start":158,"end":173,"username":"BottleRockNapa"},{"start":181,"end":195,"username":"mattnathanson"}]},"reply_settings":"everyone","public_metrics":{"retweet_count":0,"reply_count":0,"like_count":0,"quote_count":0},"created_at":"2020-09-23T00:38:06.000Z","text":"Win a #ButterDay! For you and 3 besties. A prize pack with #ButterChardonnay, Govinos, a Butter #Yeti cooler and more swag! Plus a virtual JaMSession to meet @BottleRockNapa artist @MattNathanson. ENTER TO #WIN! https://t.co/mAGzJewJH2","id":"1308566273060560896"},{"author_id":"248270245","lang":"en","source":"Twitter Web App","entities":{"hashtags":[{"start":6,"end":16,"tag":"ButterDay"},{"start":59,"end":76,"tag":"ButterChardonnay"},{"start":96,"end":101,"tag":"Yeti"},{"start":206,"end":210,"tag":"WIN"}],"urls":[{"start":212,"end":235,"url":"https://t.co/OTC7vTEoc9","expanded_url":"https://ul.ink/SXH2-8VJ846_T","display_url":"ul.ink/SXH2-8VJ846_T"}],"mentions":[{"start":158,"end":173,"username":"BottleRockNapa"},{"start":181,"end":195,"username":"mattnathanson"}]},"reply_settings":"everyone","public_metrics":{"retweet_count":0,"reply_count":0,"like_count":0,"quote_count":0},"created_at":"2020-09-22T18:35:31.000Z","text":"Win a #ButterDay! For you and 3 besties. A prize pack with #ButterChardonnay, Govinos, a Butter #Yeti cooler and more swag! Plus a virtual JaMSession to meet @BottleRockNapa artist @MattNathanson. ENTER TO #WIN! https://t.co/OTC7vTEoc9","id":"1308475026258132992"},{"author_id":"97140567","lang":"en","source":"Twitter Web App","entities":{"hashtags":[{"start":6,"end":16,"tag":"ButterDay"},{"start":59,"end":76,"tag":"ButterChardonnay"},{"start":96,"end":101,"tag":"Yeti"},{"start":206,"end":210,"tag":"WIN"}],"urls":[{"start":212,"end":235,"url":"https://t.co/hS1hdNALy9","expanded_url":"https://ul.ink/T0QJ-8VJ436_T","display_url":"ul.ink/T0QJ-8VJ436_T"}],"mentions":[{"start":158,"end":173,"username":"BottleRockNapa"},{"start":181,"end":195,"username":"mattnathanson"}]},"reply_settings":"everyone","public_metrics":{"retweet_count":0,"reply_count":0,"like_count":0,"quote_count":0},"created_at":"2020-09-22T17:49:18.000Z","text":"Win a #ButterDay! For you and 3 besties. A prize pack with #ButterChardonnay, Govinos, a Butter #Yeti cooler and more swag! Plus a virtual JaMSession to meet @BottleRockNapa artist @MattNathanson. ENTER TO #WIN! https://t.co/hS1hdNALy9","id":"1308463396828794880"},{"author_id":"21218783","lang":"en","source":"Twitter Web App","entities":{"hashtags":[{"start":6,"end":16,"tag":"ButterDay"},{"start":59,"end":76,"tag":"ButterChardonnay"},{"start":96,"end":101,"tag":"Yeti"},{"start":206,"end":210,"tag":"WIN"}],"urls":[{"start":212,"end":235,"url":"https://t.co/OBRk7ZzsZ4","expanded_url":"https://ul.ink/T0S0-8VH8EM_T","display_url":"ul.ink/T0S0-8VH8EM_T"}],"mentions":[{"start":158,"end":173,"username":"BottleRockNapa"},{"start":181,"end":195,"username":"mattnathanson"}]},"reply_settings":"everyone","public_metrics":{"retweet_count":0,"reply_count":0,"like_count":0,"quote_count":0},"created_at":"2020-09-22T12:39:59.000Z","text":"Win a #ButterDay! For you and 3 besties. A prize pack with #ButterChardonnay, Govinos, a Butter #Yeti cooler and more swag! Plus a virtual JaMSession to meet @BottleRockNapa artist @MattNathanson. ENTER TO #WIN! https://t.co/OBRk7ZzsZ4","id":"1308385553973497862"},{"author_id":"24354032","lang":"en","source":"Twitter Web App","entities":{"hashtags":[{"start":6,"end":16,"tag":"ButterDay"},{"start":59,"end":76,"tag":"ButterChardonnay"},{"start":96,"end":101,"tag":"Yeti"},{"start":206,"end":210,"tag":"WIN"}],"urls":[{"start":212,"end":235,"url":"https://t.co/KVAdsJ4V1g","expanded_url":"https://ul.ink/T0S0-8VGJA8_T","display_url":"ul.ink/T0S0-8VGJA8_T"}],"mentions":[{"start":158,"end":173,"username":"BottleRockNapa"},{"start":181,"end":195,"username":"mattnathanson"}]},"reply_settings":"everyone","public_metrics":{"retweet_count":0,"reply_count":0,"like_count":0,"quote_count":0},"created_at":"2020-09-22T00:24:14.000Z","text":"Win a #ButterDay! For you and 3 besties. A prize pack with #ButterChardonnay, Govinos, a Butter #Yeti cooler and more swag! Plus a virtual JaMSession to meet @BottleRockNapa artist @MattNathanson. ENTER TO #WIN! https://t.co/KVAdsJ4V1g","id":"1308200398247739393"},{"author_id":"248270245","lang":"en","source":"Twitter Web App","entities":{"hashtags":[{"start":6,"end":16,"tag":"ButterDay"},{"start":59,"end":76,"tag":"ButterChardonnay"},{"start":96,"end":101,"tag":"Yeti"},{"start":206,"end":210,"tag":"WIN"}],"urls":[{"start":212,"end":235,"url":"https://t.co/XRqyohq96R","expanded_url":"https://ul.ink/SXH2-8VFYB2_T","display_url":"ul.ink/SXH2-8VFYB2_T"}],"mentions":[{"start":158,"end":173,"username":"BottleRockNapa"},{"start":181,"end":195,"username":"mattnathanson"}]},"reply_settings":"everyone","public_metrics":{"retweet_count":0,"reply_count":0,"like_count":0,"quote_count":0},"created_at":"2020-09-21T18:35:45.000Z","text":"Win a #ButterDay! For you and 3 besties. A prize pack with #ButterChardonnay, Govinos, a Butter #Yeti cooler and more swag! Plus a virtual JaMSession to meet @BottleRockNapa artist @MattNathanson. ENTER TO #WIN! https://t.co/XRqyohq96R","id":"1308112699646193667"},{"author_id":"97140567","lang":"en","source":"Twitter Web App","entities":{"hashtags":[{"start":6,"end":16,"tag":"ButterDay"},{"start":59,"end":76,"tag":"ButterChardonnay"},{"start":96,"end":101,"tag":"Yeti"},{"start":206,"end":210,"tag":"WIN"}],"urls":[{"start":212,"end":235,"url":"https://t.co/mYCiK3Txf2","expanded_url":"https://ul.ink/T0QJ-8VFSCM_T","display_url":"ul.ink/T0QJ-8VFSCM_T"}],"mentions":[{"start":158,"end":173,"username":"BottleRockNapa"},{"start":181,"end":195,"username":"mattnathanson"}]},"reply_settings":"everyone","public_metrics":{"retweet_count":0,"reply_count":0,"like_count":0,"quote_count":0},"created_at":"2020-09-21T17:09:14.000Z","text":"Win a #ButterDay! For you and 3 besties. A prize pack with #ButterChardonnay, Govinos, a Butter #Yeti cooler and more swag! Plus a virtual JaMSession to meet @BottleRockNapa artist @MattNathanson. ENTER TO #WIN! https://t.co/mYCiK3Txf2","id":"1308090926141562880"},{"author_id":"21218783","lang":"en","source":"Twitter Web App","entities":{"hashtags":[{"start":6,"end":16,"tag":"ButterDay"},{"start":59,"end":76,"tag":"ButterChardonnay"},{"start":96,"end":101,"tag":"Yeti"},{"start":206,"end":210,"tag":"WIN"}],"urls":[{"start":212,"end":235,"url":"https://t.co/vSopSyxY7h","expanded_url":"https://ul.ink/T0S0-8VF9NP_T","display_url":"ul.ink/T0S0-8VF9NP_T"}],"mentions":[{"start":158,"end":173,"username":"BottleRockNapa"},{"start":181,"end":195,"username":"mattnathanson"}]},"reply_settings":"everyone","public_metrics":{"retweet_count":0,"reply_count":0,"like_count":0,"quote_count":0},"created_at":"2020-09-21T13:40:59.000Z","text":"Win a #ButterDay! For you and 3 besties. A prize pack with #ButterChardonnay, Govinos, a Butter #Yeti cooler and more swag! Plus a virtual JaMSession to meet @BottleRockNapa artist @MattNathanson. ENTER TO #WIN! https://t.co/vSopSyxY7h","id":"1308038519135272961"},{"author_id":"24354032","lang":"en","source":"Twitter Web App","entities":{"hashtags":[{"start":6,"end":16,"tag":"ButterDay"},{"start":59,"end":76,"tag":"ButterChardonnay"},{"start":96,"end":101,"tag":"Yeti"},{"start":206,"end":210,"tag":"WIN"}],"urls":[{"start":212,"end":235,"url":"https://t.co/yxyDLtkige","expanded_url":"https://ul.ink/T0S0-8VE9CA_T","display_url":"ul.ink/T0S0-8VE9CA_T"}],"mentions":[{"start":158,"end":173,"username":"BottleRockNapa"},{"start":181,"end":195,"username":"mattnathanson"}]},"reply_settings":"everyone","public_metrics":{"retweet_count":0,"reply_count":0,"like_count":0,"quote_count":0},"created_at":"2020-09-20T19:51:20.000Z","text":"Win a #ButterDay! For you and 3 besties. A prize pack with #ButterChardonnay, Govinos, a Butter #Yeti cooler and more swag! Plus a virtual JaMSession to meet @BottleRockNapa artist @MattNathanson. ENTER TO #WIN! https://t.co/yxyDLtkige","id":"1307769333632741382"},{"author_id":"248270245","lang":"en","source":"Twitter Web App","entities":{"hashtags":[{"start":6,"end":16,"tag":"ButterDay"},{"start":59,"end":76,"tag":"ButterChardonnay"},{"start":96,"end":101,"tag":"Yeti"},{"start":206,"end":210,"tag":"WIN"}],"urls":[{"start":212,"end":235,"url":"https://t.co/fymxF6GIQa","expanded_url":"https://ul.ink/SXH2-8VE8FW_T","display_url":"ul.ink/SXH2-8VE8FW_T"}],"mentions":[{"start":158,"end":173,"username":"BottleRockNapa"},{"start":181,"end":195,"username":"mattnathanson"}]},"reply_settings":"everyone","public_metrics":{"retweet_count":0,"reply_count":0,"like_count":0,"quote_count":0},"created_at":"2020-09-20T19:20:58.000Z","text":"Win a #ButterDay! For you and 3 besties. A prize pack with #ButterChardonnay, Govinos, a Butter #Yeti cooler and more swag! Plus a virtual JaMSession to meet @BottleRockNapa artist @MattNathanson. ENTER TO #WIN! https://t.co/fymxF6GIQa","id":"1307761688872181760"},{"author_id":"97140567","lang":"en","source":"Twitter Web App","entities":{"hashtags":[{"start":6,"end":16,"tag":"ButterDay"},{"start":59,"end":76,"tag":"ButterChardonnay"},{"start":96,"end":101,"tag":"Yeti"},{"start":206,"end":210,"tag":"WIN"}],"urls":[{"start":212,"end":235,"url":"https://t.co/PwdE9nEGQ0","expanded_url":"https://ul.ink/T0QJ-8VE6PM_T","display_url":"ul.ink/T0QJ-8VE6PM_T"}],"mentions":[{"start":158,"end":173,"username":"BottleRockNapa"},{"start":181,"end":195,"username":"mattnathanson"}]},"reply_settings":"everyone","public_metrics":{"retweet_count":0,"reply_count":0,"like_count":0,"quote_count":0},"created_at":"2020-09-20T18:23:51.000Z","text":"Win a #ButterDay! For you and 3 besties. A prize pack with #ButterChardonnay, Govinos, a Butter #Yeti cooler and more swag! Plus a virtual JaMSession to meet @BottleRockNapa artist @MattNathanson. ENTER TO #WIN! https://t.co/PwdE9nEGQ0","id":"1307747316158267393"},{"author_id":"106658196","lang":"en","source":"Twitter for Android","entities":{"hashtags":[{"start":6,"end":16,"tag":"ButterDay"},{"start":59,"end":76,"tag":"ButterChardonnay"},{"start":96,"end":101,"tag":"Yeti"},{"start":206,"end":210,"tag":"WIN"}],"urls":[{"start":212,"end":235,"url":"https://t.co/rph9r6SqWh","expanded_url":"https://ul.ink/T0S0-8VE2AG_T","display_url":"ul.ink/T0S0-8VE2AG_T"}],"mentions":[{"start":158,"end":173,"username":"BottleRockNapa"},{"start":181,"end":195,"username":"mattnathanson"}]},"reply_settings":"everyone","public_metrics":{"retweet_count":0,"reply_count":0,"like_count":0,"quote_count":0},"created_at":"2020-09-20T16:24:46.000Z","text":"Win a #ButterDay! For you and 3 besties. A prize pack with #ButterChardonnay, Govinos, a Butter #Yeti cooler and more swag! Plus a virtual JaMSession to meet @BottleRockNapa artist @MattNathanson. ENTER TO #WIN! https://t.co/rph9r6SqWh","id":"1307717349336727552"},{"author_id":"21218783","lang":"en","source":"Twitter Web App","entities":{"hashtags":[{"start":6,"end":16,"tag":"ButterDay"},{"start":59,"end":76,"tag":"ButterChardonnay"},{"start":96,"end":101,"tag":"Yeti"},{"start":206,"end":210,"tag":"WIN"}],"urls":[{"start":212,"end":235,"url":"https://t.co/u6HB2Czr8l","expanded_url":"https://ul.ink/T0S0-8VDV1A_T","display_url":"ul.ink/T0S0-8VDV1A_T"}],"mentions":[{"start":158,"end":173,"username":"BottleRockNapa"},{"start":181,"end":195,"username":"mattnathanson"}]},"reply_settings":"everyone","public_metrics":{"retweet_count":0,"reply_count":0,"like_count":0,"quote_count":0},"created_at":"2020-09-20T13:37:15.000Z","text":"Win a #ButterDay! For you and 3 besties. A prize pack with #ButterChardonnay, Govinos, a Butter #Yeti cooler and more swag! Plus a virtual JaMSession to meet @BottleRockNapa artist @MattNathanson. ENTER TO #WIN! https://t.co/u6HB2Czr8l","id":"1307675188696408071"},{"author_id":"1223134010500513792","entities":{"annotations":[{"start":91,"end":96,"probability":0.6758,"type":"Organization","normalized_text":"Amazon"}],"urls":[{"start":267,"end":290,"url":"https://t.co/Joai3Nqhx2","expanded_url":"https://www.amazon.com/Sogrand-Decorative-Decorations-Stainless-Landscape/dp/B07PGL39CZ/ref=sr_1_2?dchild=1&keywords=solar+garden+lights&m=A39PH15OSSYYUG&qid=1598234315&s=merchant-items&sr=1-2","display_url":"amazon.com/Sogrand-Decora…"},{"start":291,"end":314,"url":"https://t.co/TR8Zhd5iq0","expanded_url":"https://twitter.com/pari56276/status/1307566036896546816/photo/1","display_url":"pic.twitter.com/TR8Zhd5iq0"}],"mentions":[{"start":0,"end":16,"username":"SolarEnergyNews"},{"start":17,"end":32,"username":"BottleRockNapa"}]},"lang":"en","source":"Twitter Web App","in_reply_to_user_id":"20832496","reply_settings":"everyone","public_metrics":{"retweet_count":0,"reply_count":0,"like_count":0,"quote_count":0},"created_at":"2020-09-20T06:23:31.000Z","text":"@SolarEnergyNews @BottleRockNapa Hi guys, I would recommend a great Solar Lights seller on Amazon which I bought from and used for years, really got great fun and charming lighting atmosphere around house.\n \nHere is the beautiful Solar garden lights I like so much : https://t.co/Joai3Nqhx2 https://t.co/TR8Zhd5iq0","id":"1307566036896546816"},{"author_id":"248270245","lang":"en","source":"Twitter Web App","entities":{"hashtags":[{"start":6,"end":16,"tag":"ButterDay"},{"start":59,"end":76,"tag":"ButterChardonnay"},{"start":96,"end":101,"tag":"Yeti"},{"start":206,"end":210,"tag":"WIN"}],"urls":[{"start":212,"end":235,"url":"https://t.co/QXsTdoqDa9","expanded_url":"https://ul.ink/SXH2-8VD1QY_T","display_url":"ul.ink/SXH2-8VD1QY_T"}],"mentions":[{"start":158,"end":173,"username":"BottleRockNapa"},{"start":181,"end":195,"username":"mattnathanson"}]},"reply_settings":"everyone","public_metrics":{"retweet_count":1,"reply_count":0,"like_count":0,"quote_count":0},"created_at":"2020-09-19T18:14:55.000Z","text":"Win a #ButterDay! For you and 3 besties. A prize pack with #ButterChardonnay, Govinos, a Butter #Yeti cooler and more swag! Plus a virtual JaMSession to meet @BottleRockNapa artist @MattNathanson. ENTER TO #WIN! https://t.co/QXsTdoqDa9","id":"1307382680389025792"},{"author_id":"97140567","lang":"en","source":"Twitter Web App","entities":{"hashtags":[{"start":6,"end":16,"tag":"ButterDay"},{"start":59,"end":76,"tag":"ButterChardonnay"},{"start":96,"end":101,"tag":"Yeti"},{"start":206,"end":210,"tag":"WIN"}],"urls":[{"start":212,"end":235,"url":"https://t.co/XkKQQg0Bps","expanded_url":"https://ul.ink/T0QJ-8VD098_T","display_url":"ul.ink/T0QJ-8VD098_T"}],"mentions":[{"start":158,"end":173,"username":"BottleRockNapa"},{"start":181,"end":195,"username":"mattnathanson"}]},"reply_settings":"everyone","public_metrics":{"retweet_count":0,"reply_count":0,"like_count":0,"quote_count":0},"created_at":"2020-09-19T17:36:24.000Z","text":"Win a #ButterDay! For you and 3 besties. A prize pack with #ButterChardonnay, Govinos, a Butter #Yeti cooler and more swag! Plus a virtual JaMSession to meet @BottleRockNapa artist @MattNathanson. ENTER TO #WIN! https://t.co/XkKQQg0Bps","id":"1307372987046273024"},{"author_id":"21218783","lang":"en","source":"Twitter Web App","entities":{"hashtags":[{"start":6,"end":16,"tag":"ButterDay"},{"start":59,"end":76,"tag":"ButterChardonnay"},{"start":96,"end":101,"tag":"Yeti"},{"start":206,"end":210,"tag":"WIN"}],"urls":[{"start":212,"end":235,"url":"https://t.co/32EmKfSd2Z","expanded_url":"https://ul.ink/T0S0-8VCJCY_T","display_url":"ul.ink/T0S0-8VCJCY_T"}],"mentions":[{"start":158,"end":173,"username":"BottleRockNapa"},{"start":181,"end":195,"username":"mattnathanson"}]},"reply_settings":"everyone","public_metrics":{"retweet_count":0,"reply_count":0,"like_count":0,"quote_count":0},"created_at":"2020-09-19T12:29:07.000Z","text":"Win a #ButterDay! For you and 3 besties. A prize pack with #ButterChardonnay, Govinos, a Butter #Yeti cooler and more swag! Plus a virtual JaMSession to meet @BottleRockNapa artist @MattNathanson. ENTER TO #WIN! https://t.co/32EmKfSd2Z","id":"1307295654536937472"},{"author_id":"24354032","lang":"en","source":"Twitter Web App","entities":{"hashtags":[{"start":6,"end":16,"tag":"ButterDay"},{"start":59,"end":76,"tag":"ButterChardonnay"},{"start":96,"end":101,"tag":"Yeti"},{"start":206,"end":210,"tag":"WIN"}],"urls":[{"start":212,"end":235,"url":"https://t.co/DJTnQ8RRIM","expanded_url":"https://ul.ink/T0S0-8VBYBA_T","display_url":"ul.ink/T0S0-8VBYBA_T"}],"mentions":[{"start":158,"end":173,"username":"BottleRockNapa"},{"start":181,"end":195,"username":"mattnathanson"}]},"reply_settings":"everyone","public_metrics":{"retweet_count":1,"reply_count":0,"like_count":0,"quote_count":0},"created_at":"2020-09-18T22:33:40.000Z","text":"Win a #ButterDay! For you and 3 besties. A prize pack with #ButterChardonnay, Govinos, a Butter #Yeti cooler and more swag! Plus a virtual JaMSession to meet @BottleRockNapa artist @MattNathanson. ENTER TO #WIN! https://t.co/DJTnQ8RRIM","id":"1307085407205691392"},{"author_id":"97140567","lang":"en","source":"Twitter Web App","entities":{"hashtags":[{"start":6,"end":16,"tag":"ButterDay"},{"start":59,"end":76,"tag":"ButterChardonnay"},{"start":96,"end":101,"tag":"Yeti"},{"start":206,"end":210,"tag":"WIN"}],"urls":[{"start":212,"end":235,"url":"https://t.co/MCDsk0IRQg","expanded_url":"https://ul.ink/T0QJ-8VBFV6_T","display_url":"ul.ink/T0QJ-8VBFV6_T"}],"mentions":[{"start":158,"end":173,"username":"BottleRockNapa"},{"start":181,"end":195,"username":"mattnathanson"}]},"reply_settings":"everyone","public_metrics":{"retweet_count":0,"reply_count":0,"like_count":0,"quote_count":0},"created_at":"2020-09-18T17:53:27.000Z","text":"Win a #ButterDay! For you and 3 besties. A prize pack with #ButterChardonnay, Govinos, a Butter #Yeti cooler and more swag! Plus a virtual JaMSession to meet @BottleRockNapa artist @MattNathanson. ENTER TO #WIN! https://t.co/MCDsk0IRQg","id":"1307014888292716545"},{"author_id":"21218783","lang":"en","source":"Twitter Web App","entities":{"hashtags":[{"start":6,"end":16,"tag":"ButterDay"},{"start":59,"end":76,"tag":"ButterChardonnay"},{"start":96,"end":101,"tag":"Yeti"},{"start":206,"end":210,"tag":"WIN"}],"urls":[{"start":212,"end":235,"url":"https://t.co/3RGFuY3yHl","expanded_url":"https://ul.ink/T0S0-8VAJMT_T","display_url":"ul.ink/T0S0-8VAJMT_T"}],"mentions":[{"start":158,"end":173,"username":"BottleRockNapa"},{"start":181,"end":195,"username":"mattnathanson"}]},"reply_settings":"everyone","public_metrics":{"retweet_count":0,"reply_count":0,"like_count":0,"quote_count":0},"created_at":"2020-09-18T10:47:59.000Z","text":"Win a #ButterDay! For you and 3 besties. A prize pack with #ButterChardonnay, Govinos, a Butter #Yeti cooler and more swag! Plus a virtual JaMSession to meet @BottleRockNapa artist @MattNathanson. ENTER TO #WIN! https://t.co/3RGFuY3yHl","id":"1306907818713382912"},{"author_id":"948656989722333184","lang":"en","source":"Twitter for iPhone","in_reply_to_user_id":"3771137541","reply_settings":"everyone","public_metrics":{"retweet_count":0,"reply_count":0,"like_count":1,"quote_count":0},"created_at":"2020-09-18T01:01:56.000Z","text":"@lisastokoe24 @BottleRockNapa @mattnathanson @smokeysausage @JaneJetson17 Good luck \uD83D\uDE01\uD83D\uDC4D","entities":{"mentions":[{"start":0,"end":13,"username":"lisastokoe24"},{"start":14,"end":29,"username":"BottleRockNapa"},{"start":30,"end":44,"username":"mattnathanson"},{"start":45,"end":59,"username":"smokeysausage"},{"start":60,"end":73,"username":"JaneJetson17"}]},"id":"1306760331813965830"},{"author_id":"3771137541","lang":"en","source":"Twitter for iPad","entities":{"hashtags":[{"start":6,"end":16,"tag":"ButterDay"},{"start":59,"end":76,"tag":"ButterChardonnay"},{"start":96,"end":101,"tag":"Yeti"},{"start":206,"end":210,"tag":"WIN"}],"urls":[{"start":212,"end":235,"url":"https://t.co/ydQsop2EQt","expanded_url":"https://ul.ink/T0S0-8VA5M2_T","display_url":"ul.ink/T0S0-8VA5M2_T"}],"mentions":[{"start":158,"end":173,"username":"BottleRockNapa"},{"start":181,"end":195,"username":"mattnathanson"},{"start":236,"end":250,"username":"smokeysausage"},{"start":252,"end":261,"username":"Dawn9469"},{"start":263,"end":276,"username":"JaneJetson17"}]},"reply_settings":"everyone","public_metrics":{"retweet_count":0,"reply_count":1,"like_count":2,"quote_count":0},"created_at":"2020-09-18T01:00:05.000Z","text":"Win a #ButterDay! For you and 3 besties. A prize pack with #ButterChardonnay, Govinos, a Butter #Yeti cooler and more swag! Plus a virtual JaMSession to meet @BottleRockNapa artist @MattNathanson. ENTER TO #WIN! https://t.co/ydQsop2EQt\n@smokeysausage  @Dawn9469  @JaneJetson17","id":"1306759866334228480"},{"author_id":"24354032","lang":"en","source":"Twitter Web App","entities":{"hashtags":[{"start":6,"end":16,"tag":"ButterDay"},{"start":59,"end":76,"tag":"ButterChardonnay"},{"start":96,"end":101,"tag":"Yeti"},{"start":206,"end":210,"tag":"WIN"}],"urls":[{"start":212,"end":235,"url":"https://t.co/EwBtnNa0b3","expanded_url":"https://ul.ink/T0S0-8VA4ZT_T","display_url":"ul.ink/T0S0-8VA4ZT_T"}],"mentions":[{"start":158,"end":173,"username":"BottleRockNapa"},{"start":181,"end":195,"username":"mattnathanson"}]},"reply_settings":"everyone","public_metrics":{"retweet_count":1,"reply_count":0,"like_count":1,"quote_count":0},"created_at":"2020-09-18T00:44:25.000Z","text":"Win a #ButterDay! For you and 3 besties. A prize pack with #ButterChardonnay, Govinos, a Butter #Yeti cooler and more swag! Plus a virtual JaMSession to meet @BottleRockNapa artist @MattNathanson. ENTER TO #WIN! https://t.co/EwBtnNa0b3","id":"1306755926506917890"},{"author_id":"248270245","lang":"en","source":"Twitter Web App","entities":{"hashtags":[{"start":6,"end":16,"tag":"ButterDay"},{"start":59,"end":76,"tag":"ButterChardonnay"},{"start":96,"end":101,"tag":"Yeti"},{"start":206,"end":210,"tag":"WIN"}],"urls":[{"start":212,"end":235,"url":"https://t.co/uAkwaHKi1H","expanded_url":"https://ul.ink/SXH2-8V9DX0_T","display_url":"ul.ink/SXH2-8V9DX0_T"}],"mentions":[{"start":158,"end":173,"username":"BottleRockNapa"},{"start":181,"end":195,"username":"mattnathanson"}]},"reply_settings":"everyone","public_metrics":{"retweet_count":0,"reply_count":0,"like_count":0,"quote_count":0},"created_at":"2020-09-17T18:48:32.000Z","text":"Win a #ButterDay! For you and 3 besties. A prize pack with #ButterChardonnay, Govinos, a Butter #Yeti cooler and more swag! Plus a virtual JaMSession to meet @BottleRockNapa artist @MattNathanson. ENTER TO #WIN! https://t.co/uAkwaHKi1H","id":"1306666362820014085"},{"author_id":"97140567","lang":"en","source":"Twitter Web App","entities":{"hashtags":[{"start":6,"end":16,"tag":"ButterDay"},{"start":59,"end":76,"tag":"ButterChardonnay"},{"start":96,"end":101,"tag":"Yeti"},{"start":206,"end":210,"tag":"WIN"}],"urls":[{"start":212,"end":235,"url":"https://t.co/1GBbhcCUlM","expanded_url":"https://ul.ink/T0QJ-8V9C0C_T","display_url":"ul.ink/T0QJ-8V9C0C_T"}],"mentions":[{"start":158,"end":173,"username":"BottleRockNapa"},{"start":181,"end":195,"username":"mattnathanson"}]},"reply_settings":"everyone","public_metrics":{"retweet_count":1,"reply_count":0,"like_count":0,"quote_count":0},"created_at":"2020-09-17T18:14:30.000Z","text":"Win a #ButterDay! For you and 3 besties. A prize pack with #ButterChardonnay, Govinos, a Butter #Yeti cooler and more swag! Plus a virtual JaMSession to meet @BottleRockNapa artist @MattNathanson. ENTER TO #WIN! https://t.co/1GBbhcCUlM","id":"1306657797140959233"},{"author_id":"21218783","lang":"en","source":"Twitter Web App","entities":{"hashtags":[{"start":6,"end":16,"tag":"ButterDay"},{"start":59,"end":76,"tag":"ButterChardonnay"},{"start":96,"end":101,"tag":"Yeti"},{"start":206,"end":210,"tag":"WIN"}],"urls":[{"start":212,"end":235,"url":"https://t.co/u789glUYhj","expanded_url":"https://ul.ink/T0S0-8V8BAT_T","display_url":"ul.ink/T0S0-8V8BAT_T"}],"mentions":[{"start":158,"end":173,"username":"BottleRockNapa"},{"start":181,"end":195,"username":"mattnathanson"}]},"reply_settings":"everyone","public_metrics":{"retweet_count":0,"reply_count":0,"like_count":0,"quote_count":0},"created_at":"2020-09-17T11:03:53.000Z","text":"Win a #ButterDay! For you and 3 besties. A prize pack with #ButterChardonnay, Govinos, a Butter #Yeti cooler and more swag! Plus a virtual JaMSession to meet @BottleRockNapa artist @MattNathanson. ENTER TO #WIN! https://t.co/u789glUYhj","id":"1306549431362351104"},{"author_id":"24354032","lang":"en","source":"Twitter Web App","entities":{"hashtags":[{"start":6,"end":16,"tag":"ButterDay"},{"start":59,"end":76,"tag":"ButterChardonnay"},{"start":96,"end":101,"tag":"Yeti"},{"start":206,"end":210,"tag":"WIN"}],"urls":[{"start":212,"end":235,"url":"https://t.co/43tKXhV2SK","expanded_url":"https://ul.ink/T0S0-8V832T_T","display_url":"ul.ink/T0S0-8V832T_T"}],"mentions":[{"start":158,"end":173,"username":"BottleRockNapa"},{"start":181,"end":195,"username":"mattnathanson"}]},"reply_settings":"everyone","public_metrics":{"retweet_count":0,"reply_count":0,"like_count":0,"quote_count":0},"created_at":"2020-09-17T03:14:29.000Z","text":"Win a #ButterDay! For you and 3 besties. A prize pack with #ButterChardonnay, Govinos, a Butter #Yeti cooler and more swag! Plus a virtual JaMSession to meet @BottleRockNapa artist @MattNathanson. ENTER TO #WIN! https://t.co/43tKXhV2SK","id":"1306431301918969856"},{"author_id":"248270245","lang":"en","source":"Twitter Web App","entities":{"hashtags":[{"start":6,"end":16,"tag":"ButterDay"},{"start":59,"end":76,"tag":"ButterChardonnay"},{"start":96,"end":101,"tag":"Yeti"},{"start":206,"end":210,"tag":"WIN"}],"urls":[{"start":212,"end":235,"url":"https://t.co/7H7cZ2KRxo","expanded_url":"https://ul.ink/SXH2-8V7E84_T","display_url":"ul.ink/SXH2-8V7E84_T"}],"mentions":[{"start":158,"end":173,"username":"BottleRockNapa"},{"start":181,"end":195,"username":"mattnathanson"}]},"reply_settings":"everyone","public_metrics":{"retweet_count":0,"reply_count":0,"like_count":0,"quote_count":0},"created_at":"2020-09-16T20:42:22.000Z","text":"Win a #ButterDay! For you and 3 besties. A prize pack with #ButterChardonnay, Govinos, a Butter #Yeti cooler and more swag! Plus a virtual JaMSession to meet @BottleRockNapa artist @MattNathanson. ENTER TO #WIN! https://t.co/7H7cZ2KRxo","id":"1306332623892090880"},{"author_id":"866851767505395712","lang":"en","source":"Twitter for iPhone","entities":{"hashtags":[{"start":6,"end":16,"tag":"ButterDay"},{"start":59,"end":76,"tag":"ButterChardonnay"},{"start":96,"end":101,"tag":"Yeti"},{"start":206,"end":210,"tag":"WIN"}],"urls":[{"start":212,"end":235,"url":"https://t.co/C8Q4uOjEpa","expanded_url":"https://ul.ink/T0S0-8V7AH6_T","display_url":"ul.ink/T0S0-8V7AH6_T"}],"mentions":[{"start":158,"end":173,"username":"BottleRockNapa"},{"start":181,"end":195,"username":"mattnathanson"}]},"reply_settings":"everyone","public_metrics":{"retweet_count":0,"reply_count":0,"like_count":0,"quote_count":0},"created_at":"2020-09-16T20:08:16.000Z","text":"Win a #ButterDay! For you and 3 besties. A prize pack with #ButterChardonnay, Govinos, a Butter #Yeti cooler and more swag! Plus a virtual JaMSession to meet @BottleRockNapa artist @MattNathanson. ENTER TO #WIN! https://t.co/C8Q4uOjEpa","id":"1306324043063111680"},{"author_id":"97140567","lang":"en","source":"Twitter Web App","entities":{"hashtags":[{"start":6,"end":16,"tag":"ButterDay"},{"start":59,"end":76,"tag":"ButterChardonnay"},{"start":96,"end":101,"tag":"Yeti"},{"start":206,"end":210,"tag":"WIN"}],"urls":[{"start":212,"end":235,"url":"https://t.co/r2oEsmOFnM","expanded_url":"https://ul.ink/T0QJ-8V73NA_T","display_url":"ul.ink/T0QJ-8V73NA_T"}],"mentions":[{"start":158,"end":173,"username":"BottleRockNapa"},{"start":181,"end":195,"username":"mattnathanson"}]},"reply_settings":"everyone","public_metrics":{"retweet_count":0,"reply_count":0,"like_count":0,"quote_count":0},"created_at":"2020-09-16T18:11:15.000Z","text":"Win a #ButterDay! For you and 3 besties. A prize pack with #ButterChardonnay, Govinos, a Butter #Yeti cooler and more swag! Plus a virtual JaMSession to meet @BottleRockNapa artist @MattNathanson. ENTER TO #WIN! https://t.co/r2oEsmOFnM","id":"1306294593491664898"},{"author_id":"602949303","lang":"en","source":"Twitter Web App","entities":{"hashtags":[{"start":6,"end":16,"tag":"ButterDay"},{"start":59,"end":76,"tag":"ButterChardonnay"},{"start":96,"end":101,"tag":"Yeti"},{"start":206,"end":210,"tag":"WIN"}],"urls":[{"start":212,"end":235,"url":"https://t.co/LU4VHo2CMT","expanded_url":"https://ul.ink/T0S4-8V6ZZM_T","display_url":"ul.ink/T0S4-8V6ZZM_T"}],"mentions":[{"start":158,"end":173,"username":"BottleRockNapa"},{"start":181,"end":195,"username":"mattnathanson"}]},"reply_settings":"everyone","public_metrics":{"retweet_count":0,"reply_count":0,"like_count":0,"quote_count":0},"created_at":"2020-09-16T16:59:21.000Z","text":"Win a #ButterDay! For you and 3 besties. A prize pack with #ButterChardonnay, Govinos, a Butter #Yeti cooler and more swag! Plus a virtual JaMSession to meet @BottleRockNapa artist @MattNathanson. ENTER TO #WIN! https://t.co/LU4VHo2CMT","id":"1306276500312748034"},{"author_id":"1287261720","lang":"en","source":"Twitter Web App","entities":{"hashtags":[{"start":6,"end":16,"tag":"ButterDay"},{"start":59,"end":76,"tag":"ButterChardonnay"},{"start":96,"end":101,"tag":"Yeti"},{"start":206,"end":210,"tag":"WIN"}],"urls":[{"start":212,"end":235,"url":"https://t.co/dPtPXmTzFC","expanded_url":"https://ul.ink/T0QJ-8TZ4MT_T","display_url":"ul.ink/T0QJ-8TZ4MT_T"}],"mentions":[{"start":158,"end":173,"username":"BottleRockNapa"},{"start":181,"end":195,"username":"mattnathanson"}]},"reply_settings":"everyone","public_metrics":{"retweet_count":0,"reply_count":0,"like_count":0,"quote_count":0},"created_at":"2020-09-16T13:19:27.000Z","text":"Win a #ButterDay! For you and 3 besties. A prize pack with #ButterChardonnay, Govinos, a Butter #Yeti cooler and more swag! Plus a virtual JaMSession to meet @BottleRockNapa artist @MattNathanson. ENTER TO #WIN! https://t.co/dPtPXmTzFC","id":"1306221160590311427"},{"author_id":"21218783","lang":"en","source":"Twitter Web App","entities":{"hashtags":[{"start":6,"end":16,"tag":"ButterDay"},{"start":59,"end":76,"tag":"ButterChardonnay"},{"start":96,"end":101,"tag":"Yeti"},{"start":206,"end":210,"tag":"WIN"}],"urls":[{"start":212,"end":235,"url":"https://t.co/9I0D0aSN7w","expanded_url":"https://ul.ink/T0S0-8V686Y_T","display_url":"ul.ink/T0S0-8V686Y_T"}],"mentions":[{"start":158,"end":173,"username":"BottleRockNapa"},{"start":181,"end":195,"username":"mattnathanson"}]},"reply_settings":"everyone","public_metrics":{"retweet_count":0,"reply_count":0,"like_count":0,"quote_count":0},"created_at":"2020-09-16T11:41:03.000Z","text":"Win a #ButterDay! For you and 3 besties. A prize pack with #ButterChardonnay, Govinos, a Butter #Yeti cooler and more swag! Plus a virtual JaMSession to meet @BottleRockNapa artist @MattNathanson. ENTER TO #WIN! https://t.co/9I0D0aSN7w","id":"1306196395456593921"},{"author_id":"866851767505395712","lang":"en","source":"Twitter Web App","entities":{"hashtags":[{"start":6,"end":16,"tag":"ButterDay"},{"start":59,"end":76,"tag":"ButterChardonnay"},{"start":96,"end":101,"tag":"Yeti"},{"start":206,"end":210,"tag":"WIN"}],"urls":[{"start":212,"end":235,"url":"https://t.co/xnyFvOJT0x","expanded_url":"https://ul.ink/T0S0-8V5YP4_T","display_url":"ul.ink/T0S0-8V5YP4_T","status":200,"unwound_url":"https://ul.ink/T0S0-8V5YP4_T"}],"mentions":[{"start":158,"end":173,"username":"BottleRockNapa"},{"start":181,"end":195,"username":"mattnathanson"}]},"reply_settings":"everyone","public_metrics":{"retweet_count":0,"reply_count":0,"like_count":0,"quote_count":0},"created_at":"2020-09-16T03:15:57.000Z","text":"Win a #ButterDay! For you and 3 besties. A prize pack with #ButterChardonnay, Govinos, a Butter #Yeti cooler and more swag! Plus a virtual JaMSession to meet @BottleRockNapa artist @MattNathanson. ENTER TO #WIN! https://t.co/xnyFvOJT0x","id":"1306069282669780992"},{"author_id":"365965425","lang":"en","source":"Twitter Web App","entities":{"hashtags":[{"start":6,"end":16,"tag":"ButterDay"},{"start":59,"end":76,"tag":"ButterChardonnay"},{"start":96,"end":101,"tag":"Yeti"},{"start":206,"end":210,"tag":"WIN"}],"urls":[{"start":212,"end":235,"url":"https://t.co/RgxXpO8Ysq","expanded_url":"https://ul.ink/T0S4-8V5WPM_T","display_url":"ul.ink/T0S4-8V5WPM_T"}],"mentions":[{"start":158,"end":173,"username":"BottleRockNapa"},{"start":181,"end":195,"username":"mattnathanson"}]},"reply_settings":"everyone","public_metrics":{"retweet_count":0,"reply_count":0,"like_count":0,"quote_count":0},"created_at":"2020-09-16T02:28:32.000Z","text":"Win a #ButterDay! For you and 3 besties. A prize pack with #ButterChardonnay, Govinos, a Butter #Yeti cooler and more swag! Plus a virtual JaMSession to meet @BottleRockNapa artist @MattNathanson. ENTER TO #WIN! https://t.co/RgxXpO8Ysq","id":"1306057349996507137"},{"author_id":"24354032","lang":"en","source":"Twitter Web App","entities":{"hashtags":[{"start":6,"end":16,"tag":"ButterDay"},{"start":59,"end":76,"tag":"ButterChardonnay"},{"start":96,"end":101,"tag":"Yeti"},{"start":206,"end":210,"tag":"WIN"}],"urls":[{"start":212,"end":235,"url":"https://t.co/kdlzChbpWx","expanded_url":"https://ul.ink/T0S0-8V5QBG_T","display_url":"ul.ink/T0S0-8V5QBG_T"}],"mentions":[{"start":158,"end":173,"username":"BottleRockNapa"},{"start":181,"end":195,"username":"mattnathanson"}]},"reply_settings":"everyone","public_metrics":{"retweet_count":0,"reply_count":0,"like_count":0,"quote_count":0},"created_at":"2020-09-16T00:09:43.000Z","text":"Win a #ButterDay! For you and 3 besties. A prize pack with #ButterChardonnay, Govinos, a Butter #Yeti cooler and more swag! Plus a virtual JaMSession to meet @BottleRockNapa artist @MattNathanson. ENTER TO #WIN! https://t.co/kdlzChbpWx","id":"1306022415122788352"},{"author_id":"248270245","lang":"en","source":"Twitter Web App","entities":{"hashtags":[{"start":6,"end":16,"tag":"ButterDay"},{"start":59,"end":76,"tag":"ButterChardonnay"},{"start":96,"end":101,"tag":"Yeti"},{"start":206,"end":210,"tag":"WIN"}],"urls":[{"start":212,"end":235,"url":"https://t.co/aWtQjVMCfz","expanded_url":"https://ul.ink/SXH2-8V514Y_T","display_url":"ul.ink/SXH2-8V514Y_T"}],"mentions":[{"start":158,"end":173,"username":"BottleRockNapa"},{"start":181,"end":195,"username":"mattnathanson"}]},"reply_settings":"everyone","public_metrics":{"retweet_count":0,"reply_count":0,"like_count":0,"quote_count":0},"created_at":"2020-09-15T18:42:57.000Z","text":"Win a #ButterDay! For you and 3 besties. A prize pack with #ButterChardonnay, Govinos, a Butter #Yeti cooler and more swag! Plus a virtual JaMSession to meet @BottleRockNapa artist @MattNathanson. ENTER TO #WIN! https://t.co/aWtQjVMCfz","id":"1305940183649574914"},{"author_id":"97140567","lang":"en","source":"Twitter Web App","entities":{"hashtags":[{"start":6,"end":16,"tag":"ButterDay"},{"start":59,"end":76,"tag":"ButterChardonnay"},{"start":96,"end":101,"tag":"Yeti"},{"start":206,"end":210,"tag":"WIN"}],"urls":[{"start":212,"end":235,"url":"https://t.co/fDOEJg80Bx","expanded_url":"https://ul.ink/T0QJ-8V507C_T","display_url":"ul.ink/T0QJ-8V507C_T"}],"mentions":[{"start":158,"end":173,"username":"BottleRockNapa"},{"start":181,"end":195,"username":"mattnathanson"}]},"reply_settings":"everyone","public_metrics":{"retweet_count":0,"reply_count":0,"like_count":0,"quote_count":0},"created_at":"2020-09-15T18:22:26.000Z","text":"Win a #ButterDay! For you and 3 besties. A prize pack with #ButterChardonnay, Govinos, a Butter #Yeti cooler and more swag! Plus a virtual JaMSession to meet @BottleRockNapa artist @MattNathanson. ENTER TO #WIN! https://t.co/fDOEJg80Bx","id":"1305935018506645504"},{"author_id":"1287261720","lang":"en","source":"Twitter Web App","entities":{"hashtags":[{"start":6,"end":16,"tag":"ButterDay"},{"start":59,"end":76,"tag":"ButterChardonnay"},{"start":96,"end":101,"tag":"Yeti"},{"start":206,"end":210,"tag":"WIN"}],"urls":[{"start":212,"end":235,"url":"https://t.co/dPtPXnbb4c","expanded_url":"https://ul.ink/T0QJ-8TZ4MT_T","display_url":"ul.ink/T0QJ-8TZ4MT_T"}],"mentions":[{"start":158,"end":173,"username":"BottleRockNapa"},{"start":181,"end":195,"username":"mattnathanson"}]},"reply_settings":"everyone","public_metrics":{"retweet_count":0,"reply_count":0,"like_count":0,"quote_count":0},"created_at":"2020-09-15T13:15:29.000Z","text":"Win a #ButterDay! For you and 3 besties. A prize pack with #ButterChardonnay, Govinos, a Butter #Yeti cooler and more swag! Plus a virtual JaMSession to meet @BottleRockNapa artist @MattNathanson. ENTER TO #WIN! https://t.co/dPtPXnbb4c","id":"1305857774644088833"},{"author_id":"21218783","lang":"en","source":"Twitter Web App","entities":{"hashtags":[{"start":6,"end":16,"tag":"ButterDay"},{"start":59,"end":76,"tag":"ButterChardonnay"},{"start":96,"end":101,"tag":"Yeti"},{"start":206,"end":210,"tag":"WIN"}],"urls":[{"start":212,"end":235,"url":"https://t.co/m6I1B1m5t9","expanded_url":"https://ul.ink/T0S0-8V46DJ_T","display_url":"ul.ink/T0S0-8V46DJ_T"}],"mentions":[{"start":158,"end":173,"username":"BottleRockNapa"},{"start":181,"end":195,"username":"mattnathanson"}]},"reply_settings":"everyone","public_metrics":{"retweet_count":0,"reply_count":0,"like_count":0,"quote_count":0},"created_at":"2020-09-15T11:56:10.000Z","text":"Win a #ButterDay! For you and 3 besties. A prize pack with #ButterChardonnay, Govinos, a Butter #Yeti cooler and more swag! Plus a virtual JaMSession to meet @BottleRockNapa artist @MattNathanson. ENTER TO #WIN! https://t.co/m6I1B1m5t9","id":"1305837814018433025"},{"author_id":"90341855","lang":"en","source":"Twitter Web App","entities":{"hashtags":[{"start":6,"end":16,"tag":"ButterDay"},{"start":59,"end":76,"tag":"ButterChardonnay"},{"start":96,"end":101,"tag":"Yeti"},{"start":206,"end":210,"tag":"WIN"}],"urls":[{"start":212,"end":235,"url":"https://t.co/vNcjh5dCh1","expanded_url":"https://ul.ink/T0QJ-8V401T_T","display_url":"ul.ink/T0QJ-8V401T_T"}],"mentions":[{"start":158,"end":173,"username":"BottleRockNapa"},{"start":181,"end":195,"username":"mattnathanson"}]},"reply_settings":"everyone","public_metrics":{"retweet_count":0,"reply_count":0,"like_count":0,"quote_count":0},"created_at":"2020-09-15T07:02:37.000Z","text":"Win a #ButterDay! For you and 3 besties. A prize pack with #ButterChardonnay, Govinos, a Butter #Yeti cooler and more swag! Plus a virtual JaMSession to meet @BottleRockNapa artist @MattNathanson. ENTER TO #WIN! https://t.co/vNcjh5dCh1","id":"1305763938814971904"},{"author_id":"866851767505395712","lang":"en","source":"Twitter Web App","entities":{"hashtags":[{"start":6,"end":16,"tag":"ButterDay"},{"start":59,"end":76,"tag":"ButterChardonnay"},{"start":96,"end":101,"tag":"Yeti"},{"start":206,"end":210,"tag":"WIN"}],"urls":[{"start":212,"end":235,"url":"https://t.co/k5AqUh3Quh","expanded_url":"https://ul.ink/T0S0-8V3X4P_T","display_url":"ul.ink/T0S0-8V3X4P_T"}],"mentions":[{"start":158,"end":173,"username":"BottleRockNapa"},{"start":181,"end":195,"username":"mattnathanson"}]},"reply_settings":"everyone","public_metrics":{"retweet_count":0,"reply_count":0,"like_count":0,"quote_count":0},"created_at":"2020-09-15T03:18:54.000Z","text":"Win a #ButterDay! For you and 3 besties. A prize pack with #ButterChardonnay, Govinos, a Butter #Yeti cooler and more swag! Plus a virtual JaMSession to meet @BottleRockNapa artist @MattNathanson. ENTER TO #WIN! https://t.co/k5AqUh3Quh","id":"1305707640014602240"},{"author_id":"248270245","lang":"en","source":"Twitter Web App","entities":{"hashtags":[{"start":6,"end":16,"tag":"ButterDay"},{"start":59,"end":76,"tag":"ButterChardonnay"},{"start":96,"end":101,"tag":"Yeti"},{"start":206,"end":210,"tag":"WIN"}],"urls":[{"start":212,"end":235,"url":"https://t.co/QoVpTdIHOZ","expanded_url":"https://ul.ink/SXH2-8V337G_T","display_url":"ul.ink/SXH2-8V337G_T","status":200,"unwound_url":"https://ul.ink/SXH2-8V337G_T"}],"mentions":[{"start":158,"end":173,"username":"BottleRockNapa"},{"start":181,"end":195,"username":"mattnathanson"}]},"reply_settings":"everyone","public_metrics":{"retweet_count":0,"reply_count":0,"like_count":0,"quote_count":0},"created_at":"2020-09-14T18:36:01.000Z","text":"Win a #ButterDay! For you and 3 besties. A prize pack with #ButterChardonnay, Govinos, a Butter #Yeti cooler and more swag! Plus a virtual JaMSession to meet @BottleRockNapa artist @MattNathanson. ENTER TO #WIN! https://t.co/QoVpTdIHOZ","id":"1305576049959460865"},{"author_id":"1084370312","entities":{"annotations":[{"start":0,"end":10,"probability":0.9952,"type":"Person","normalized_text":"Kevin Klein"}],"urls":[{"start":140,"end":163,"url":"https://t.co/vBQxeJYalW","expanded_url":"https://twitter.com/TheKevinKlein/status/1304458625595785216","display_url":"twitter.com/TheKevinKlein/…"}],"mentions":[{"start":54,"end":66,"username":"sfchronicle"},{"start":67,"end":82,"username":"BottleRockNapa"},{"start":83,"end":98,"username":"KevinKleinLIVE"},{"start":99,"end":115,"username":"Yourallyjohnson"},{"start":116,"end":125,"username":"DallasSF"},{"start":126,"end":139,"username":"TheWoodyShow"}]},"lang":"en","source":"Twitter for iPhone","reply_settings":"everyone","public_metrics":{"retweet_count":0,"reply_count":1,"like_count":0,"quote_count":0},"created_at":"2020-09-14T12:49:29.000Z","text":"Kevin Klein returns to SF this morning! @ALT1053Radio @sfchronicle @BottleRockNapa @KevinKleinLIVE @Yourallyjohnson @DallasSF @TheWoodyShow https://t.co/vBQxeJYalW","id":"1305488844221894656"},{"author_id":"21218783","lang":"en","source":"Twitter Web App","entities":{"hashtags":[{"start":6,"end":16,"tag":"ButterDay"},{"start":59,"end":76,"tag":"ButterChardonnay"},{"start":96,"end":101,"tag":"Yeti"},{"start":206,"end":210,"tag":"WIN"}],"urls":[{"start":212,"end":235,"url":"https://t.co/8ZhAmnX2c3","expanded_url":"https://ul.ink/T0S0-8V2CRJ_T","display_url":"ul.ink/T0S0-8V2CRJ_T"}],"mentions":[{"start":158,"end":173,"username":"BottleRockNapa"},{"start":181,"end":195,"username":"mattnathanson"}]},"reply_settings":"everyone","public_metrics":{"retweet_count":0,"reply_count":0,"like_count":0,"quote_count":0},"created_at":"2020-09-14T12:41:11.000Z","text":"Win a #ButterDay! For you and 3 besties. A prize pack with #ButterChardonnay, Govinos, a Butter #Yeti cooler and more swag! Plus a virtual JaMSession to meet @BottleRockNapa artist @MattNathanson. ENTER TO #WIN! https://t.co/8ZhAmnX2c3","id":"1305486754087153664"},{"author_id":"615494544","lang":"en","source":"Twitter for iPhone","entities":{"hashtags":[{"start":6,"end":16,"tag":"ButterDay"},{"start":59,"end":76,"tag":"ButterChardonnay"},{"start":96,"end":101,"tag":"Yeti"},{"start":206,"end":210,"tag":"WIN"}],"urls":[{"start":212,"end":235,"url":"https://t.co/E9F67eR2dz","expanded_url":"https://ul.ink/T0S4-8V24RC_T","display_url":"ul.ink/T0S4-8V24RC_T"}],"mentions":[{"start":158,"end":173,"username":"BottleRockNapa"},{"start":181,"end":195,"username":"mattnathanson"}]},"reply_settings":"everyone","public_metrics":{"retweet_count":1,"reply_count":0,"like_count":0,"quote_count":0},"created_at":"2020-09-14T05:10:23.000Z","text":"Win a #ButterDay! For you and 3 besties. A prize pack with #ButterChardonnay, Govinos, a Butter #Yeti cooler and more swag! Plus a virtual JaMSession to meet @BottleRockNapa artist @MattNathanson. ENTER TO #WIN! https://t.co/E9F67eR2dz","id":"1305373307261218816"},{"author_id":"19969944","lang":"en","source":"Twitter for iPad","entities":{"hashtags":[{"start":6,"end":16,"tag":"ButterDay"},{"start":59,"end":76,"tag":"ButterChardonnay"},{"start":96,"end":101,"tag":"Yeti"},{"start":206,"end":210,"tag":"WIN"}],"urls":[{"start":212,"end":235,"url":"https://t.co/ZRDifnW6XJ","expanded_url":"https://ul.ink/T0S0-8V1XPR_T","display_url":"ul.ink/T0S0-8V1XPR_T"}],"mentions":[{"start":158,"end":173,"username":"BottleRockNapa"},{"start":181,"end":195,"username":"mattnathanson"}]},"reply_settings":"everyone","public_metrics":{"retweet_count":0,"reply_count":0,"like_count":0,"quote_count":0},"created_at":"2020-09-13T23:22:05.000Z","text":"Win a #ButterDay! For you and 3 besties. A prize pack with #ButterChardonnay, Govinos, a Butter #Yeti cooler and more swag! Plus a virtual JaMSession to meet @BottleRockNapa artist @MattNathanson. ENTER TO #WIN! https://t.co/ZRDifnW6XJ","id":"1305285654264393728"},{"author_id":"866851767505395712","lang":"en","source":"Twitter Web App","entities":{"hashtags":[{"start":6,"end":16,"tag":"ButterDay"},{"start":59,"end":76,"tag":"ButterChardonnay"},{"start":96,"end":101,"tag":"Yeti"},{"start":206,"end":210,"tag":"WIN"}],"urls":[{"start":212,"end":235,"url":"https://t.co/yzql3h9ruk","expanded_url":"https://ul.ink/T0S0-8V1VQE_T","display_url":"ul.ink/T0S0-8V1VQE_T"}],"mentions":[{"start":158,"end":173,"username":"BottleRockNapa"},{"start":181,"end":195,"username":"mattnathanson"}]},"reply_settings":"everyone","public_metrics":{"retweet_count":0,"reply_count":0,"like_count":0,"quote_count":0},"created_at":"2020-09-13T21:57:33.000Z","text":"Win a #ButterDay! For you and 3 besties. A prize pack with #ButterChardonnay, Govinos, a Butter #Yeti cooler and more swag! Plus a virtual JaMSession to meet @BottleRockNapa artist @MattNathanson. ENTER TO #WIN! https://t.co/yzql3h9ruk","id":"1305264378518806528"},{"author_id":"248270245","lang":"en","source":"Twitter Web App","entities":{"hashtags":[{"start":6,"end":16,"tag":"ButterDay"},{"start":59,"end":76,"tag":"ButterChardonnay"},{"start":96,"end":101,"tag":"Yeti"},{"start":206,"end":210,"tag":"WIN"}],"urls":[{"start":212,"end":235,"url":"https://t.co/DsuCNKrcqK","expanded_url":"https://ul.ink/SXH2-8V1SCG_T","display_url":"ul.ink/SXH2-8V1SCG_T"}],"mentions":[{"start":158,"end":173,"username":"BottleRockNapa"},{"start":181,"end":195,"username":"mattnathanson"}]},"reply_settings":"everyone","public_metrics":{"retweet_count":0,"reply_count":0,"like_count":0,"quote_count":0},"created_at":"2020-09-13T20:02:34.000Z","text":"Win a #ButterDay! For you and 3 besties. A prize pack with #ButterChardonnay, Govinos, a Butter #Yeti cooler and more swag! Plus a virtual JaMSession to meet @BottleRockNapa artist @MattNathanson. ENTER TO #WIN! https://t.co/DsuCNKrcqK","id":"1305235444481830913"},{"author_id":"24354032","lang":"en","source":"Twitter Web App","entities":{"hashtags":[{"start":6,"end":16,"tag":"ButterDay"},{"start":59,"end":76,"tag":"ButterChardonnay"},{"start":96,"end":101,"tag":"Yeti"},{"start":206,"end":210,"tag":"WIN"}],"urls":[{"start":212,"end":235,"url":"https://t.co/Lb7V9Kj31N","expanded_url":"https://ul.ink/T0S0-8V1S6A_T","display_url":"ul.ink/T0S0-8V1S6A_T"}],"mentions":[{"start":158,"end":173,"username":"BottleRockNapa"},{"start":181,"end":195,"username":"mattnathanson"}]},"reply_settings":"everyone","public_metrics":{"retweet_count":0,"reply_count":0,"like_count":0,"quote_count":0},"created_at":"2020-09-13T19:52:52.000Z","text":"Win a #ButterDay! For you and 3 besties. A prize pack with #ButterChardonnay, Govinos, a Butter #Yeti cooler and more swag! Plus a virtual JaMSession to meet @BottleRockNapa artist @MattNathanson. ENTER TO #WIN! https://t.co/Lb7V9Kj31N","id":"1305233002834702336"},{"author_id":"97140567","lang":"en","source":"Twitter Web App","entities":{"hashtags":[{"start":6,"end":16,"tag":"ButterDay"},{"start":59,"end":76,"tag":"ButterChardonnay"},{"start":96,"end":101,"tag":"Yeti"},{"start":206,"end":210,"tag":"WIN"}],"urls":[{"start":212,"end":235,"url":"https://t.co/b4d9KO3gGo","expanded_url":"https://ul.ink/T0QJ-8V1QMG_T","display_url":"ul.ink/T0QJ-8V1QMG_T"}],"mentions":[{"start":158,"end":173,"username":"BottleRockNapa"},{"start":181,"end":195,"username":"mattnathanson"}]},"reply_settings":"everyone","public_metrics":{"retweet_count":0,"reply_count":0,"like_count":0,"quote_count":0},"created_at":"2020-09-13T18:54:56.000Z","text":"Win a #ButterDay! For you and 3 besties. A prize pack with #ButterChardonnay, Govinos, a Butter #Yeti cooler and more swag! Plus a virtual JaMSession to meet @BottleRockNapa artist @MattNathanson. ENTER TO #WIN! https://t.co/b4d9KO3gGo","id":"1305218423295623169"},{"author_id":"1287261720","lang":"en","source":"Twitter Web App","entities":{"hashtags":[{"start":6,"end":16,"tag":"ButterDay"},{"start":59,"end":76,"tag":"ButterChardonnay"},{"start":96,"end":101,"tag":"Yeti"},{"start":206,"end":210,"tag":"WIN"}],"urls":[{"start":212,"end":235,"url":"https://t.co/dPtPXmTzFC","expanded_url":"https://ul.ink/T0QJ-8TZ4MT_T","display_url":"ul.ink/T0QJ-8TZ4MT_T"}],"mentions":[{"start":158,"end":173,"username":"BottleRockNapa"},{"start":181,"end":195,"username":"mattnathanson"}]},"reply_settings":"everyone","public_metrics":{"retweet_count":0,"reply_count":0,"like_count":0,"quote_count":0},"created_at":"2020-09-13T13:43:35.000Z","text":"Win a #ButterDay! For you and 3 besties. A prize pack with #ButterChardonnay, Govinos, a Butter #Yeti cooler and more swag! Plus a virtual JaMSession to meet @BottleRockNapa artist @MattNathanson. ENTER TO #WIN! https://t.co/dPtPXmTzFC","id":"1305140067900354560"},{"author_id":"21218783","lang":"en","source":"Twitter Web App","entities":{"hashtags":[{"start":6,"end":16,"tag":"ButterDay"},{"start":59,"end":76,"tag":"ButterChardonnay"},{"start":96,"end":101,"tag":"Yeti"},{"start":206,"end":210,"tag":"WIN"}],"urls":[{"start":212,"end":235,"url":"https://t.co/sEB5fpkoXn","expanded_url":"https://ul.ink/T0S0-8V1AQP_T","display_url":"ul.ink/T0S0-8V1AQP_T"}],"mentions":[{"start":158,"end":173,"username":"BottleRockNapa"},{"start":181,"end":195,"username":"mattnathanson"}]},"reply_settings":"everyone","public_metrics":{"retweet_count":0,"reply_count":0,"like_count":0,"quote_count":0},"created_at":"2020-09-13T12:32:12.000Z","text":"Win a #ButterDay! For you and 3 besties. A prize pack with #ButterChardonnay, Govinos, a Butter #Yeti cooler and more swag! Plus a virtual JaMSession to meet @BottleRockNapa artist @MattNathanson. ENTER TO #WIN! https://t.co/sEB5fpkoXn","id":"1305122103415508992"},{"author_id":"248270245","lang":"en","source":"Twitter Web App","entities":{"hashtags":[{"start":6,"end":16,"tag":"ButterDay"},{"start":59,"end":76,"tag":"ButterChardonnay"},{"start":96,"end":101,"tag":"Yeti"},{"start":206,"end":210,"tag":"WIN"}],"urls":[{"start":212,"end":235,"url":"https://t.co/GE7DhOntSB","expanded_url":"https://ul.ink/SXH2-8V0TAW_T","display_url":"ul.ink/SXH2-8V0TAW_T"}],"mentions":[{"start":158,"end":173,"username":"BottleRockNapa"},{"start":181,"end":195,"username":"mattnathanson"}]},"reply_settings":"everyone","public_metrics":{"retweet_count":0,"reply_count":0,"like_count":0,"quote_count":0},"created_at":"2020-09-12T19:16:59.000Z","text":"Win a #ButterDay! For you and 3 besties. A prize pack with #ButterChardonnay, Govinos, a Butter #Yeti cooler and more swag! Plus a virtual JaMSession to meet @BottleRockNapa artist @MattNathanson. ENTER TO #WIN! https://t.co/GE7DhOntSB","id":"1304861585912012806"},{"author_id":"97140567","lang":"en","source":"Twitter Web App","entities":{"hashtags":[{"start":6,"end":16,"tag":"ButterDay"},{"start":59,"end":76,"tag":"ButterChardonnay"},{"start":96,"end":101,"tag":"Yeti"},{"start":206,"end":210,"tag":"WIN"}],"urls":[{"start":212,"end":235,"url":"https://t.co/8Prippe6Me","expanded_url":"https://ul.ink/T0QJ-8V0SCY_T","display_url":"ul.ink/T0QJ-8V0SCY_T"}],"mentions":[{"start":158,"end":173,"username":"BottleRockNapa"},{"start":181,"end":195,"username":"mattnathanson"}]},"reply_settings":"everyone","public_metrics":{"retweet_count":0,"reply_count":0,"like_count":0,"quote_count":0},"created_at":"2020-09-12T18:35:03.000Z","text":"Win a #ButterDay! For you and 3 besties. A prize pack with #ButterChardonnay, Govinos, a Butter #Yeti cooler and more swag! Plus a virtual JaMSession to meet @BottleRockNapa artist @MattNathanson. ENTER TO #WIN! https://t.co/8Prippe6Me","id":"1304851033378549760"},{"author_id":"1287261720","lang":"en","source":"Twitter Web App","entities":{"hashtags":[{"start":6,"end":16,"tag":"ButterDay"},{"start":59,"end":76,"tag":"ButterChardonnay"},{"start":96,"end":101,"tag":"Yeti"},{"start":206,"end":210,"tag":"WIN"}],"urls":[{"start":212,"end":235,"url":"https://t.co/dPtPXmTzFC","expanded_url":"https://ul.ink/T0QJ-8TZ4MT_T","display_url":"ul.ink/T0QJ-8TZ4MT_T"}],"mentions":[{"start":158,"end":173,"username":"BottleRockNapa"},{"start":181,"end":195,"username":"mattnathanson"}]},"reply_settings":"everyone","public_metrics":{"retweet_count":0,"reply_count":0,"like_count":0,"quote_count":0},"created_at":"2020-09-12T15:31:18.000Z","text":"Win a #ButterDay! For you and 3 besties. A prize pack with #ButterChardonnay, Govinos, a Butter #Yeti cooler and more swag! Plus a virtual JaMSession to meet @BottleRockNapa artist @MattNathanson. ENTER TO #WIN! https://t.co/dPtPXmTzFC","id":"1304804789977456642"},{"author_id":"21218783","lang":"en","source":"Twitter Web App","entities":{"hashtags":[{"start":6,"end":16,"tag":"ButterDay"},{"start":59,"end":76,"tag":"ButterChardonnay"},{"start":96,"end":101,"tag":"Yeti"},{"start":206,"end":210,"tag":"WIN"}],"urls":[{"start":212,"end":235,"url":"https://t.co/5YlXbxKEBH","expanded_url":"https://ul.ink/T0S0-8V0B4E_T","display_url":"ul.ink/T0S0-8V0B4E_T"}],"mentions":[{"start":158,"end":173,"username":"BottleRockNapa"},{"start":181,"end":195,"username":"mattnathanson"}]},"reply_settings":"everyone","public_metrics":{"retweet_count":0,"reply_count":0,"like_count":0,"quote_count":0},"created_at":"2020-09-12T10:36:46.000Z","text":"Win a #ButterDay! For you and 3 besties. A prize pack with #ButterChardonnay, Govinos, a Butter #Yeti cooler and more swag! Plus a virtual JaMSession to meet @BottleRockNapa artist @MattNathanson. ENTER TO #WIN! https://t.co/5YlXbxKEBH","id":"1304730665531965443"},{"author_id":"866851767505395712","lang":"en","source":"Twitter for iPhone","entities":{"hashtags":[{"start":6,"end":16,"tag":"ButterDay"},{"start":59,"end":76,"tag":"ButterChardonnay"},{"start":96,"end":101,"tag":"Yeti"},{"start":206,"end":210,"tag":"WIN"}],"urls":[{"start":212,"end":235,"url":"https://t.co/xoCYJYO9Ee","expanded_url":"https://ul.ink/T0S0-8TZV1T_T","display_url":"ul.ink/T0S0-8TZV1T_T"}],"mentions":[{"start":158,"end":173,"username":"BottleRockNapa"},{"start":181,"end":195,"username":"mattnathanson"}]},"reply_settings":"everyone","public_metrics":{"retweet_count":0,"reply_count":0,"like_count":0,"quote_count":0},"created_at":"2020-09-11T20:35:27.000Z","text":"Win a #ButterDay! For you and 3 besties. A prize pack with #ButterChardonnay, Govinos, a Butter #Yeti cooler and more swag! Plus a virtual JaMSession to meet @BottleRockNapa artist @MattNathanson. ENTER TO #WIN! https://t.co/xoCYJYO9Ee","id":"1304518944045162496"},{"author_id":"248270245","lang":"en","source":"Twitter Web App","entities":{"hashtags":[{"start":6,"end":16,"tag":"ButterDay"},{"start":59,"end":76,"tag":"ButterChardonnay"},{"start":96,"end":101,"tag":"Yeti"},{"start":206,"end":210,"tag":"WIN"}],"urls":[{"start":212,"end":235,"url":"https://t.co/ObIQvs4NdC","expanded_url":"https://ul.ink/SXH2-8TZSZP_T","display_url":"ul.ink/SXH2-8TZSZP_T","status":200,"unwound_url":"https://ul.ink/SXH2-8TZSZP_T"}],"mentions":[{"start":158,"end":173,"username":"BottleRockNapa"},{"start":181,"end":195,"username":"mattnathanson"}]},"reply_settings":"everyone","public_metrics":{"retweet_count":0,"reply_count":0,"like_count":0,"quote_count":0},"created_at":"2020-09-11T20:03:49.000Z","text":"Win a #ButterDay! For you and 3 besties. A prize pack with #ButterChardonnay, Govinos, a Butter #Yeti cooler and more swag! Plus a virtual JaMSession to meet @BottleRockNapa artist @MattNathanson. ENTER TO #WIN! https://t.co/ObIQvs4NdC","id":"1304510981826113538"},{"author_id":"97140567","lang":"en","source":"Twitter Web App","entities":{"hashtags":[{"start":6,"end":16,"tag":"ButterDay"},{"start":59,"end":76,"tag":"ButterChardonnay"},{"start":96,"end":101,"tag":"Yeti"},{"start":206,"end":210,"tag":"WIN"}],"urls":[{"start":212,"end":235,"url":"https://t.co/kZWNBoc9fC","expanded_url":"https://ul.ink/T0QJ-8TZPXE_T","display_url":"ul.ink/T0QJ-8TZPXE_T"}],"mentions":[{"start":158,"end":173,"username":"BottleRockNapa"},{"start":181,"end":195,"username":"mattnathanson"}]},"reply_settings":"everyone","public_metrics":{"retweet_count":0,"reply_count":0,"like_count":0,"quote_count":0},"created_at":"2020-09-11T18:53:24.000Z","text":"Win a #ButterDay! For you and 3 besties. A prize pack with #ButterChardonnay, Govinos, a Butter #Yeti cooler and more swag! Plus a virtual JaMSession to meet @BottleRockNapa artist @MattNathanson. ENTER TO #WIN! https://t.co/kZWNBoc9fC","id":"1304493259951988736"},{"author_id":"969372552513642498","entities":{"annotations":[{"start":135,"end":140,"probability":0.9282,"type":"Place","normalized_text":"Brasil"}],"mentions":[{"start":0,"end":11,"username":"BrazilRHCP"},{"start":12,"end":27,"username":"BottleRockNapa"},{"start":28,"end":41,"username":"FirenzeRocks"},{"start":42,"end":54,"username":"pinkpopfest"},{"start":55,"end":69,"username":"FelynFestival"},{"start":70,"end":85,"username":"Ejekt_Festival"},{"start":86,"end":99,"username":"RockWerchter"},{"start":100,"end":110,"username":"NOS_Alive"},{"start":111,"end":127,"username":"madcoolfestival"}]},"lang":"pt","source":"Twitter for Android","in_reply_to_user_id":"2667553596","reply_settings":"everyone","public_metrics":{"retweet_count":0,"reply_count":0,"like_count":3,"quote_count":0},"created_at":"2020-09-11T16:09:29.000Z","text":"@BrazilRHCP @BottleRockNapa @FirenzeRocks @pinkpopfest @FelynFestival @Ejekt_Festival @RockWerchter @NOS_Alive @madcoolfestival cadê o Brasil grrrrr","id":"1304452010138308610"},{"author_id":"2667553596","lang":"pt","source":"Twitter for iPhone","entities":{"urls":[{"start":268,"end":291,"url":"https://t.co/Hh5R3OnrVB","expanded_url":"https://twitter.com/BrazilRHCP/status/1304445993434439680/photo/1","display_url":"pic.twitter.com/Hh5R3OnrVB"}],"mentions":[{"start":46,"end":61,"username":"BottleRockNapa"},{"start":73,"end":86,"username":"FirenzeRocks"},{"start":98,"end":110,"username":"pinkpopfest"},{"start":122,"end":136,"username":"FelynFestival"},{"start":168,"end":183,"username":"Ejekt_Festival"},{"start":195,"end":208,"username":"RockWerchter"},{"start":219,"end":229,"username":"NOS_Alive"},{"start":240,"end":256,"username":"madcoolfestival"}]},"reply_settings":"everyone","public_metrics":{"retweet_count":8,"reply_count":2,"like_count":83,"quote_count":9},"created_at":"2020-09-11T15:45:34.000Z","text":"A banda já tem NOVE shows marcados pra 2021:\n\n@BottleRockNapa \uD83C\uDDFA\uD83C\uDDF8 - 28/05\n@FirenzeRocks \uD83C\uDDEE\uD83C\uDDF9 - 16/06\n@pinkpopfest \uD83C\uDDF3\uD83C\uDDF1 - 18/06\n@FelynFestival \uD83C\uDDEB\uD83C\uDDF7 - 19/06\nTel Aviv \uD83C\uDDEE\uD83C\uDDF1 - 23/06\n@Ejekt_Festival \uD83C\uDDEC\uD83C\uDDF7 - 26/06\n@RockWerchter \uD83C\uDDE7\uD83C\uDDEA - 4/07\n@NOS_Alive \uD83C\uDDF5\uD83C\uDDF9 - 8/07\n@madcoolfestival \uD83C\uDDEA\uD83C\uDDF8 - 10/07 https://t.co/Hh5R3OnrVB","id":"1304445993434439680"},{"author_id":"1287261720","lang":"en","source":"Twitter Web App","entities":{"hashtags":[{"start":6,"end":16,"tag":"ButterDay"},{"start":59,"end":76,"tag":"ButterChardonnay"},{"start":96,"end":101,"tag":"Yeti"},{"start":206,"end":210,"tag":"WIN"}],"urls":[{"start":212,"end":235,"url":"https://t.co/dPtPXmTzFC","expanded_url":"https://ul.ink/T0QJ-8TZ4MT_T","display_url":"ul.ink/T0QJ-8TZ4MT_T","status":200,"unwound_url":"https://ul.ink/T0QJ-8TZ4MT_T"}],"mentions":[{"start":158,"end":173,"username":"BottleRockNapa"},{"start":181,"end":195,"username":"mattnathanson"}]},"reply_settings":"everyone","public_metrics":{"retweet_count":0,"reply_count":0,"like_count":0,"quote_count":0},"created_at":"2020-09-11T13:41:08.000Z","text":"Win a #ButterDay! For you and 3 besties. A prize pack with #ButterChardonnay, Govinos, a Butter #Yeti cooler and more swag! Plus a virtual JaMSession to meet @BottleRockNapa artist @MattNathanson. ENTER TO #WIN! https://t.co/dPtPXmTzFC","id":"1304414677116416000"},{"author_id":"21218783","lang":"en","source":"Twitter Web App","entities":{"hashtags":[{"start":6,"end":16,"tag":"ButterDay"},{"start":59,"end":76,"tag":"ButterChardonnay"},{"start":96,"end":101,"tag":"Yeti"},{"start":206,"end":210,"tag":"WIN"}],"urls":[{"start":212,"end":235,"url":"https://t.co/czM5WCUZVd","expanded_url":"https://ul.ink/T0S0-8TZ0ZG_T","display_url":"ul.ink/T0S0-8TZ0ZG_T"}],"mentions":[{"start":158,"end":173,"username":"BottleRockNapa"},{"start":181,"end":195,"username":"mattnathanson"}]},"reply_settings":"everyone","public_metrics":{"retweet_count":0,"reply_count":0,"like_count":0,"quote_count":0},"created_at":"2020-09-11T13:03:26.000Z","text":"Win a #ButterDay! For you and 3 besties. A prize pack with #ButterChardonnay, Govinos, a Butter #Yeti cooler and more swag! Plus a virtual JaMSession to meet @BottleRockNapa artist @MattNathanson. ENTER TO #WIN! https://t.co/czM5WCUZVd","id":"1304405190079139841"},{"author_id":"866851767505395712","lang":"en","source":"Twitter Web App","entities":{"hashtags":[{"start":6,"end":16,"tag":"ButterDay"},{"start":59,"end":76,"tag":"ButterChardonnay"},{"start":96,"end":101,"tag":"Yeti"},{"start":206,"end":210,"tag":"WIN"}],"urls":[{"start":212,"end":235,"url":"https://t.co/BgCzPCt1Ae","expanded_url":"https://ul.ink/T0S0-8TYGPT_T","display_url":"ul.ink/T0S0-8TYGPT_T"}],"mentions":[{"start":158,"end":173,"username":"BottleRockNapa"},{"start":181,"end":195,"username":"mattnathanson"}]},"reply_settings":"everyone","public_metrics":{"retweet_count":0,"reply_count":0,"like_count":0,"quote_count":0},"created_at":"2020-09-11T02:03:22.000Z","text":"Win a #ButterDay! For you and 3 besties. A prize pack with #ButterChardonnay, Govinos, a Butter #Yeti cooler and more swag! Plus a virtual JaMSession to meet @BottleRockNapa artist @MattNathanson. ENTER TO #WIN! https://t.co/BgCzPCt1Ae","id":"1304239077776973824"},{"author_id":"24354032","lang":"en","source":"Twitter Web App","entities":{"hashtags":[{"start":6,"end":16,"tag":"ButterDay"},{"start":59,"end":76,"tag":"ButterChardonnay"},{"start":96,"end":101,"tag":"Yeti"},{"start":206,"end":210,"tag":"WIN"}],"urls":[{"start":212,"end":235,"url":"https://t.co/Tm9vgKeAvz","expanded_url":"https://ul.ink/T0S0-8TYFGE_T","display_url":"ul.ink/T0S0-8TYFGE_T"}],"mentions":[{"start":158,"end":173,"username":"BottleRockNapa"},{"start":181,"end":195,"username":"mattnathanson"}]},"reply_settings":"everyone","public_metrics":{"retweet_count":0,"reply_count":0,"like_count":0,"quote_count":0},"created_at":"2020-09-11T01:26:59.000Z","text":"Win a #ButterDay! For you and 3 besties. A prize pack with #ButterChardonnay, Govinos, a Butter #Yeti cooler and more swag! Plus a virtual JaMSession to meet @BottleRockNapa artist @MattNathanson. ENTER TO #WIN! https://t.co/Tm9vgKeAvz","id":"1304229920424341505"},{"author_id":"97140567","lang":"en","source":"Twitter Web App","entities":{"hashtags":[{"start":6,"end":16,"tag":"ButterDay"},{"start":59,"end":76,"tag":"ButterChardonnay"},{"start":96,"end":101,"tag":"Yeti"},{"start":206,"end":210,"tag":"WIN"}],"urls":[{"start":212,"end":235,"url":"https://t.co/5rPjLkfqlA","expanded_url":"https://ul.ink/T0QJ-8TXRHT_T","display_url":"ul.ink/T0QJ-8TXRHT_T"}],"mentions":[{"start":158,"end":173,"username":"BottleRockNapa"},{"start":181,"end":195,"username":"mattnathanson"}]},"reply_settings":"everyone","public_metrics":{"retweet_count":0,"reply_count":0,"like_count":0,"quote_count":0},"created_at":"2020-09-10T18:17:00.000Z","text":"Win a #ButterDay! For you and 3 besties. A prize pack with #ButterChardonnay, Govinos, a Butter #Yeti cooler and more swag! Plus a virtual JaMSession to meet @BottleRockNapa artist @MattNathanson. ENTER TO #WIN! https://t.co/5rPjLkfqlA","id":"1304121714444361728"}],"meta":{"oldest_id":"1304121714444361728","newest_id":"1310959233161142272","result_count":100,"next_token":"7140dibdnow9c7btw3w0zzwuugpyhhn40zhxaafts98ag"}}